source_group,id,first_name,last_name,sex,age,city,country,home_town,relation,occupation,career,universities,schools,activities,interests,music,movies,tv,books,games,about,quotes,followers_count,groups
singerbar.moscow,7297,Lera,Grigoryeva,Женский,,Moscow,,,,Inditex,,,,,,,,,,,,,,
singerbar.moscow,167662,Anton,Bulavkin,Мужской,,Moscow,,,,"СПбГЭУ (ранее ФИНЭК, ИНЖЭКОН, СПбГУСЭ)",,,,,,,,,,,,,2941.0,"НОВАЯ МУЗЫКА — Популярные Песни; VK Музыка; КИНОБРО; Русское Радио; Bat Norton® Streetwear; Новая Музыка; Стас Ай, Как Просто!; Лучшая Музыка; Мужское Женское на Первом канале; Простор; Рик и Морти | Ждём 8 сезон; Deep House; F ▪ R ▪ I ▪ E ▪ N ▪ D ▪ S; Кураж-Бамбей; RUSSIAN MUSIC BOX; FUTURAMA / Футурама; Warner Music Russia; [Online Films]; Блудливая Калифорния | Californication; Звукорежиссёры"
singerbar.moscow,319200,Tatyana,Boyko,Женский,,,,Москва,4.0,Тайника,,МУ Туро,Школа № 53,,"Мистика, психология, философия, буддизм, Тибет, политика, эзотерика, юмор, общение, музыка, иностранные языки, вокал, рисование","Witch House, Hardcore, alternative rock, alternative, celtic, club, punk rock, cyberpunk rock, electronic, eurodance, grunge, house, instrumental, indie rock, metal, new age, pop, synthpop, pop rock, post-hardcore, psychadelic, techno, techno dance, trance, progressive trance. Adelitas Way, Armin Van Buuren, Bob Marley, Breaking Benjamin, Depeche Mode, Dj Tiesto, Emigrate, Fuzzion, Glamour of the Kill, Hi-Fi, Good Charlotte, Scooter, Hoobastank, Linkin Park, Nickelblack, Oasis, Paul Van Dyk, Red, Ronan Hardiman, Silverstein, Story of the Year, Sum 41, The Script, Trust Company, Zeromancer, Yann Tiersen, Сплин, БИ-2, Кукрыниксы","Butterfly effect, Трасса 60, Готика, Игры разума, Saw 1, 2, 3, 4, Mulholland Drive, Wild at heart, Twin peaks, Blue velvet, Lost highway, Куб, Куб 2, Куб 3, Исходный код, 13 этаж, Господин Никто, Вечное сияние чистого разума, Игра, Щепка",,"Макс Фрай ""Чужак"", ""Автостопом по галактике"", ""Средний пол"", ""Вирт"", Оскар Уайлд, Валерий Брюсов Рассказы, Анатолий Тосс ""Фантазии женщины средних лет"", ""Американская история"", Бернард Вербер ""Последний секрет"", ""Империя ангелов"", ""Мы, боги"", ""Дыхание богов"", ""Тайна богов"", ""Древо возможного и другие истории"", ""Наши друзья человеки"", ""Энциклопедия абсолютного и относительного знания"", Пелевин",,"Бывают моменты, когда ты готов отдать все ради кого-то. А бывает, что человек хочет найти того, кто отдаст все ради него. И чаще всего они находятся рядом, но не могут понять, что они готовы ради друг друга на все. 

А ведь достаточно всего лишь посмотреть в глаза, и все сразу станет ясно. 
В этих глазах ты утонешь. И ты никогда не захочешь подниматься на поверхность. Ведь в этих глазах ты чувствуешь себя в безопасности. Ведь именно этот взгляд, взгляд полный любви и понимания, является всем для тебя. 

И если ты нашел этот взгляд, то ты знай, это именно то, ради чего стоит жить. Жить ради друг друга. Жить ради вашей любви.","Счастье – верить, когда не верится,
И дышать из последних сил,
И так просто, по-детски надеяться,
Что действительно ты любим..

Улыбаться сквозь слезы отчаяния,
Возвращаться, уйдя навсегда
В разговоре бросить нечаянно
То, о чем бы молчали года…

Счастье – другу отдать последнее,
А взамен – ничего не просить..
И без слов попросить прощения.
И безудержно сильно любить.

Счастье – быть безрассудно искренним,
И о сказанном не жалеть,
И мечтать о чудесно-немыслимом..
И однажды простить суметь.

Счастье – в тех черно-белых клавишах,
И в той порванной как-то струне..
И в улыбках, что ты мне даришь,
В каждом прожитом мною дне…

Счастье – и в сентябре дождливом
Найти радужно-солнечный блик…
Счастье – сделать кого-то счастливым,
Хоть на самый короткий миг",2306.0,
singerbar.moscow,446819,Alexy,Sledopyt,Мужской,,Moscow,,,,министерство добрых дел,,,,,,,,,,,,,119.0,
singerbar.moscow,461487,Oleg,Rezepov,Мужской,,Moscow,,,,РСХБ.цифра,,,,,,,,,,,,,568.0,
singerbar.moscow,490745,Yury,Molchanov,Мужской,,Dmitrov,,,,ДФ АГТУ,,,,,,,,,,,,,,
singerbar.moscow,498120,Alexandra,Bachurina,Женский,35.0,Moscow,,,,,,,,,,,,,,,,,,
singerbar.moscow,584122,Katerina,Soul,Женский,,,,,,ЮУрГУ,,,,,,,,,,,,,,
singerbar.moscow,618819,Sergey,Lopatin,Мужской,,Saint Petersburg,,,,"СЗГМУ им. Мечникова (бывш. СПбГМА, СПбМАПО, ЛСГМИ) ",,,,,,,,,,,,,,
singerbar.moscow,629738,Snow,Skrim,Женский,,Moscow,,,,"МФПУ «Синергия» (бывш. МФПА, ММИЭИФП)",,,,,,,,,,,,,,
singerbar.moscow,634443,Pavel,Boychenko,Мужской,,Moscow,,,,Hard Light Films (HLfilms.ru),,,,,,,,,,,,,6929.0,
singerbar.moscow,732018,Tatyana,Khimicheva-Psikholog,Женский,,Moscow,,Москва,0.0,Самооценка | Отношения | Тревога Психолог Москва,,МГППУ,,,,,,,,,,Обрети свободу в рамках своей индивидуальности (с),2076.0,"Kate Mobile; Идеи дизайна интерьера; Лепра; Интерьер и декор; Своими руками. Новинки; Интересная планета - путешествия, туризм; Дзен; GAZ; Бизнес Инфо; ВКонтакте для бизнеса; Юла; KARA KROSS; ВКонтакте с авторами; Interior and Decor - Дизайн интерьера. Декор; Мода; Саморазвитие. Йога. Психология; journal minimalism; Samchuk_studio; ЙОГА; Прояснилось."
singerbar.moscow,743609,Yulia,Nikolaeva,Женский,,,,,,ОГУ,,,,,,,,,,,,,,
singerbar.moscow,755380,Yulia,Pozdnyakova,Женский,,Moscow,,,,DELUXE - туристическая компания,,,,,,,,,,,,,1167.0,
singerbar.moscow,835684,Alexandra,Vesennya,Женский,,Moscow,,,,,,,,,,,,,,,,,,
singerbar.moscow,885263,Anna,Khokhlova,Женский,,,,,,НИБ,,,,,,,,,,,,,,
singerbar.moscow,888323,Alexey,Globus,Мужской,,Moscow,,,,ВЕДОМОСТИ,,,,,,,,,,,,,,
singerbar.moscow,932287,Evgenia,Shevtsova,Женский,,Moscow,,,,Косметолог Евгения Шевцова. 12 лет в профессии.,,,,,,,,,,,,,3706.0,"ВКонтакте; Леонардо Дайвинчик; КиноКайф - Лучшие фильмы; ПРИКОЛЫ | Смеяка; ЁП; Я ★ КИНОМАН | Фильмы, сериалы, кино 2025; Фильмы 2025 Новинки кино онлайн Игра в кальмара; Корпорация зла; Литература | Великие поэты; Kate Mobile; MOTOR | Автомобили и ДТП; Бумажный кораблик; В приколе (18+); Достойные фильмы; Палата №6; БОРЩ; Фильмы; Сарказм; Лепра; ЧЕШУЯ"
singerbar.moscow,941134,Ivan,Kuschenko,Мужской,,Moscow,,,,ИНЭП,,,,,,,,,,,,,,
singerbar.moscow,954891,Kolya,Gagarin,Мужской,37.0,Moscow,,,,ГУЗ,,,,,,,,,,,,,871.0,"Я 🩷 КИНО; ЁП; Четкие Приколы; Ужасы и Триллеры 2025 | Лучшие фильмы ужасов; ТОПОР; ЯЖЕВОДИТЕЛЬ; Begin English. Английский язык для всех; Черный юмор; Лепрозорий; ЧБД; Лентач; ЗА РУЛЕМ; ПЛОХИЕ НОВОСТИ; ЯЖЕБАТЯ; 6 sec; Артемий Лебедев; ПЛОХИЕ НОВОСТИ 18+; Смотри, что я нашел на AliExpress; Видео Долбаёба; НОВЫЕ ФИЛЬМЫ"
singerbar.moscow,975834,Sergey,Korygin,Мужской,34.0,Moscow,,Москва,4.0,СПбГУКиТ,ART-MEDIA; ART-MEDIA,СПбГУКиТ,Школа № 1681,DJ и Звукорежиссер.,"Интересуюсь звуковым, световым и DJ оборудованием. Пользовался и досих пор пользуюсь программами: Virtual DJ PRO Traktor DJ Pro 2 Sound Forge Ну и конечно любимый Cubase 5 А вот по поводу оборудования, люблю продукцию Pioneer.",,,,,,Простой парень.,,496.0,НОВАЯ МУЗЫКА — Популярные Песни; КИНОМАНИЯ | Фильмы и сериалы; ЁП; Ужасы и Триллеры 2025 | Лучшие фильмы ужасов; НЕ ПОВЕРИШЬ!; ЯЖЕВОДИТЕЛЬ; IGM; СТС; Best Video; Сбер; Ларису Ивановну Хачу!; MARVEL/DC: Geek Movies; Юмор Шрёдингера; veydi_rush; 6 sec; ВАЖНЫЕ НОВОСТИ; AUTO; Современная хозяйка; Главная Дорога; ЗОЖ | Я САМ СЕБЕ ТРЕНЕР
singerbar.moscow,996680,Svetlana,Khilova,Женский,,Moscow,,,,,,,,,,,,,,,,,,
singerbar.moscow,1001680,Vitaly,Aristarkhov,Мужской,,Sarajevo,,Москва,1.0,Финансовый университет при Правительстве РФ (бывш. ФА при Правительстве РФ),,Финансовый университет при Правительстве РФ (бывш. ФА при Правительстве РФ),Востряковский лицей № 1,,,,,,,,,,6519.0,
singerbar.moscow,1014528,Lyubov,Shorina,Женский,,Moscow,,,,Universidad de Deusto – Deustuko Unibertsitatea,,,,,,,,,,,,,,
singerbar.moscow,1020585,Anyuta,Bolshakova,Женский,,Moscow,,,,МГУ,,,,,,,,,,,,,,
singerbar.moscow,1045655,Albina,Torr,Мужской,39.0,,,,,,,,,,,,,,,,,,,
singerbar.moscow,1074696,Alexander,Varskoy,Мужской,41.0,Moscow,,Арнем (Нидерланды),1.0,Funky Гольф,"Институт Политических Перспектив; Кончалтинговая компания ""Варской и партнёрши""; РАО ""Вольные кабельщики"" РСПАДМРФ; Управление президента РФ по развитию информационно-коммуникационных технологий и инфраструктуры связи; ",РУТ (МИИТ) (бывш. МГУПС Императора Николая II); МГИМО МИД России; НИТУ МИСИС; МГУ,Школа № 1605; Учебно-воспитательный комплекс № 1859; Школа № 1089 «Коллаж»; Школа № 100 (ныне шк. 1010); Гимназия № 1515; Школа № 131; Школа № 1560 «Лидер»,Продвижение гольфа в России,"politics, media, trading, history, tech, interstellar, golf, Гольф, FunkyGOLF","hans zimmer, harry gregson-williams, trevor rabin",Interstellar,"Тема, Час-Пик, Глас Народа",,,https://t.me.com/golfeus,,9425.0,ВКонтакте; Леонардо Дайвинчик; VK Музыка; Телеканал ТНТ; Бот Максим; Science|Наука; Интеллектуальный юмор; Знаете ли Вы?; Грубо? Простите.; Лентач; MORGENSHTERN; Читающие; Mash | Мэш; Вкусно — и точка; МТС; Шальная Императрица; Лихие 90-е; ВКонтакте с авторами; Литература; НАДЗОР
singerbar.moscow,1078342,Arseny,Salikhov,Мужской,,Moscow,,,,БОМЖ,,,,,,,,,,,,,873.0,
singerbar.moscow,1297267,Irina,Kravchenko,Женский,33.0,Moscow,,Москва,0.0,,,,,,,,,,,,,,528.0,ВКонтакте; Леонардо Дайвинчик; НОВАЯ МУЗЫКА — Популярные Песни; Идеи дизайна интерьера; Я тебя хочу; NR; Достойные фильмы; Палата №6; Психология человека; Лепра; Академия Порядочных Парней; 0% жирности; Science|Наука; Словарный запас; Begin English. Английский язык для всех; Школа ремонта; Лепрозорий; Интерьер и декор; Интеллектуальный юмор; КТО сверху
singerbar.moscow,1307100,Evgesha,Sabitov,Мужской,,Moscow,,"Шестая Зона, Дистрикт 12, Западный район (ну а вообще МСК)",1.0,KuroYuki | Birds&Works | Вороны и Совы |,; ,ИЖЛТ,Школа № 888,"Дрессировщик, косплеер, швея и просто хороший человек","Аниме, Манга, работа, попугаи, собаки, кошки, грызуны, крысы, рисование, литература, смысл жизни, Яой, Юри, дорамы, MLP, хищные птицы, вороны, совы, Гандам","Русский Рок - Ария, АлисА, Би-2, Агата Кристи, КиШ, Кино, Готика, Фолк, Lacrimosa, Subway to Sally, The Guests, Мельница, Тэм, Канцлер Ги, Айрэ & Саруман, Соундтрэки к Аниме, а так же J-Rock - Der en Grei, Gackt, D, Love Diving, Yama Pi, Yui, Hirano Aya, Kame","Фильмы: Сердце Дракона, Ворон., Вдох-Выдох, Тим Бертон  Аниме: Code Geass, Hellsing, Trinity Blood, Loveless, InuYasha, Bleach, Cat Soup, Death Note, Sailor Moon, Wolf's Rain, I My Me, Black Lagoon, Tactics, Когда плачут цикады, Боевой дворецкий Хаятэ, Nobuta wo Produce, Gokusen, Gundam (все части), Dance in the Vampire Bund, Baka to test, Kuroshitsuji, Durarara!, Weed, Minami-ke, Reborn, Kouchu Buranko, GansxSword, MLP, Ranpo Сериалы: Игра Престолов, AHS",,"""Преступление и Наказание"", ""Мастер и Маргарита"", ""Волшебник Земноморья"", ""Империя Ангелов"" и весь Бернард Вербер Руслан Галеев ""Каинов Мост"", ""Ночные стражи"", Поппи Брайт, ""Голодные Игры"", ""Бегущий в Лабиринте"", ""Филида"", ""ПЛиО""","Morrowind, Silent Hill, Rognarok, Reqiem, LiS","Рост - 168 см.
Вес варьируется от 40 до 45 кг в зависимости от времени года и состояния души

Страдаю раздвоением личности и обособлившейся самовлюблённостью.
Психопат... только умело это скрываю.

А ещё я мало доверяю людям, которые не выкладывают свои фотографии вКонтакт.
Это значит, им есть, что скрывать.
","Когда встречаются два яойщика - получается юри

Душа - это энергия, а по закону физики энергия не исчезает, а лишь переходит из одного тела в другое, следовательно, душа бессмертна

Ты пахнешь кровью и снегом (с) Мелкий

Ты нас убил! Я просил тебя не убивать, а ты убил! Всё равно убил... (с)

Если бы в этой жизни был смысл - не было бы смысла этот смысл искать

""Люди, которые боятся темноты, спят со включенным светом. - 
 Я боюсь одиночества. Поэтому сплю со включенной аськой.""

""На этих стенах я нарисовал целый мир ! Но мне все ещё НЕКОМУ его подарить"" (с) я

"" Алоис (23:41:10 29/09/2010)
ибать
а купить? тебе метра три надо
Габардин по 90 р за метр
Дей (23:41:31 29/09/2010)
На ботаничке?)
 Алоис (23:41:55 29/09/2010)
нет, бля, в моей жопе! Конечно на ботаничке, в моей жопе все намного дороже!""

""Смотри-не хочу! Нихуя не увидишь!"" (с) Хель

""Герр - это Алоис, который однажды вырастит"" (с) Я

Йа, мать вашу, гений! (с) Бельфегор

*Трахнул. Покурил"" (с) Фран

Да здравствует страна педрил, нам нет пути назад- мы будем весело дружить, любя друг друга в зад (с)

Я часть той Силы, что всегда
Творит Добро, желая Зла (с) Мефистофель

Счастливых концов не бывает. Если конец счастливый - это ещё не конец. (с) Гийом
",3090.0,Киномания ► Новинки мира кино; КИНОМАНИЯ | Фильмы и сериалы; Kate Mobile; ИМПЕРИЯ КИНО | НОВИНКИ 2025; Достойные фильмы; Палата №6; Леонардо - Бот Знакомства; Знакомства - Анонимный чат; YUMMY | ВКУСНЫЕ РЕЦЕПТЫ; Безопасность; Шедевры рукоделия; Smart - умный журнал!; Приятная жесть; Эзотерика; Ужасы | Фильмы ужасов | Страшные истории; Fandom | MARVEL/DC/MOVIES; Инди Кот и Клубок Судьбы; Страшные истории; Кулинарные Хитрости| Вкусные рецепты; КОМИКСЫ
singerbar.moscow,1389647,Seryoga,Reunov,Мужской,37.0,Moscow,,,,,,,,,,,,,,,,,261.0,
singerbar.moscow,1446336,Maxim,Pastukhov,Мужской,,Moscow,,,,Мирбис,,,,,,,,,,,,,1644.0,
singerbar.moscow,1447534,Maria,Ivanova,Женский,36.0,Moscow,,Город на семи ветрах,0.0,УлГУ (бывш. филиал МГУ),,УлГУ (бывш. филиал МГУ),Городской лицей при УлГТУ,,,,,,,,В поисках прекрасного. . .,"""Говори, что думаешь...и думай, что говоришь"" (с) Трасса 60

""Дождь не может быть вечным"" (с) Ворон

""Каждый взгляд в душе оставит след...Каждый шаг ведет к черте ответа"" (с) гр. Артерия

Это не страх - это адреналин! (с) Ведьма Дженис

А вдруг папарацци?:))  (с)  ~ArtDiva~ =))))",1835.0,
singerbar.moscow,1452350,Elize,El,Женский,,Moscow,,,,РГСУ,,,,,,,,,,,,,,
singerbar.moscow,1487528,Evgeny,Reva,Мужской,38.0,Moscow,,,,,,,,,,,,,,,,,,
singerbar.moscow,1492099,Tatyana,Yakushkina,Женский,,Moscow,,,,Финансовый университет при Правительстве РФ (бывш. ФА при Правительстве РФ),,,,,,,,,,,,,1496.0,
singerbar.moscow,1512553,Viktoria,Nyrkova,Женский,,,,,,МИБД,,,,,,,,,,,,,,
singerbar.moscow,1518966,Viktoria,Mosenko,Женский,35.0,Moscow,,,,РГТЭУ,,,,,,,,,,,,,563.0,"ВКонтакте; КиноКайф - Лучшие фильмы; Идеи дизайна интерьера; ЧЕШУЯ; Записки шеф-повара; Квартирный Вопрос; Мир Discovery; E.squire; ЗВЁЗДНЫЕ ТАНЦЫ; Дети, родители и педагоги; Зайка Развивайка; ИКЕА Россия; Продвинутая мама; Я  МАМА!™ Дети. Семья; KUDAGO: Москва; 1000 Идей маникюра | Дизайн ногтей; Gepur; Супер Мама - семья, беременность, дети; Сама Меньшова; Интересная Москва"
singerbar.moscow,1519622,Roma,Novikov,Мужской,34.0,Moscow,,,,МАДИ (ГТУ),,,,,,,,,,,,,299.0,Телеканал ТНТ; НОВОСТИ СВЕРХДЕРЖАВЫ!; ЧБД; Публичный дом.; Интересная Москва 𝄞 VPN; Английский для лентяев; НАС НЕ ПОБЕДИТЬ !; доброта; Вы выросли в 90-00е если...; Любители Клубной жизни; MAD; Fabric13Place | CONCEPT STORE | мужская одежда; Психоанализ с Люсей; За традиционные ценности (ex. ВОГ); Ленинград; Спартак-МОСКВА!; Стритбаскет Россия / Streetbasket Russia; Basket Nation; Metal_Loft; Студии красоты Санкт-Петербурга
singerbar.moscow,1523016,Yury,Sofronov,Мужской,38.0,Moscow,,,,,,,,,,,,,,,,,402.0,"Музыка; Приходи, фильм посмотрим; Джентльмен Club; Артемий Лебедев; Мой дом. Санкт-Петербург; Телеканал Царьград; Forbes; Pro Ремонт; ВЕДОМОСТИ; The Gentleman; Мужская психология.; LIFE IS TRAVEL - журнал о путешествиях; Думай!; НА СПОРТЕ | Тренировки | Самооборона; Москва Live; Чёрно-белая фотография; ЛУЧШИЕ ФИЛЬМЫ СО ВСЕГО МИРА; Душевное Кино; События Москвы; ИМПЕРИЯ КИНО"
singerbar.moscow,1531823,Yury,Babayan,Мужской,,Moscow,,Москва,1.0,РЭА им. Г. В. Плеханова,,РЭА им. Г. В. Плеханова,Школа № 899,,"Алкоголь, рок!",,,,,,,,623.0,"Наука и Техника; Убойные приколы; Черный юмор; Смешно До Боли ツ; Интеллектуальный юмор; Знаете ли Вы?; ОСТРОУМНЫЕ; Тонкий юмор; Интересная планета - путешествия, туризм; Тысяча чертей, какая татуировка!; Smart - умный журнал!; Психология; Psychology|Психология; Идеи татуировок; Интересные факты и тайны; ФК БАРСЕЛОНА ∞ FC BARCELONA; МИР ПОЗИТИВА; Юмор категории Б; Читающие; Сарказм"
singerbar.moscow,1605164,Constantine,Popov,Мужской,,Moscow,,,,Telinter,,,,,,,,,,,,,,
singerbar.moscow,1641375,Valery,Sokolov,Мужской,52.0,Moscow,,,,МГУС / РГУТиС (бывш. МТИ),,,,,,,,,,,,,,
singerbar.moscow,1659665,Irina,Poletaeva,Женский,,Moscow,,,,Школа №338,,,,,,,,,,,,,4040.0,
singerbar.moscow,1682737,Svetlana,Vosk,Женский,,,,,0.0,,,,,,,,,,,,,,82.0,"Москва Бесплатная; МногоМама | Центр помощи многодетным семьям; Обучение детей с РАС (ЗПР, УО) в школе; Esthétique Moscow (Интересные места Москвы); Доступный досуг для льготников Москвы и МО; Ищу модель Москва; Университет Льва Толстого; Студенты ТГПУ им Л. Н. Толстого; Додо Пицца Щербинка / ст.Бутово, Зап.Бирюлево; ДВОРЕЦ КУЛЬТУРЫ Г.О. ЩЕРБИНКА В Г. МОСКВЕ; Настольные игры • Подольск • ТФ; Singer - караоке, бар, ресторан в Москве; Ресторан-караоке Cosmo | Щербинка; Вадим#вставай и иди!!!; ""МозгоМания"" - квиз-шоу в Щербинке"
singerbar.moscow,1690180,Anna,Nikulina,Женский,,Moscow,,,,РЭУ им. Г. В. Плеханова,,,,,,,,,,,,,249.0,
singerbar.moscow,1733987,Nadya,Sholokhova,Женский,,Moscow,,,,SUNLIGHT / Санлайт,,,,,,,,,,,,,333.0,
singerbar.moscow,1765939,Alexey,Nikiforov,Мужской,,Moscow,,平川市,1.0,СМУ-12 Метростроя,"Мета+; BS Graphics; Кипс-2, Радиус-М; клуб Красная Шапочка, Каприз; Megapolis FM, Fashion TV Russia; ВНИИЖТ; СМУ-12 Метростроя",МГУПС-МИИТ,Школа № 1282 «Сокольники»,,"книги, кино, интернет, компьютеры, мобильники, кельтская музыка, Linux, Япония","раньше был фанатом Queen, сейчас считаю, что в любом стиле у любой команды есть взлёты и падения - идеально плохих, равно как и идеально хороших не существует","""Считанные секунды"", (Детектив Стоун), ""Кровь Героев"", Рутгер Хауэр",Takeshi's Castle,"Терри Пратчетт, ""Мор ученик смерти""",,,"""...улыбайтесь, господа улыбайтесь! Серьёзное лицо - не признак ума, ведь именно с этим выражением лица делаются все глупости на свете...""",1027.0,"КиноКайф - Лучшие фильмы; Я ★ КИНОМАН | Фильмы, сериалы, кино 2025; NETFLIX VK | Новинки кинo, сериалы, фильмы 2025; Фильмы 2025 Новинки кино онлайн Игра в кальмара; Наука и Техника; HD Кино - Фильмы онлайн 2025; Интересные факты; Палата №6; С нами стыдно, зато весело!; Ужасы и Триллеры 2025 | Лучшие фильмы ужасов; Сарказм; Лепра; Food.ru — Любимая кухня страны; Хитрости жизни; Begin English. Английский язык для всех; Лепрозорий; Интеллектуальный юмор; AliExpress; Наука, Техника и Нейросети; Шедевры Кино | Фильмы 2025 |  | Новые Фильмы"
singerbar.moscow,1768323,Anna,Alexeeva,Женский,,Moscow,,,0.0,ДНУ им. Олеся Гончара,ИнсолТелеком,ДНУ им. Олеся Гончара,Днепровский лицей информационных технологий (ЛИТ),,фрррранцузский,,,,,,,,217.0,
singerbar.moscow,1777927,Kristina,Logatskaya,Женский,,Moscow,,,,JAPONICA,,,,,,,,,,,,,4366.0,"Я 🩷 КИНО; Киномания ► Новинки мира кино; NETFLIX VK | Новинки кинo, сериалы, фильмы 2025; Литература | Великие поэты; Телеканал ТНТ; Идеи дизайна интерьера; Наука и Техника; Психология отношений; Ужасы и Триллеры 2025 | Лучшие фильмы ужасов; БОРЩ; Чёткие приколы; ЧЕШУЯ; Шедевры кулинарии| Вкусные рецепты; Я хочу...; Золотые руки | Строительство и ремонт; Психология; Фабрика идей; Хитрости жизни; Словарный запас; 90-60-90 | Спортивные девушки"
singerbar.moscow,1779955,Galina,Belyakova,Женский,38.0,Moscow,,,,Транслом,,,,,,,,,,,,,,
singerbar.moscow,1783940,Anita,Sapozhnikova,Женский,,Moscow,,,,VP Group,,,,,,,,,,,,,2486.0,"КИНОМАНИЯ | Фильмы и сериалы; Я ★ КИНОМАН | Фильмы, сериалы, кино 2025; NETFLIX VK | Новинки кинo, сериалы, фильмы 2025; HD Кино - Фильмы онлайн 2025; Рецепты l В домашних условиях l На зиму; Достойные фильмы; Палата №6; Ужасы и Триллеры 2025 | Лучшие фильмы ужасов; Я в шоке!; Food.ru — Любимая кухня страны; Простые рецепты; Просто Вкусно; Лайфхакерша; Prank Time; Своими руками. Новинки; SOKOLOV; ачё); Шедевры рекламы; Прически | Стрижки 💇 Окрашивания; Тысяча чертей, какая татуировка!"
singerbar.moscow,1785416,Anna,Klimusheva,Женский,,Moscow,,,,,,,,,,,,,,,,,,
singerbar.moscow,1840526,Maxim,Sorokin,Мужской,,Moscow,,,0.0,,,,,,,,,,,,,,800.0,
singerbar.moscow,1896805,Lyubov,Kutuzova,Женский,,Moscow,,,,МГППУ | Психолого-педагогический университет,,,,,,,,,,,,,462.0,
singerbar.moscow,1910743,Anna,Gagarina,Женский,,Moscow,,,,Сеть клиник МЕДСИ,,,,,,,,,,,,,,
singerbar.moscow,1911080,Angelique,Kercovski,Женский,,Moscow,,,0.0,,,,,,,,,,,,,,9739.0,ВКонтакте; Я 🩷 КИНО; Литература | Великие поэты; ИМПЕРИЯ КИНО | НОВИНКИ 2025; Рецепты l В домашних условиях l На зиму; 5 умных мыслей; Лучшие Комедии 2025; НЕ ПОВЕРИШЬ!; Фильмы; Лучшие Мультфильмы 2025 | Мультики; 5 интересных фактов; Золотые руки | Строительство и ремонт; Шпильки | Женский Журнал; Food.ru — Любимая кухня страны; Словарный запас; СТС; НОВОСТИ СВЕРХДЕРЖАВЫ!; Своими руками. Новинки; Статусы цитаты; Вульгарные
singerbar.moscow,1931147,Vyacheslav,Brezhnev,Мужской,,Moscow,,,,РХТУ им. Менделеева,,,,,,,,,,,,,,
singerbar.moscow,1982498,Anna,Khvostova,Женский,32.0,Moscow,,,,РГСУ,,,,,,,,,,,,,1162.0,
singerbar.moscow,2014020,Vadim,Milekhin,Мужской,,Moscow,,,,"ВИА ""Крапива""",,,,,,,,,,,,,8319.0,"НОВАЯ МУЗЫКА — Популярные Песни; VK Музыка; Сарказм; RECORD; Безопасность; Шедевры рекламы; Фильмы, основанные на реальных событиях; Первый канал; Моя квартира; ВКонтакте для бизнеса; Битва Экстрасенсов; ВКонтакте с авторами; Телеканал РОССИЯ 1; Смотри, что я нашел на AliExpress; Vandrouki | Путешествия почти бесплатно (RU); Голос; СПОРТИВНАЯ БИБЛИОТЕКА | musclemorph; Вокруг света; Ольга Серябкина; Гусь Гагарик"
singerbar.moscow,2141048,Anna,Golikova,Женский,,Moscow,,Электрогорск,1.0,МГУПС (МИИТ),,МГУПС (МИИТ),Лицей (бывш. шк. 15),,ЖИЗНЬ,,,,,,"Can you touch a moonlight? 
Or to see a song of a bluebird? 
She’s a native rare flower, fragile, charming, tender. 
She’s that kind of girl, that seems like a mirage, a vision. 
So fragile and gentle.
She brings а little bit of  magic to the world.
",,325.0,
singerbar.moscow,2181406,Maria,Garbuzova,Женский,,,,,,,,,,,,,,,,,,,1105.0,
singerbar.moscow,2186108,Makh,Ask,Мужской,,Moscow,,,,Минздрав Московской области,,,,,,,,,,,,,,
singerbar.moscow,2191778,Nikita,Guliev,Мужской,38.0,Moscow,,Москва,4.0,SINGER bar,Чердак; Barbados; Shishas Sferum Bar; ; ; MARKETMONKS; SINGER bar,Академия МНЭПУ,Классическая православная гимназия св. прав. Иоанна Кронштадтского,"Marketing, CMO (Chief Marketing Officer) MARKETMONKS. Комплексный маркетинг для бизнеса в сфере HORECA, TRADING, SERVICES. Консалтинг, Digital, Analytic, Audit.","Спорт, кино, литература, саморазвитие, культура.","Blues, Jazz, Soul, Rock, Hip-Hop.",80-90е,,"Хемингуэй, Ремарк, Гоголь, Булгаков","Баскетбол, Покер, Монополия, Скраббл",Самурай-монах,"Что нас не убьет, сделает нас сильнее!
Ф. Ницше

Намерение воина сильнее любых препятствий..
К. Кастанеда",5237.0,"КиноКайф - Лучшие фильмы; Я 🩷 КИНО; КИНОМАНИЯ | Фильмы и сериалы; Я ★ КИНОМАН | Фильмы, сериалы, кино 2025; NETFLIX VK | Новинки кинo, сериалы, фильмы 2025; Смейся до слёз :D; Четкие Приколы; ИМПЕРИЯ КИНО | НОВИНКИ 2025; HD Кино - Фильмы онлайн 2025; БОРЩ; Анонимный Чат - Бот Знакомства; Фильмы; Сарказм; RECORD; Убойный юмор; 0% жирности; Food.ru — Любимая кухня страны; Словарный запас; Черный юмор; Школа ремонта"
singerbar.moscow,2223225,Alyona,Banchik,Женский,36.0,Moscow,,,,ИМСГС,,,,,,,,,,,,,295.0,
singerbar.moscow,2251223,Olga,Shashko,Женский,,Moscow,,Москва,0.0,Финансовый университет (ФА)  при Правительстве РФ,,Финансовый университет (ФА)  при Правительстве РФ,Школа № 479 им. маршала В. И. Чуйкова,,,,,,,,,,458.0,
singerbar.moscow,2251641,Dmitry,Zagrunsky,Мужской,36.0,Moscow,,,0.0,МГУКИ,,МГУКИ,Школа № 732,,,,,,,,,,940.0,"ВКонтакте; Леонардо Дайвинчик; Я 🩷 КИНО; ЁП; NETFLIX VK | Новинки кинo, сериалы, фильмы 2025; Фильмы 2025 Новинки кино онлайн Игра в кальмара; VK Музыка; MOTOR | Автомобили и ДТП; Наука и Техника; МХК; В приколе (18+); Рифмы и Панчи; NR; Палата №6; Леонардо - Бот Знакомства; БОРЩ; НЕ ПОВЕРИШЬ!; Лепра; ТОПОР; Леонардо - Чат Знакомства"
singerbar.moscow,2256868,Anna,Larina,Женский,,,,,,МГГУ (бывш. МГОПУ) им. Шолохова,,,,,,,,,,,,,211.0,"Киномания ► Новинки мира кино; КИНОМАНИЯ | Фильмы и сериалы; ЁП; Я ★ КИНОМАН | Фильмы, сериалы, кино 2025; NETFLIX VK | Новинки кинo, сериалы, фильмы 2025; Корпорация зла; Идеи дизайна интерьера; Интересные факты; О блин! - Где блин? - Вон блин!; Science|Наука; Интеллектуальный юмор; Знаете ли Вы?; Клуб Молодых Мам (КММ); Подслушано – Здесь говорят о тебе; MARVEL/DC: Geek Movies; Кинопоиск; Маникюр | Ногти; Родители и педагоги! Наши дети; КФ; Пятёрочка"
singerbar.moscow,2306378,Natalia,Volnova,Женский,,Moscow,,,,,,,,,,,,,,,,,,
singerbar.moscow,2319904,Ksenia,Skorokhodova,Женский,,,,,,МФЮА,,,,,,,,,,,,,490.0,"КиноКайф - Лучшие фильмы; Я 🩷 КИНО; КИНОМАНИЯ | Фильмы и сериалы; Я ★ КИНОМАН | Фильмы, сериалы, кино 2025; NETFLIX VK | Новинки кинo, сериалы, фильмы 2025; Фильмы 2025 Новинки кино онлайн Игра в кальмара; Литература | Великие поэты; ИМПЕРИЯ КИНО | НОВИНКИ 2025; HD Кино - Фильмы онлайн 2025; Красиво сказано . . .; Интересные факты; Бумажный кораблик; Рецепты l В домашних условиях l На зиму; Наша правда!; Лучшие рецепты Повара; 5 умных мыслей; Лучшие Комедии 2025; Психология человека; НЕ ПОВЕРИШЬ!; Фильмы"
singerbar.moscow,2349551,Alexander,Alexander,Мужской,,Saint Petersburg,,,,МИПК РЭУ им. Г. В. Плеханова,,,,,,,,,,,,,,
singerbar.moscow,2376979,Marina,Demesheva,Женский,,Moscow,,MoscoW ciTy,4.0,МГУ,,МГУ; МПСУ (бывш. МПСИ),Школа № 838,,,,,,,,,,518.0,
singerbar.moscow,2387246,Elena,Ilyushina,Женский,,Moscow,,Москва,4.0,,,,,,,,,,,,,,2216.0,"ВКонтакте; КиноКайф - Лучшие фильмы; ПРИКОЛЫ | Смеяка; КИНОМАНИЯ | Фильмы и сериалы; Я ★ КИНОМАН | Фильмы, сериалы, кино 2025; КЕКС; Наука и Техника; Красиво сказано . . .; Интересные факты; МХК; Бумажный кораблик; Убойные приколы; НЕ ПОВЕРИШЬ!; Анонимный Чат - Бот Знакомства; ЧЕШУЯ; Лучшие Мультфильмы 2025 | Мультики; Леонардо - Чат Знакомства; LIVE; Фабрика идей; Женские Хитрости | Лайфхакерша"
singerbar.moscow,2396633,Pasha,Vereschagin,Мужской,,Moscow,,"Симферополь, Москва, Монако",1.0,Караоке-клуб Ля Музон,,,Школа № 10,"Художник по звуку, фантазер...","Я не доктор, но посмотреть могу.",,Даун Хаус,,Техническая литература,"«Ваш мальчик – не «олимпиадный». Сказала учительница математики классе в 8-ом. Похоже, меня это задело… Ах, эти детские комплексы! :-) Наверное, поэтому мне пришлось еще стать отличным любовником","Паша давно не обновлял данные о себе, он прийдет в понедельник и что-нибудь напишет.",,1335.0,"ВКонтакте; Я 🩷 КИНО; КИНОМАНИЯ | Фильмы и сериалы; Я ★ КИНОМАН | Фильмы, сериалы, кино 2025; Фильмы 2025 Новинки кино онлайн Игра в кальмара; Kate Mobile; Наука и Техника; Достойные фильмы; Лучшие Комедии 2025; Фильмы; НЕНОРМАЛЬНО; ТОПОР; Золотые руки | Строительство и ремонт; Европа Плюс; Сбер; Наука, Техника и Нейросети; Музыка; МАТЧ ТВ; ЧБД; Заброшенное"
singerbar.moscow,2412019,Olya,Olya,Женский,,Moscow,,,,МГЭИ,,,,,,,,,,,,,,
singerbar.moscow,2436331,Anna,Makridi,Женский,37.0,,,,,,,,,,,,,,,,,,471.0,
singerbar.moscow,2474416,Yulia,Nikolskaya,Женский,,Moscow,,,,МЭСИ,,,,,,,,,,,,,192.0,
singerbar.moscow,2476255,Katerina,Belaya,Женский,,Moscow,,,,KATE WHITE | ХУДОЖНИК | 2D ARTIST,,,,,,,,,,,,,3862.0,ВКонтакте; Леонардо Дайвинчик; Я 🩷 КИНО; MDK; Наука и Техника; Я тебя хочу; Палата №6; Лепра; 5 интересных фактов; Леонардо - Чат Знакомства; Лепрозорий; Новинки кино; 90-60-90 | Спортивные девушки; Просто Вкусно; Маникюр 2025 | Дизайн ногтей; На все руки; Маникюр | Ногти | Педикюр | 2025; Идеи для творчества и подарков своими руками; Шедевры рекламы; Дзен
singerbar.moscow,2499019,Anna,Vasilyeva,Женский,38.0,Moscow,,,,школа №779,,,,,,,,,,,,,1130.0,
singerbar.moscow,2519351,Pavel,Chmutov,Мужской,43.0,Moscow,,,,ИСИ,,,,,,,,,,,,,352.0,КиноКайф - Лучшие фильмы; Я 🩷 КИНО; Киномания ► Новинки мира кино; Фильмы 2025 Новинки кино онлайн Игра в кальмара; ИМПЕРИЯ КИНО | НОВИНКИ 2025; HD Кино - Фильмы онлайн 2025; Я в шоке!; Знаете ли Вы?; История|History; LIFE.ru; Лихие 90-е; Раневская.LIVE; НОВИНКИ КИНО 2025 НОВЫЕ ФИЛЬМЫ; ПЛОХИЕ НОВОСТИ; MirFactov - все самое интересное!; НОВОСТИ КИНО | ЗА КАДРОМ; НОВИНКИ КИНО ★ НОВЫЕ ФИЛЬМЫ; Netflix VK | Кино Сериалы Фильмы; Это интересно!; РЕН ТВ | Новости
singerbar.moscow,2556173,Dasha,Mayhem,Женский,,Moscow,,,,Яндекс,,,,,,,,,,,,,835.0,"Как я встретил столбняк; Виктория Складчикова; Mobile Legends: Bang Bang; Reddit; Смотри, что я нашел на AliExpress; KUDAGO: Москва; RADIO TAPOK; Женский стендап; Яндекс; Карина Мейханаджян; Stand Up Central | Стендап Централ; Заметки детского врача; Random Art; Фестиваль подарков; Заброшенные города мира; Журнал «Код»; NEVEREND; Сауле Юсупова; Дикая Мята; Legenti Jewellery | Кольца из титана, украшения"
singerbar.moscow,2649342,Andreas,Sandals,Мужской,40.0,Moscow,,Москва,0.0,LET'S GO PARTY WITH US !!!,,МГАХ,Церковно-приходская школа № 1 им. Победоносцева,От рода деятельности будет и деятельность!,Разносторонние,,,,,ПРЯТКИ С ЧУВСТВАМИ!!!!!,,,2336.0,
singerbar.moscow,2670716,Artem,Yakovlev,Мужской,33.0,Moscow,,,,Brandshop.ru,,,,,,,,,,,,,,
singerbar.moscow,2672771,Elizaveta,Mescherinova,Женский,,Khimki,,,,МИМЭМО (бывш. МИМЭО),,,,,,,,,,,,,,
singerbar.moscow,2686062,Antonina,Yakubova,Женский,,Moscow,,,,Музыка Первого,,,,,,,,,,,,,,
singerbar.moscow,2690675,Bad Boy,Show,Мужской,,Moscow,,Москва,1.0,,,,,,,,,,,,,,5261.0,
singerbar.moscow,2705158,Maybe,Lilu,Женский,31.0,Moscow,,,,РГУП (бывш. РАП),,,,,,,,,,,,,,
singerbar.moscow,2720064,Yulya,Kusakina,Женский,,Moscow,,,,Московский областной суд,,,,,,,,,,,,,,
singerbar.moscow,2751111,Svetlana,Kurkova,Женский,,Moscow,,Москва,1.0,Индивидуальный предприниматель,; Агентство недвижимости и оформления ипотеки; ; ; ,ИМЭ им. Горячкина РГАУ-МСХА им. Тимирязева (бывш. МГАУ им. Горячкина),Школа № 263,,,Cafe del mar,"The Secret, Love Actually",Comedy Club,"Клаус Дж Доул ""жизнь полная любви- посланник""",,позитивная,"Когда к нам всем идет удача, наш мир становиться богаче",1469.0,HD Кино - Фильмы онлайн 2025; Лучшие рецепты Повара; Простые рецепты; Словарный запас; Просто Вкусно; VK Фитнес; Откровенно женский; На все руки; Я же сама архитектор; САЛАТЫ | Лучшие рецепты; Легкие рецепты; Читающие; Слова Великих людей; Школа кулинарии | Вкусные рецепты; Виктория Складчикова; Книги; МТС; Находчивый Автолюбитель; Эзотерика; Диетические рецепты
singerbar.moscow,2759625,Olga,Osyko,Женский,,Moscow,,Москва,1.0,,,,,"Студентка, школы Лакшми! Самой крупной астрологической школы в России и СНГ!","Астрология🌅, Джаз🎷, Личностный рост🚀, саморазвитие🌐, природа🌹🍁🌞, искусство🎎, вокал🎤, здоровье❤, красота🌼, здоровый образ жизни🍍, танец💃, хастл👫🏆.","Джаз, классика и др.",,,,,,,2920.0,"Леонардо Дайвинчик; На все руки; Читающие; Необычный гороскоп; Эзотерика; Философия | Эзотерика | Психология; Анонимный чат бот; Дом рукоделия. Handmade, дизайн и декор; BRAIN; Читающие; Дoмaшниe xитpocти; Правильное Питание|Шедевры Кулинарии; Личный повар; Саморазвитие. Йога. Психология; Домашний уют | Своими руками; Философия Жизни; Образовательный журнал со вкусом; ЙОГА; Рынок Садовод; ДЕТСКИЕ ПОДЕЛКИ"
singerbar.moscow,2834724,Valery,Valeryevich,Мужской,,Moscow,,,,,,,,,,,,,,,,,414.0,
singerbar.moscow,2873344,Tatyana,Dementyeva,Женский,33.0,Moscow,,,,МИИТ,,,,,,,,,,,,,,
singerbar.moscow,2892962,Elena,Goncharova,Женский,39.0,Moscow,,,,ELENA GOLD (Елена Гончарова) Singer,,,,,,,,,,,,,,
singerbar.moscow,2947123,Lilia,Krupina,Женский,,Moscow,,,,МИМЭМО (бывш. МИМЭО),,,,,,,,,,,,,,
singerbar.moscow,2947184,Elena,Bolotnikova,Женский,,Moscow,,,,МФЮА,,,,,,,,,,,,,1763.0,Корпорация зла; Красиво сказано . . .; Рецепты l В домашних условиях l На зиму; Лучшие рецепты Повара; Чёткие приколы; Леонардо - Чат Знакомства; Золотые руки | Строительство и ремонт; Идеи вашего дома; СТС; Школа ремонта; ♔ Счастье ♔; Знаете ли Вы?; Просто Вкусно; VK Фитнес; Салон красоты; YUMMY | ВКУСНЫЕ РЕЦЕПТЫ; Мир Кино; 40 КГ; SOKOLOV; Омар Хайям и другие великие философы
singerbar.moscow,3024454,Maxim,Gorelikov,Мужской,40.0,Moscow,,,,РТХЛ ТВ.,,,,,,,,,,,,,1916.0,Топ Новинки Музыки 2025 !; Первый канал; ЖИТЬ; Женские секреты; Битва Экстрасенсов; ВКонтакте с авторами; Фильмы / Кино / Киномания онлайн; Дурь; ● Женские Мысли ●; Уголок Дизайна - о ремонте и не только!; Голос; Комсомольская правда - KP.RU; Путь души; Новости Первого канала; ВЕСТИ; Голос. Дети; Телеканал Царьград; Удивительный мир; RUTUBE; Психоанализ
singerbar.moscow,3069382,Nadezhda,Afanasyeva,Женский,37.0,Moscow,,,,GSR,,,,,,,,,,,,,585.0,
singerbar.moscow,3090525,Tatyana,Rozhdestvina,Женский,,Moscow,,,,МПГУ (бывш. МГПИ им. Ленина),,,,,,,,,,,,,782.0,
singerbar.moscow,3112590,Svetlanochka,Tsvetkova,Женский,,Moscow,,Moscow,4.0,Мастерская Фантазия,,,,PERSONALITA 'CREATIVA  (in cerca di se stessa),"DESIGN ART, Lingua italiana e Alimentari","джаз, reggae tango latino",,,Creative libri creativi interessanti su artisti e creativ,,,,537.0,
singerbar.moscow,3236017,Edvard,Yazburskis,Мужской,,Moscow,,,,Московский университет потребительской кооперации,,,,,,,,,,,,,,
singerbar.moscow,3330689,Alexander,Kulbatsky,Мужской,56.0,Moscow,,Москва,0.0,ТИИИМСХ,,ТИИИМСХ,Школа № 2 им. Горького,,,,,,,,,,1043.0,Киномания ► Новинки мира кино; КИНОМАНИЯ | Фильмы и сериалы; ИМПЕРИЯ КИНО | НОВИНКИ 2025; Золотые руки | Строительство и ремонт; Begin English. Английский язык для всех; Сбер; Психология о жизни; Английский каждый день | Endaily; ТАРО & ГОРОСКОП; Just Music | Новинки Музыки | Знаменитости; Интересная Москва 𝄞 VPN; Визуальный английский | English; Just English; Readovka; Синьхуа Новости | Xinhua News; English | Английский язык; Вселенная Кино; РБК; Моя обстановочка; USA. США. Английский язык - Всё об Америке
singerbar.moscow,3337035,Egor,Krylov,Мужской,35.0,,,,,МГУПП,,,,,,,,,,,,,,
singerbar.moscow,3350630,Vita,Bravo,Женский,,,,,0.0,МГУ,,МГУ,Церковно-приходская школа № 1 им. Победоносцева,,,,,,,,,,708.0,
singerbar.moscow,3355469,Anton,Lavrov,Мужской,32.0,Ukhta,,,,УГТУ (бывш. УИИ),,,,,,,,,,,,,,
singerbar.moscow,3369293,Elena,Kiselyova,Женский,,,,,,ГУУ,,,,,,,,,,,,,,
singerbar.moscow,3387633,Daniela,Bobkova,Женский,,Moscow,,,,,,,,,,,,,,,,,727.0,"Наша правда!; Vandrouki | Путешествия почти бесплатно (RU); Голос; доброта; USA. США. Английский язык - Всё об Америке; Москва. Главное!; Радио 7 на семи холмах; Mail; Befree; Bolshoi Theatre of Russia / Большой театр России; Тутта Ларсен; Подслушано у программиста; Всё о Москве; ILONA LUNDEN — то, что тебе необходимо!; Работа Кастинги Подработка; Мария Зайцева; Мир Квестов; Cappella | всё о вокале; НУ-КА, ВСЕ ВМЕСТЕ!; Вакансии для переводчиков. Ваквак!"
singerbar.moscow,3389823,Ilya,Yuryev,Мужской,36.0,Moscow,,,,МосГУ,,,,,,,,,,,,,,
singerbar.moscow,3403273,Natalya,Bulgakova,Женский,,Moscow,,,,ВИУ,,,,,,,,,,,,,,
singerbar.moscow,3409014,Irinka,Golubeva,Женский,38.0,Moscow,,,,МЭИ (ТУ),,,,,,,,,,,,,1964.0,
singerbar.moscow,3515541,Ekaterina,Serzhantova,Женский,,Moscow,,,,,,,,,,,,,,,,,,
singerbar.moscow,3548357,Dmitry,Tyurin,Мужской,,Barvikha (poselok),,,,ИНЭП,,,,,,,,,,,,,344.0,
singerbar.moscow,3640960,Olga,Kochkina,Женский,35.0,Moscow,,,,МИИТ,,,,,,,,,,,,,,
singerbar.moscow,3658398,Maxim,Www,Мужской,,Amsterdam,,,,Hogeschool van Amsterdam - HvA,,,,,,,,,,,,,111.0,
singerbar.moscow,3689002,Petr,Stromko,Мужской,,Moscow,,,,,,,,,,,,,,,,,657.0,
singerbar.moscow,3709133,Nikolay,Nikolaev,Мужской,,,,,,,,,,,,,,,,,,,347.0,
singerbar.moscow,3801231,Alyona,Milovskikh,Женский,,,,,,"СГАКИ
",,,,,,,,,,,,,,
singerbar.moscow,3930172,Anna,Valueva,Женский,,Moscow,,,,А&О лайтинг Рус,,,,,,,,,,,,,,
singerbar.moscow,3938450,Vera,Preobrazhenskaya,Женский,,Moscow,,,,есть,,,,,,,,,,,,,,
singerbar.moscow,3972629,Dima,Kasyanov,Мужской,34.0,Moscow,,,,Типография,,,,,,,,,,,,,909.0,
singerbar.moscow,4067114,Anna,Potomuchto,Женский,,Moscow,,,,,,,,,,,,,,,,,,
singerbar.moscow,4082887,Bad,Joker,Мужской,38.0,Moscow,,,,МГАКХиС (ВЗИСИ),,,,,,,,,,,,,2285.0,
singerbar.moscow,4084055,Dina,Dylevskaya,Женский,,Moscow,,,,,,,,,,,,,,,,,2369.0,Леонардо Дайвинчик; НОВАЯ МУЗЫКА — Популярные Песни; ЁП; Телеканал ТНТ; Смейся до слёз :D; Четкие Приколы; Наука и Техника; Красиво сказано . . .; Интересные факты; МХК; Достойные фильмы; Психология отношений; 5 умных мыслей; Лучшие Комедии 2025; Психология человека; НЕ ПОВЕРИШЬ!; ЧЕШУЯ; Я хочу...; Психология; Comedy Club
singerbar.moscow,4086660,Elena,Markova,Женский,,Moscow,,,,Клинический госпиталь Лапино       «Мать и дитя»,,,,,,,,,,,,,,
singerbar.moscow,4175982,Maria,Shavyrina,Женский,35.0,Moscow,,Москва,4.0,РТА,,РТА,Школа № 951,,"книги, фильм, хорошая музыка",,,,,,,"""Спасибо тем,кто меня любит-вы делаете меня лучше.Спасибо тем, кто меня ненавидит- вы делаете меня сильнее.Спасибо тем, кому вообще пофиг- вы нужны для массовки!""
",703.0,
singerbar.moscow,4208983,Dmitry,Kovarsky,Мужской,33.0,Moscow,,,,МАИ,,,,,,,,,,,,,,
singerbar.moscow,4287628,Dasha,Tolmatskaya,Женский,36.0,Moscow,,Город Дорог,4.0,Альфа-Банк,; ; ; ; ; ; ,СЭИ,Школа № 960,добиваюсь своих целей,"литература, театр, шоу-бизнесс, друзья, путешествия, фотография, самообразование, иностраные языки, диеты, магия, гадания, нумерология, астрология, психология, именология, Лондон, Питер, суши, отдых на природе, жизнь, Наполеон Бонапарт, сочинять мечты, интернет, скайп, настольгия, тишина, дождь, стихи, ТНТ, костер, Китай-город, Audi RS6, розовый цвет, счастье, википедия, видеообзоры игр, видеоблоги, сканворды, гитара, романтика, надежда, благородство, сострадание, держаться за руки, петь, писать романы, письма вникуда, паронормальные явления, тайны, предания, общение, история, Османская Империя, турецкий язык, турецкие сериалы, , магниты на холодильник, .круиз",Сергей Лазарев. Дима Билан. Корни. Градусы. Звери. Бонч бру Бонч. Гуф. Баста. Ани Лорак. Валерия. Стас Костюшкин. Оригами. Аматори. Jane Air. Little Big. Eminem. Linkin Park,Елки. Дуxless. Платон. Гарри Поттер. Американский пирог(все части).Великолепный Век.Султан Моего Сердца.Игра в кальмара.Атие. Фи Чи Пи.,Аферисты в сети,"Гончаров ""Обломов"" ""Обрыв"" ""Обыкновенная история"". Л.Толстой ""Война и  мир"" ""Анна Каренина"". Достоевский ""Братья Карамазовы"" ""Идиот"" ""Бесы"" Ремарк ""Триумфальная арка"" ""Три товарища"" ""Черный обелиск"" ""Жизнь взаймы"" Гюго ""Собор Парижской Богоматери"" ""Жизнь"" ""Милый Друг"" С.Минаев "" The телки"" ""Videotы"" ""Р.А.Б."" ""Духless"". Иванов ""Географ глобус пропил"" Санаев ""Хроники раздолбая"" М.Петросян «Дом, в котором». Все книги Джона Маррса.  Все книги Дэна Брауна. Акунин ( серия книг о Фандорине ).","GTA, Sims 3, Heroes of might and magik 5, Larry",Абсолютно счастливый человек 💗,"истинное достоинство не в том,как поступают с тобой,а в том,как поступаешь ты сам.",1157.0,"ВКонтакте; Леонардо Дайвинчик; VK Фитнес; Читающие; Верую † Православие; ВКонтакте для бизнеса; Психоанализ; Образовательный журнал со вкусом; KUDAGO: Москва; Строки пыльных книг | Литература; Народный фронт; Строки пыльных книг; Строки пыльных книг; МИР СЕРИАЛОВ; Искусство слова; Отрывки из книг. Библиотека знаний; Михаил Лабковский Психолог; Старое доброе советское кино; Сила мышления | Саморазвитие - Психология; Круизный центр ""Инфофлот"""
singerbar.moscow,4337871,Yulya,Shtulya,Женский,,Moscow,,,,РНИМУ (бывш. РГМУ) им. Н.И. Пирогова,,,,,,,,,,,,,404.0,
singerbar.moscow,4378416,Alexander,Fetisov,Мужской,39.0,Moscow,,,,МГПУ,,,,,,,,,,,,,439.0,
singerbar.moscow,4401576,Ilya,Andreevich,Мужской,,,,,,МПСУ (бывш. МПСИ),,,,,,,,,,,,,376.0,
singerbar.moscow,4460266,Konstantin,Gavrilin,Мужской,,Moscow,,,,МФПА (бывш. ММИЭИФП),,,,,,,,,,,,,,
singerbar.moscow,4475975,Violetta,Gaputina,Женский,33.0,Moscow,,,,,,,,,,,,,,,,,,
singerbar.moscow,4494946,Konstantin,Stolin,Мужской,46.0,,,,,,,,,,,,,,,,,,457.0,"ВКонтакте; КиноКайф - Лучшие фильмы; Киномания ► Новинки мира кино; КИНОМАНИЯ | Фильмы и сериалы; ЁП; Я ★ КИНОМАН | Фильмы, сериалы, кино 2025; Фильмы 2025 Новинки кино онлайн Игра в кальмара; Литература | Великие поэты; Идеи дизайна интерьера; Рецепты l В домашних условиях l На зиму; Достойные фильмы; Популярная музыка; БОРЩ; НЕ ПОВЕРИШЬ!; Шедевры кулинарии| Вкусные рецепты; RECORD; Академия Порядочных Парней; Comedy Club; Европа Плюс; Science|Наука"
singerbar.moscow,4550231,Iraida,Grebneva,Женский,45.0,,,,,ПГУ,,,,,,,,,,,,,1154.0,
singerbar.moscow,4565011,Alexey,Mikhalevsky,Мужской,,Moscow,,,,МТУ (МГУПИ),,,,,,,,,,,,,,
singerbar.moscow,4638319,Olga,Filippova,Женский,,Moscow,,Moscow,1.0,Автосалон Тесла Центр Москва,ведущий специалист Агентство промышленного мониторинга; Автосалон Тесла Центр Москва,МГГУ (бывш. МГОПУ) им. М. А. Шолохова,,https://s3xycars.ru/,География. Климат. Архитектура. Дети. Медицина. Литература. Танец. Физика. Химия. Астрофизиками.,тишина,,,Бессмертие или сексуальный синдром,,Многодетная отчаянная домохозяйка.,,397.0,"КиноКайф - Лучшие фильмы; Киномания ► Новинки мира кино; Я ★ КИНОМАН | Фильмы, сериалы, кино 2025; HD Кино - Фильмы онлайн 2025; Достойные фильмы; Лепра; Омар Хайям и другие великие философы; На все руки; Шедевры рекламы; Слова Великих людей; Мир Discovery; Раневская.LIVE; Азамат Мусагалиев; E.squire; Госуслуги для родителей; Натальная карта; VK Видео; Новости RT на русском; BRAIN; Russian Traveler"
singerbar.moscow,4684092,Mirabella,Streltsova,Женский,,Moscow,,МОСКВА (таганский район),6.0,Шоу бизнес,Шоу бизнес,,Школа № 471,Певица и ведущая праздничных мероприятий. Сценический образ (вокал двойник) Примадонны Российской эстрады. Участница популярных тв шоу программ!,"психология, музыка, астрология, путешествия, личности, криминалистика, мистика, и так далее",Иоганна Себастьяна Баха! Моцарт-Реквием Группа =Европа=*АЛЛА ПУГАЧЕВА*Владимир Кузьмин,Не могу сказать 'Прощай!'l,Достояние Республики,Дюма,"Поймай меня, если сможешь!",Жизнестойкая! Птица Феникс!,"ПолюБи меня такой,какая я есть!",62.0,Эзотерика; Голос; Женский мир; Эзотерика | Психология | Вечность бытия; Авиасейлс; Советское кино; Путь к себе. Саморазвитие.; ВШОУБИЗЕ.РФ Кастинги Съемки Работа в шоу-бизнесе; #ХочувПитер; Жизнь в красках. Психология; Послание Оттуда; СИЛА МЫСЛИ; ~ Психология Успеха ~; Отдам даром Москва; Ты супер!; ТВ Центр; Без кота и жизнь не та; МАФИК; Секреты Вселенной; Лучшие музыкальные клипы
singerbar.moscow,4703164,Rafail,Mangursuzyan,Мужской,41.0,Moscow,,,,МИП,,,,,,,,,,,,,,
singerbar.moscow,4728686,Nadezhda,Tertychnaya,Женский,,Moscow,,Луганск - Москва - Геленджик,0.0,Надежда Тэра,,ЛГМУ,Луганское музыкальное училище (бывш. ВГМУ),"певица, автор исполнитель, ведущая","здоровые (люди, дельфины, лошади, машины, танцы, вязание, шитьё, ролики, велосипед, коньки, море, небо, космос)","красивая, плаксивая, позитивная, агрессивная, нежная и страстная, живая и настоящая",иногда пересматриваю,иногда смотрю,иногда перечитываю,не играю,"расскажу тет а тет
",иногда цитирую,1587.0,"НОВАЯ МУЗЫКА — Популярные Песни; Я 🩷 КИНО; ПРИКОЛЫ | Смеяка; Я ★ КИНОМАН | Фильмы, сериалы, кино 2025; Литература | Великие поэты; ИМПЕРИЯ КИНО | НОВИНКИ 2025; Красиво сказано . . .; Музыка; Vine Video; Психология отношений; 5 умных мыслей; RECORD; Европа Плюс; Словарный запас; Best Video; Музыка 2024; Say 13 - Музыка 2024; Омар Хайям и другие великие философы; На все руки; Институт Благородных Девиц"
singerbar.moscow,4758941,Irina,Malelina,Женский,,,,,,,,,,,,,,,,,,,1408.0,
singerbar.moscow,4774165,Tatyana,Cheptsova,Женский,,Moscow,,,,МФПА (бывш. ММИЭИФП),,,,,,,,,,,,,553.0,
singerbar.moscow,4796976,Roma,Tulenkov,Мужской,,Novocherkassk,,,,ЮРГТУ (НПИ),,,,,,,,,,,,,460.0,
singerbar.moscow,4796987,Mayya,Istomina,Женский,,Moscow,,,,РГМУ им. Н.И. Пирогова,,,,,,,,,,,,,639.0,
singerbar.moscow,4807832,Nastena,Ponomareva,Женский,,Moscow,,,,Студия-школа Аллы Духовой TODES Фили,,,,,,,,,,,,,,
singerbar.moscow,4818736,Marina,Shisterova,Женский,,Moscow,,,,СамГУ,,,,,,,,,,,,,354.0,
singerbar.moscow,4843496,Pavel,Atnagulov,Мужской,,Moscow,,,,Клиника доктора Шурова,,,,,,,,,,,,,,
singerbar.moscow,4881866,Kristina,Generalova,Женский,,Moscow,,,,Блок-Моторс,,,,,,,,,,,,,,
singerbar.moscow,4909426,Sergey,Trenin,Мужской,34.0,Moscow,,Default City,0.0,"Native Events. Концерты, шоу, уникальные события",,,,"Event-marketing, продюсирование, проведение концертов и шоу. Варварское искусство и прокрастинация)",,,,не употребляю,"Рэй Брэдбери, Мария Семёнова, Дмитрий Глуховский, Владимир Маяковский, Антон Чехов, Джордж Оруэл, Сергей Лукьяненко, Людмила Петрушевская, Герберт Уэллс, Дэн Абнетт, Иван Бунин, Грем МакНилл","TES, Borderlands, Call of Duty, Titanfall","""🤦‍♂️""","""Только не подписывай на это дело полных идиотов"" ©",598.0,
singerbar.moscow,5012873,Dmitriy,Rich,Мужской,,Moscow,,,,,,,,,,,,,,,,,187.0,Вульгарные; Джентльмен Club; Мы из СССР; Телеканал Царьград; Спортсмен; Мото | Мотоциклы; Мы из СССР - Вспомним лучшее; Дневник Спортсмена; МУДРОСТЬ; NEWSOLDAT; Вежливые Люди | Армия России; ДОНЕЦК ДНР НОВОСТИ СВО ДОНБАСС РОССИЯ НОВОРОССИЯ; Zmievskie | Рецепты; Святая Русь; Православная психология; КиноДоза / Фильмы онлайн бесплатно в качестве; Телеканал «СПАС»; Век Новейшей Поэзии; Blog For Men; ТАКАЯ ПЛАНЕТА
singerbar.moscow,5021264,Marina,Morskaya,Женский,,Moscow,,МОСКВА,2.0,Музыкальный Лейбл  © LOVEGREENMUSIC,,МГУ; Высшая национальная школа телевидения (ВНШТ),Высшая национальная школа телевидения (ВНШТ),"Творчество. Певица МАРИНА МОРСКАЯ. 
БОГИНЯ КЛУБНЫХ ВЕЧЕРИНОК!
 Участница шоу на ТНТ ""ПЕСНИ"". 
Автор песен. Модель. Блогер.
Организатор мероприятий.
 
Фен-Шуй
В дружбе со светлыми и тёмными Силами наравне. Баланс","БОГИНЯ КЛУБНЫХ ВЕЧЕРИНОК!
Люблю слушать  музыку! 
I LOVE 💕 моё творчество и меня! 
Люблю организовывать мероприятия с выступлением артистов, тусовки, вечеринки!","Поп, Deep house, Клубняк",,,,,,"Безоблачной пыль не бывает. ©М.Морская
",2749.0,НОВАЯ МУЗЫКА — Популярные Песни; VK Музыка; Телеканал ТНТ; Рифмы и Панчи; Популярная музыка; Музыка; Музыка 2024; Топ Новинки Музыки 2025 !; МУЗ-ТВ; Егор Крид; ВКонтакте с авторами; Телеканал ПЯТНИЦА!; Новинки Музыки 2025 | Топовая Музыка; ТНТ MUSIC; Русская Музыка; Ольга Бузова; Русская музыка 2024; RU.TV; Black Star; Русская музыка 2024
singerbar.moscow,5039135,Diana,Sliva,Женский,33.0,Moscow,,,,ОмГУ им. Достоевского,,,,,,,,,,,,,674.0,
singerbar.moscow,5133461,Nikolay,Bolibok,Мужской,,Moscow,,,,ФГБУ НЦАГиП им. В.И.Кулакова МЗ РФ,,,,,,,,,,,,,,
singerbar.moscow,5170610,Galina,Lytkina,Женский,,Moscow,,,,Уроки гитары и вокала от Лины Кальм. Москва.,,,,,,,,,,,,,2412.0,
singerbar.moscow,5181559,Alina,Shelyganova,Женский,,Lyubertsy,,,,ФГБУ РГМЦ,,,,,,,,,,,,,1207.0,
singerbar.moscow,5211163,Mikhail,Demidov,Мужской,,Vaduz,,Вадуц,0.0,,,,,,,,,,,,,,652.0,
singerbar.moscow,5279914,DELETED,,Женский,38.0,Moscow,,,,УрГПУ,,,,,,,,,,,,,,
singerbar.moscow,5317585,Tatyana,Postupinskaya,Женский,,Moscow,,,,НГПУ,,,,,,,,,,,,,612.0,
singerbar.moscow,5341324,Alexander,Chirkov,Мужской,,Moscow,,,,ПГУ (бывш. ППИ),,,,,,,,,,,,,254.0,
singerbar.moscow,5420926,Vyacheslav,Kim,Мужской,,Moscow,,москва,0.0,Сам Себе Режиссёр,,НИУ МГСУ (МГСУ-МИСИ),Школа № 14,,"спорт, рыбалка, автомобили.","рок, Клэптон",Килл Билл,Маппет шоу,Т.Драйзер,,,Не все то золото что блестит,207.0,VK Музыка; Азамат Мусагалиев; НОВИНКИ КИНО 2025; Zivert; Люся Чеботина; Мой SPAR; FILMHUB | Фильмы и сериалы 2024; Любовь Аксёнова; Выучим английский за 16 ч. Полиглот. ТВ Культура; СССР – сеть фитнес-клубов; Клуб 16 Тонн; Бесплатные мероприятия в Москве; Шары ярости | Настольный теннис; Федерация настольного тенниса России; Liga Pro; Барахолка Музыкальных Инструментов; Товары для настольного тенниса.Магазин. Доставка; Светлана Ходченкова; Best of Table Tennis; TT_TOLMACHEV
singerbar.moscow,5426346,Stanislav,Matrosov,Мужской,,Moscow,,,,МГАФК (Мосспортакадемия),,,,,,,,,,,,,,
singerbar.moscow,5478063,Olga,Ziver,Женский,62.0,Moscow,,Москва,4.0,МИП,,МИП,,Предлагаю раскопки по тета хилингу.,,,,,,,,,429.0,Открытки Поздравления Пожелания С Днём Рождения; Тонкий юмор; Синьхуа Новости | Xinhua News; Английский язык; Мода; Легкая йога | Алена Тихонова; Марк Бартон; Модные женские стрижки 2025; Первый Вегетарианский; Ищу модель Москва; Алексей Ситников; Уроки шитья. Научиться шить - легко!; БАЗА ЗНАНИЙ; Мода 2025; Ирина Хакамада; Законы Счастливой жизни | Торсунов Олег; XKCD|Наука; Ищу модель Москва; Ирина Хакамада; Клуб Бывших Гипертоников
singerbar.moscow,5527442,Yulya,Uzlova,Женский,,,,,,МАИ,,,,,,,,,,,,,502.0,
singerbar.moscow,5536470,Sergey,Gubanov,Мужской,,Lyubertsy,,,,МИКХиС (ЛФ),,,,,,,,,,,,,2108.0,
singerbar.moscow,5647232,Alla,Muzyukina,Женский,,Moscow,,,,Gabrielle brand,,,,,,,,,,,,,1704.0,
singerbar.moscow,5649569,Ruslan,Ivanov,Мужской,42.0,Moscow,,,,МГОУ,,,,,,,,,,,,,655.0,
singerbar.moscow,5672874,Katerina,Filina,Женский,36.0,Moscow,,Москва,0.0,Адмитад,,МГСУ-МИСИ,Школа № 954,,,,,,,,,,736.0,
singerbar.moscow,5739004,Marina,Polyakova,Женский,,Nizhny Novgorod,,,,Областная детская клиническая больница,,,,,,,,,,,,,1052.0,
singerbar.moscow,5753463,Stanislav,Yakshuk,Мужской,,Klin,,,,МГТУГА,,,,,,,,,,,,,440.0,
singerbar.moscow,5763215,Andrey,Orbakh,Мужской,,Moscow,,,,,,,,,,,,,,,,,2012.0,VK Музыка; RECORD; Begin English. Английский язык для всех; Телеканал РОССИЯ 1; Певица Нюша / Nyusha; Голос; Би-2; Noize MC; KUDAGO: Москва; Ольга Серябкина; Oxxxymiron / Оксимирон; Deep House; Русское Радио; RUTUBE; Сергей Есенин; Авторадио; CSBSVNNQ; СПЛИН; Анна Семенович; ИСТОРИЯ | всё самое интересное
singerbar.moscow,5770094,Dmitry,Svischuk,Мужской,39.0,Taganrog,,,,AZUR GAMES,,,,,,,,,,,,,,
singerbar.moscow,5779720,Mikhail,Shukhman,Мужской,,,,,,,,,,,,,,,,,,,81.0,
singerbar.moscow,5781181,Anastasia,Konovalova,Женский,34.0,Moscow,,,,РГСУ (бывш. МГСУ),,,,,,,,,,,,,1206.0,
singerbar.moscow,5809410,Maxim,Us,Мужской,,Moscow,,,,Алексей Лосихин,,,,,,,,,,,,,7941.0,"ВКонтакте; НОВАЯ МУЗЫКА — Популярные Песни; Я 🩷 КИНО; Я ★ КИНОМАН | Фильмы, сериалы, кино 2025; VK Музыка; Телеканал ТНТ; NR; Ужасы и Триллеры 2025 | Лучшие фильмы ужасов; Европа Плюс; СТС; Влад Бумага А4; Радио ENERGY (NRJ); Первый канал; Макс Корж; VK Fest; МУЗ-ТВ; Вкусно — и точка; Егор Крид; ВКонтакте с авторами; Фильмы / Кино / Киномания онлайн"
singerbar.moscow,5861456,Elena,Kalinina,Женский,,Moscow,,,0.0,МИП (психоанализа),,МГУ; Финансовый университет при Правительстве РФ (бывш. ФА при Правительстве РФ); РУДН; НИУ ВШЭ (ГУ-ВШЭ); РГСУ (бывш. МГСУ); МИП (психоанализа),Гимназия № 21,"🔅Психоанализ, 🔅Психоаналитическая Психосоматика, 🔅Психоаналитический Коучинг и Бизнес Консультирование, 🔅Консульирование Семей и Пар",,,,,,,https://t.me/kalininapsytalks,,2515.0,"КиноКайф - Лучшие фильмы; Я 🩷 КИНО; Психология отношений; НЕ ПОВЕРИШЬ!; Анонимный Чат - Бот Знакомства; Сарказм; ЧЕШУЯ; Фабрика идей; Знаете ли Вы?; Музыка; Школа красоты; 40 КГ; Интересная планета - путешествия, туризм; Фильмы, основанные на реальных событиях; Здоровое тело. Мы за здоровый образ жизни; Кинопоиск; GAZ; Психология; Английский язык; Практическая психология"
singerbar.moscow,5874033,Alexander,Antonov,Мужской,,Sevastopol,,Гавайи,0.0,МГАВМиБ им. К.И. Скрябина (бывш. МВА),,МГАВМиБ им. К.И. Скрябина (бывш. МВА),Школа № 9,...прожигатель жизни,...много чего....,...ветра    ...тишины,,...жизнь,...история каждого человека,...игры разума,...люди скажут,,3128.0,
singerbar.moscow,5879917,Evgeny,Miloserdov,Мужской,51.0,Domodedovo,,,,СПбГУ ГА им. А. А. Новикова (бывш. ОЛАГА),,,,,,,,,,,,,359.0,"VK Музыка; Ларису Ивановну Хачу!; Народный фронт; Делай торты! (рецепты, мастер-классы); Екатерина Климова; Алексей Ильич Осипов; Убойный Юмор; Михаил Круг • Легенда Русского Шансона; Лайфхаки! Медицина!; Книга в Ухе - аудиокниги; Сеть АЗC «Роснефть»; Кастинги в кино, фильмы, сериалы, рекламу, клипы; Схиархимандрит Илий (Ноздрин); Инна Вальтер, официальное сообщество; Катерина Шпица; Уральские авиалинии; Святая праведная блаженная Матрона Московская; АО «Газстройпром»; Щенки drive; AirPublic"
singerbar.moscow,5891591,Eldar,Grebyonkin,Мужской,,Moscow,,,,Финансовый университет (ФА)  при Правительстве РФ,,,,,,,,,,,,,,
singerbar.moscow,5898230,Inna,Nassonova,Женский,,Moscow,,,,,,,,,,,,,,,,,202.0,
singerbar.moscow,5942386,Dina,Kachaeva,Женский,,Moscow,,,,"Центр психологической поддержки ""ПсиДинамика""",,,,,,,,,,,,,555.0,"Фильмы 2025 Новинки кино онлайн Игра в кальмара; Рецепты l В домашних условиях l На зиму; Food.ru — Любимая кухня страны; Почему я этого не знал?; Кулинария: вкусные рецепты; Искусство реальности; Фильмы / Кино / Киномания онлайн; Interior and Decor - Дизайн интерьера. Декор; BRAIN; Дети, родители и педагоги; Со смыслом..; Почему? Повышаем IQ; Продвинутая мама; I ♡ ART; «Планета Земля - чудо Вселенной!»; Другая Музыка; Вкратце | Москва!; ЛЮБИМЫЕ РЕЦЕПТЫ с Мелодией вкуса; Мне это к лицу!; Её сознание"
singerbar.moscow,5955617,Masha,Bakulina,Женский,33.0,Moscow,,,,,,,,,,,,,,,,,611.0,
singerbar.moscow,5972956,Natalya,Limonova,Женский,,Moscow,,,,,,,,,,,,,,,,,308.0,
singerbar.moscow,6007378,Anastasia,A,Женский,,,,,,,,,,,,,,,,,,,3791.0,
singerbar.moscow,6008540,Evgenia,Akhmedova-Filyushina,Женский,,Kazan,,,,КФУ (бывш. КГУ им. Ульянова-Ленина),,,,,,,,,,,,,,
singerbar.moscow,6057199,Olesya,Danilova,Женский,,Moscow,,,,,,,,,,,,,,,,,,
singerbar.moscow,6066824,Yana,Mingaleva,Женский,,Moscow,,,,Российское общество «Знание»,,,,,,,,,,,,,889.0,
singerbar.moscow,6112360,Ilana,Veres,Женский,33.0,Moscow,,Москва,4.0,Mizerakle Cosplay/ триКОТажЪ,ФГУП РАДОН; ; ; ,МГПУ; РГАИС (бывш. РГИИС),Школа № 1142,"студент-раздолбай, пофигист, хиппанутый металлист и просто чудо, совершаемое из жалости","музыка, фантастика, средневековье, искусство, литература, web-дизайн, приключения, фотография, поэзия, природа, мистика, фенечки, реконструкция, холодное оружие, история искусства, история религии, гитары, клавишные, мифы народов мира, общение, Looking for group, Richard, снейджер, СНЕЙП, Алан Рикман","Nightwich, Sonata Arctica, Lacrimosa, In Extremo, Blind Guardians, Alice Cooper, Metallica, Iron Maiden, HammerFall, Stratovarius, Deathstars, Helloween, Iced Earth, Mandragora Scream, dark moor, therion, пикник, наутилус помпилиус, крематорий, ДДТ, сплин, земфира, ночные снайперы, агата кристи, гражданская оборона, айре и саруман, дэн назгул, парк горького, fort royal, можно перечислять очень долго!","Вся серия Гарри Поттера, ""Ворон"", ""Реквием по мечте"", ""Властелин колец"", ""Пираты карибского моря"", ""Сонная лощина"" Эдвард Руки-ножницы, а вообще аниме люблю), Дорога в  Эльдорадо, Волшебный меч, и все мультики Диснея","Discovery, BBC, Animal planet","Д.Скирюк- ""Осенний Лис"", М.и.С.Дяченко-""Ритуал"", ""Ведьмин век"", ""Vita Nostra"", ""Алена и Аспирин"", ""Маг дороги"", ""Магам можно все"", Вера Камша-""Время золота, время серебра"", О.Громыко-""Верные враги"", М.Семенова""Бусый волк"", ""Волкодав"", О.Дивов-""Храбр"", В.Васильев-""Идущие в ночь"", А.Сапковский-""Ведьмак"", М.Булгаков-""Мастер и Маргарита"", Стругацкие- ""Трудно быть богом"" Макс Фрай, Н.Басов- ""Охотник на демонов"" и список постоянно обновляется)","World Of Warcraft, Lineage2, Готика2, Ведьмак, Prince of Persia, Diablo, Little big planet, guitar hero, folklore, soul calibur3/4, dragon age origins, starcraft, герои3\4\5, dungeon keeper2, дюна, миссия дарвина, demon soul, dante inferno","Никогда не могла рассказать о себе в двух словах... В меру доброе и общительное существо, немножко застенчивое и не уверенное в собственных силах... Отзывчивое и всегда старающееся помочь...Временами обидчивое и вспыльчивое, правда это мимолетные явления...Не  всегда могу контролировать свои эмоции...
Неформалка,люблю аниме,обожаю фэнтези,увлекаюсь искусством,музыкой в целом,плетением фенечек и макраме...хотя как увлекаюсь...я живу этим,интересуюсь скандинавскими странами и языками латинской группы,в свободное время не прочь заняться фехтованием или поиграть в тактические игры ...
""Многие считают, что я служу им хорошим фоном,другие думают,что я украшаю жизнь..но я всего лишь испорченная девушка ищущая умиротворения...""

Если все думают, что я сильная... это не значит, что я не нуждаюсь в защите... Если все видят, как я смеюсь...это не значит, что я не плачу... Если я прохожу мимо....это не значит,что я тебя не люблю...

Говорят,если человек что-то хочет,то это сбывается... Я,видимо,не человек..

East or West -
Snape is best,
Black or white -
Snape is right.","Салазар тебя побери, к какому Годрику мы с тобой, василиск недоделанный,тащимся, мантикору тебе в задницу и сотню соплохвостов тебе под одеяло!(С)

- Мне будет трудно тебя забыть
-Не забывай...
-Мне будет больно вспоминать....
-Не вспоминай...
-Прости...
-Не за чем просить прощения..
(с)Осенний Лис

-В моей душе печаль и пустота...
-Это бывает...
-Я уже забыл, каким бывает счастье.
-Это уже хуже.Что еще ты помнишь?
-Боль...
-Еще?
-Страх.Печаль.И снова боль.Даже любовь и та обернулась для меня болью....Порой мне кажется, что я чувствую разлуку раньше встречи...
(с)Осенний Лис.

""А час это сколько это в яблоках?!""

Смерть стоит того,чтобы жить,
А любовь стоит того,чтобы ждать.

""Надежда-глупое чувство""- макс фрай

.. Её характер - сахар с тертым в крошку стеклом. Она всегда разная.С промежутком в пару минут смеётся,а потом плачет.Она умеет смешить..Она без ума от роз.Истеричка. Но в то же время тихая и хорошая…

Настоящий интеллигент никогда не скажет «сам дурак», он скажет «у вас недостаточно высокая квалификация для вынесения критики в мой адрес».",2300.0,"Cook Good - лучшие рецепты; Идеи дизайна интерьера; Палата №6; Я хочу...; 5 интересных фактов; Простые рецепты; Science|Наука; Идеи вашего дома; IGM; Знаете ли Вы?; Пикабу; Своими руками. Новинки; Подслушано – Здесь говорят о тебе; Тонкий юмор; Интересная планета - путешествия, туризм; Durex; Интересные Факты; Словарный запас (EN); Метла; Макияж | Косметика  Идеи и уроки"
singerbar.moscow,6142747,Milena,Shvetsova,Женский,30.0,Moscow,,,,Аэрофлот,,,,,,,,,,,,,1162.0,
singerbar.moscow,6163394,Viktoria,Zeydullina,Женский,,Moscow,,,,Т-Банк,,,,,,,,,,,,,,
singerbar.moscow,6179794,Evgeny,Antonov,Мужской,,Donetsk,,Донецк,4.0,ДИСО,,"ДонНТУ (бывш. ДПИ); ДонНУЭТ им.Туган-Барановского (бывш. ДонГИТ, ДИСТ); ДИСО",Школа № 41,,,,,,,,"Богатство и постоянное здоровье, друг и сладкоречивая жена, послушный сын и полезное знание – вот шесть благ в этом мире.

Богатств единственная ценность, хотя бы и ничтожных, в том, что стремящийся ко благу мира отдать их может: ведь то, что отдается, обращается в сокровище, а что не отдается, тому один конец – уничтожение.
",,1325.0,"ВКонтакте; Леонардо Дайвинчик; НОВАЯ МУЗЫКА — Популярные Песни; КиноКайф - Лучшие фильмы; Киномания ► Новинки мира кино; КИНОМАНИЯ | Фильмы и сериалы; NETFLIX VK | Новинки кинo, сериалы, фильмы 2025; Kate Mobile; ИМПЕРИЯ КИНО | НОВИНКИ 2025; Интересные факты; Музыка; В приколе (18+); Достойные фильмы; Психология отношений; Популярная музыка; Лучшие Комедии 2025; Психология человека; Фильмы; ЧЕШУЯ; Шедевры кулинарии| Вкусные рецепты"
singerbar.moscow,6187862,Ksenia,Kadysheva,Женский,45.0,Moscow,,,,УлГТУ,,,,,,,,,,,,,497.0,
singerbar.moscow,6251453,Ekaterina,Milyutina,Женский,,Izhevsk,,,,MLK Group,,,,,,,,,,,,,,
singerbar.moscow,6320081,Evgeny,Buyanov,Мужской,,,,,,,,,,,,,,,,,,,,
singerbar.moscow,6339419,Mikhail,Sviridonov,Мужской,,,,,,,,,,,,,,,,,,,377.0,
singerbar.moscow,6353546,Gago,Jackson,Мужской,,Moscow,,Москва,0.0,Москва - Сочи - Краснодар,Москва - Сочи - Краснодар,,№ 1,"Профессиональный двойник Майкла Джексона, Победитель международного гала-шоу ""Минута Славы"", Финалист российского проекта ""Минута Славы""",https://instagram.com/gago_jackson,https://instagram.com/gago_jackson,https://instagram.com/gago_jackson,https://instagram.com/gago_jackson,https://instagram.com/gago_jackson,https://instagram.com/gago_jackson,https://instagram.com/gago_jackson,https://instagram.com/gago_jackson,18447.0,ВКонтакте; КиноКайф - Лучшие фильмы; Я 🩷 КИНО; Киномания ► Новинки мира кино; ЁП; Фильмы 2025 Новинки кино онлайн Игра в кальмара; VK Музыка; Идеи дизайна интерьера; Vine Video; 5 умных мыслей; Леонардо - Бот Знакомства; БОРЩ; НЕ ПОВЕРИШЬ!; Фильмы; Сарказм; О блин! - Где блин? - Вон блин!; Comedy Club; Шпильки | Женский Журнал; Фабрика идей; Food.ru — Любимая кухня страны
singerbar.moscow,6417286,Gleb,Barsukov,Мужской,,Moscow,,самый главный,5.0,,,,,,интересные,,со смыслом,,прочитаны,,судите по поступкам,высказаны,2022.0,
singerbar.moscow,6462738,Anastasia,Veter,Женский,32.0,Moscow,,,,SAFILO,,,,,,,,,,,,,,
singerbar.moscow,6463064,Alina,Kiryakova,Женский,36.0,Moscow,,,,ИГУМО,,,,,,,,,,,,,516.0,MDK; Интересные факты; Бумажный кораблик; Рецепты l В домашних условиях l На зиму; Vine Video; Лучшие Комедии 2025; БОРЩ; Убойные приколы; Сарказм; RECORD; Я в шоке!; Готовим дома: вкусно и просто; Science|Наука; Черный юмор; Интерьер и декор; Смешно До Боли ツ; Интеллектуальный юмор; Тряхни Нормальность; Лайфхакерша; Клуб Молодых Мам (КММ)
singerbar.moscow,6506059,Mikhail,Savin,Мужской,,Zelenograd,,,,ПСБ,,,,,,,,,,,,,,
singerbar.moscow,6550378,Dmitry,Kuranov,Мужской,,Moscow,,Москва,4.0,МГУП,,МГУП,Школа № 283,,,,,,,,,,229.0,РИА Новости; Интернет-газета «Наш ДОНБАСС»; Омбудсмен полиции; Екатерина Климова; Фотографии эпохи СССР; Рецепты от шефов и не только; Ирина Круг; IQOS Россия; AliExpress для авто; Николай Басков; Тихон Готовь и Путешествуй; Григорий Лепс; ИИ | Исчезнувшая история; Катерина Шпица; Мгновения истории; Юля Паршута; Ольга Скабеева; Любовь Аксёнова; Наталья Подольская; Подслушано | Мытищи
singerbar.moscow,6561308,Zhanna,Baykova,Женский,32.0,,,,0.0,МГУ,"Издательство ""Эковестник""",МГУ; МГАХИ им. В. И. Сурикова,Школа № 1246; Художественная школа им. М. А. Врубеля (бывш. ДХШ 8),,эрос и танатос,,,,,,,"Вера - высшая страсть в человеке. Пожалуй, в любом поколении найдется много людей, которые даже не дошли до нее, но не найдется ни одного, который мог бы уйти дальше нее. Не берусь решать, много ли найдется в наше время людей, которые еще не дошли до нее, могу в этом отношении только сослаться на самого себя: я не скрываю, что мне еще далеко до веры, но я не пытаюсь на этом основании осквернять великое или обманывать себя, превращая веру в детскую болезнь, в безделицу, которую желательно поскорее оставить позади. Впрочем, и тому, кто еще не дошел до веры, жизнь ставит достаточно задач, и при честном к ним отношении и его жизнь не останется бесплодной, хотя бы и не уподобилась жизни тех, кто понял и обрел величайшее - ВЕРУ. (C. Кьеркегор, Страх и трепет)

Если ты думаешь, что остальные в здравом уме, ты про них  мало знаешь. Вся штука здесь - найти того, чье безумие совпадает пазами с твоим.

За каждый светлый день иль сладкое мгновенье
Слезами и тоской заплатишь ты судьбе.
Мне грустно… потому что весело тебе. (c) М.Ю. Лермонтов

Яркий румянец, заливший бледные щеки несчастной Жанны и скрасивший на минуту ее безобразие, показывал, что это увеличение их маленького общества отнюдь не было для нее неприятным. Она поспешила представить герцога обеим графиням де Круа, приветствовавшим его соответственно его высокому сану, и,указав ему на кресло, предложила принять участие в беседе.

Герцог объявил, что в таком прелестном обществе он не может позволить себе сесть в кресло. Он взял подушку с одного из стульев и, положив ее к ногам графини, сел так, чтобы иметь возможность, не оскорбляя принцессу, уделять больше внимания ее хорошенькой соседке.

Сначала любезность герцога к прекрасной чужестранке была, видимо, приятна принцессе, воображавшей, что ее жених хочет этим способом оказать внимание ей самой. Но герцог Орлеанский, хоть и привык подчинять свою волю суровому деспотизму Людовика, был все-таки достаточно независим, чтобы поступать по своему усмотрению в тех случаях, когда над ним не тяготело присутствие короля; а так как высокий сан позволял ему иногда делать отступления от церемонных обычаев двора, то он принялся теперь непринужденно восхищаться красотой графини Изабеллы. Он с таким жаром отпускал ей восторженные комплименты (что, может быть, отчасти объяснялось излишним количеством вина, выпитым им за столом у Дюнуа, который далеко не мог назваться трезвенником), что под конец в пылу своего увлечения, видимо, совсем позабыл о принцессе.
<…>
Графиня Изабелла слушала любезности герцога с видимой тревогой и смущением, бросая на принцессу выразительные взгляды, как бы молившие о помощи. Но природная робость принцессы Жанны и ее оскорбленное самолюбие мешали ей дать разговору другое направление и сделать его более общим, так что, если не считать нескольких учтивых фраз графини Амелины, беседой вскоре всецело завладел один герцог, красноречие которого, вдохновленное красотой Изабеллы, было положительно неистощимо.
<…>
- Преклоняюсь перед вашим патриотизмом, графиня, - сказал герцог, - и не стану оспаривать вторую половину вашего возражения, пока не явится какой-нибудь бургундский рыцарь, чтобы доказать ее с мечом в руке. Но что касается красоты ваших дам, то вы несправедливы, графиня, и лучшее тому доказательство - вы сами. Взгляните сюда, - добавил он, указывая на большое зеркало - подарок Венецианской республики и величайшую редкость в те времена, - и скажите, какое сердце устоит против дивных чар, которые вы там видите?

При этих словах бедная принцесса, не в силах дольше выносить пренебрежение жениха, откинулась на спинку кресла с подавленным стоном, разом вернувшим герцога из страны грез к скучной действительности. Графиня Амелина поспешила спросить, не чувствует ли себя плохо ее высочество.

- Да, мне что-то нехорошо.., голова заболела, - сказала принцесса,стараясь улыбнуться, - но вы не беспокойтесь, это сейчас пройдет"". (с) Вальтер Скотт, Квентин Дорв",997.0,"Я 🩷 КИНО; Достойные фильмы; Леонардо - Бот Знакомства; 5 интересных фактов; iFeed; Лепрозорий; Интерьер и декор; Знаете ли Вы?; PostNews; История|History; Безопасность; Тонкий юмор; Шедевры рекламы; Заброшенное; Интересная планета - путешествия, туризм; Traveler - Путешествия и туризм; Тысяча чертей, какая татуировка!; GIRL MEMES; Почему я этого не знал?; А ты знал?"
singerbar.moscow,6616532,Ilya,Alkov,Мужской,,Moscow,,,,Петербургская Биржа,,,,,,,,,,,,,1109.0,
singerbar.moscow,6678730,Alexey,Beletsky,Мужской,37.0,Moscow,,,,МГТУ им. Н. Э. Баумана,,,,,,,,,,,,,417.0,VK Музыка; Сбер; РИА Новости; Кинопоиск; HONOR Россия; Команда Поддержки ВКонтакте; ВЕСТИ; realme Россия; Forbes; РБК; Стартапы и бизнес; НАШЕ; ВЕДОМОСТИ; Игромания; Правительство России; hh.ru; Типичный программист; Коммерсантъ; Высокие Технологии | ВысТех; IT | Программирование
singerbar.moscow,6684971,Tatyana,Ostryagina,Женский,,Moscow,,,,Сцена,,,,,,,,,,,,,1881.0,"ВКонтакте; Интересные факты; С нами стыдно, зато весело!; анекдотов.net; Улетные приколы; Science|Наука; Словарный запас; Злой Чаплин; VK Фитнес; ОСТРОУМНЫЕ; Они тупые?; Своими руками. Новинки; История|History; Тонкий юмор; Наука и факты | Что будет, если...?; Это Россия, детка; Опасная Земля; Здоровое тело. Мы за здоровый образ жизни; Traveler - Путешествия и туризм; Интересные Факты"
singerbar.moscow,6693300,Anastasia,Letushova,Женский,,Moscow,,,,Президентская академия,,,,,,,,,,,,,913.0,
singerbar.moscow,6750001,Dmitry,Zryumov,Мужской,,Moscow,,,,АлтГТУ им. Ползунова,,,,,,,,,,,,,7267.0,
singerbar.moscow,6829630,Olesya,Pertseva,Женский,,Moscow,,,,СПбГИКиТ (бывш. СПбГУКиТ),,,,,,,,,,,,,,
singerbar.moscow,6949361,Alexey,Denisov,Мужской,,Moscow,,,,,,,,,,,,,,,,,329.0,"ВКонтакте; Леонардо Дайвинчик; НОВАЯ МУЗЫКА — Популярные Песни; КиноКайф - Лучшие фильмы; Я 🩷 КИНО; ПРИКОЛЫ | Смеяка; ЁП; NETFLIX VK | Новинки кинo, сериалы, фильмы 2025; Телеканал ТНТ; MOTOR | Автомобили и ДТП; Смейся до слёз :D; Идеи дизайна интерьера; Четкие Приколы; Наука и Техника; Рецепты l В домашних условиях l На зиму; В приколе (18+); Психология отношений; Лучшие Комедии 2025; Леонардо - Бот Знакомства; НЕ ПОВЕРИШЬ!"
singerbar.moscow,7026990,Nekit,Medyukov,Мужской,33.0,Moscow,,,,,,,,,,,,,,,,,163.0,
singerbar.moscow,7032422,Margarita,Lisitsyna,Женский,,Arkhangelsk,,,,АГТУ (бывш. АЛТИ),,,,,,,,,,,,,,
singerbar.moscow,7034623,Evgenia,Armyaninova,Женский,,Moscow,,,,БГТУ им. Шухова,,,,,,,,,,,,,173.0,"КиноКайф - Лучшие фильмы; Я ★ КИНОМАН | Фильмы, сериалы, кино 2025; MOTOR | Автомобили и ДТП; Идеи дизайна интерьера; ЧЕШУЯ; Золотые руки | Строительство и ремонт; Шпильки | Женский Журнал; Школа ремонта; Действительно смешно; Интерьер и декор; VK Фитнес; 40 КГ; SOKOLOV; Пальчики оближешь!; Моя квартира; Психология; Кулинария: вкусные рецепты; Смешные анекдоты; Женские секреты; Пятёрочка"
singerbar.moscow,7114914,Ilya,Razmyslov,Мужской,,Syktyvkar,,,,,,,,,,,,,,,,,,
singerbar.moscow,7144005,Vlada,Tarasova,Женский,,,,,,МУ им. С.Ю. Витте (бывш. МИЭМП),,,,,,,,,,,,,,
singerbar.moscow,7419278,Alexandra,Gavycheva,Женский,,Moscow,,,,НИ МГУ им. Огарева,,,,,,,,,,,,,11680.0,
singerbar.moscow,7442957,Irina,Lobanova,Женский,,Moscow,,Москва,0.0,МГЛУ,,МГЛУ,Школа № 1095,,,,,,,,,,284.0,
singerbar.moscow,7467585,Artur,Mazitov,Мужской,,Moscow,,,,"ЕГПУ
",,,,,,,,,,,,,305.0,
singerbar.moscow,7636841,Zhanna,Oganesyan,Женский,,Moscow,,Самара,7.0,HARDCORE POETRY | Жанна Оганесян | Poumalchan,,"СГАКИ
",Школа № 120,"актриса, поэтесса, лидер проекта HARDCORE POETRY, гадалка-таролог на мероприятия (анимация), по всем рабочим вопросам звоните моему агенту: +7 903 162-54-41 Яна","Танцы, море, лес, бухлишко, вкусная еда, HARDCORE POETRY, книги, театр, кино, музыка, люди, любовь, волшебство","Dj Sherstnev, Poumalchan, DJ Drazd","Шоу ужасов Рокки Хоррора (1975), Реинкарнация 2018, It follows 2014, IT 2017-19, Суспирия 2018, А теперь не смотри, Печальная баллада для трубы, Бивень, Таксидермия, Мечтатели, Вальсирующие, Хранители/Watchmen, Вторжение похитителей тел 1978, 13 привидений, Хижина в лесу, Хэллоуин Роба Зомби (1), Хэллоуин (78, 18, 21...), Фрида, Модильяни, Бойцовский клуб, Залечь на дно в Брюгге, Полная обойма, Солярис (Тарковского), Чрево, После прочтения сжечь, Розенкранц и Гильденстерн мертвы, Бешеные псы, Святые из Бундока, Антихрист, Меланхолия, Нимфоманка, Белая свадьба, Соль на нашей коже, Ромеро, Линч, Ардженто, старые фильмы Михалкова и Захарова",Рик и Морти,дарите мне свои любимые книги в электронном виде - я буду оооочень рада,бутылочка,"Интервью: http://bigvill.ru/style/6505-rodnaya-rech-poetessa-zhanna-oganesyan/

***

Если стучитесь в друзья, пишите: кто вы, зачем ко мне стучитесь, откуда я вас знаю, зачем вы мне (или я вам), кто нас знакомил и где (если кто-то знакомил) и пр. Ребят, ну не обижайтесь, у меня плохая память на лица. Тем более, что на ваших авах лица выглядят несколько иначе, чем в жизни.  
 
***

Если ваше сообщение долго висит непрочитанным, а я при этом online, это не значит, что я вас игнорирую. Возможно, я сплю, занимаюсь, гуляю, рисую, готовлю, принимаю гостей, работаю, репетирую, пишу, смотрю кино и пр. Комп я практически не выключаю, даже если уезжаю. Также в моём аккаунте может сидеть моя мамочка, которая играет в мою ""Зомби ферму"". Или это какой-нибудь друг, у которого я была в гостях и забыла выйти со своей страницы, и теперь он/она вступает в порно-группы с моей страницы, матерится в комментариях к вашим фоткам  и по-разному меня компрометирует. 

***

Про подарки:

Друзья! Огромная просьба: ПОЖАЛУЙСТА, не дарите мне цветы! Пусть растут на клумбах и радуют глаз! Когда мне дарят цветы, я их долго пытаюсь реанимировать аспирином, витаминами, холодными ваннами, даже новые листики и почки появляются, я с ними разговариваю и даю имена. Но в итоге они всё равно умирают, а я плачу. Прям реву в голос. НЕ НАДО ЦВЕТОВ! Вообще никаких! Даже кактусы не надо! У меня даже кактусы дохнут! И тем более не надо животных! Ни декоративных кроликов (они на минуточку прыгают на полтора метра, пахнут, а по ночам барабанят), ни лысых кошек, ни енотов, ни мангустов, даже ашеру с мейн-куном не надо! Я живу на съемных квартирах, часто переезжаю: прошу вас, не обременяйте меня  ответственностью за чьи-то жизни, я и о себе-то позаботиться не могу! И не дарите мне золото! Вообще никакое! Даже белое! Я не ношу золото и подарок ваш не оценю! Предпочитаю хирургическую сталь и серебро!

PS если не знаете, что подарить, но вас просто распирает от желания сделать мне приятное, вот мой виш-лист: http://mywishlist.ru/me/hardcorepoetry",,2613.0,"NETFLIX VK | Новинки кинo, сериалы, фильмы 2025; Ужасы и Триллеры 2025 | Лучшие фильмы ужасов; Анонимный Чат - Бот Знакомства; Знакомства - Анонимный чат; Идеи татуировок; Книги; Лучшие фильмы; ВКонтакте с авторами; Анонимный чат бот; ПЛОХИЕ НОВОСТИ 18+; journal minimalism; Смотри, что я нашел на AliExpress; Vandrouki | Путешествия почти бесплатно (RU); Котизм; НИШТЯКИ С АЛИЭКСПРЕСС; Другое кино; [BadComedian] ушёл в Telegram; Симпсоны - The Simpsons; НАШЕ; Мой Питер"
singerbar.moscow,7674621,Evgenia,Lychagina,Женский,,Podolsk,,,,МАБиУ,,,,,,,,,,,,,,
singerbar.moscow,7685898,Dasha,Kravchuk,Женский,33.0,Moscow,,,,АГЗ МЧС,,,,,,,,,,,,,2970.0,
singerbar.moscow,7718303,Nadezhda,Pakhomova,Женский,,Istra,,,,Lactalis Russia,,,,,,,,,,,,,4900.0,ВКонтакте; Корпорация зла; ЧЕШУЯ; Вульгарные; По Фрейду; VK Fest; Раневская.LIVE; Магнит; Добрый Школьник; Раневская.LIVE; Бесплатный; Правильное Питание|Шедевры Кулинарии; Женские Хитрости; След Времени!; Шальная; Женские штучки; Самые невероятные истории | Amazings of History; Хозяйкины Хитрости; Женское Настроение . Юмор .; Отдых / Жильё в Крыму/Краснодарском крае/Абхазии
singerbar.moscow,7732573,Ilya,Lukash,Мужской,,Chekhov-7,,,,МГСУ-МИСИ,,,,,,,,,,,,,208.0,
singerbar.moscow,7793940,Galiya,Baltabayeva,Женский,,Moscow,,,,"Президентская академия (РАНХиГС, бывш. АНХ)",,,,,,,,,,,,,1403.0,
singerbar.moscow,7812164,Evgeny,Volkov,Мужской,,Moscow,,,0.0,МФТИ (Физтех),,МФТИ (ГУ); МФТИ (Физтех),Гимназия №2,,,,,,,,,,194.0,"Леонардо Дайвинчик; MDK; ЁП; Литература | Великие поэты; МХК; Я тебя хочу; Vine Video; Интересная планета - путешествия, туризм; Это Россия, детка; Zлой Zаяц; ЗШ; V Λ C U U M; WebM 2.0 🅉; Орленок; Строитель; Эксперименты; Находки с Wildberries | WB OZON; World of History; Сделай сам | Строительство и лайфхаки; НАДЗОР"
singerbar.moscow,7986220,Viktor,Ivanchenko,Мужской,,Moscow,,,,,,,,,,,,,,,,,,
singerbar.moscow,8040446,Darya,Alexeevna,Женский,,Moscow,,,,МГАФК (Мосспортакадемия),,,,,,,,,,,,,651.0,
singerbar.moscow,8047048,Olga,Trofimova,Женский,,Moscow,,,,,,,,,,,,,,,,,,
singerbar.moscow,8060954,Alina,Bondareva,Женский,,Khimki,,,,МГУКИ,,,,,,,,,,,,,2928.0,
singerbar.moscow,8088411,Lyubov,Tsvetkova,Женский,,,,,,,,,,,,,,,,,,,,
singerbar.moscow,8102044,Evgenia,Shilova,Женский,38.0,Moscow,,,,МГУС / РГУТиС (бывш. МТИ),,,,,,,,,,,,,,
singerbar.moscow,8266803,Lyudmila,Ratnikova,Женский,,Moscow,,,,,,,,,,,,,,,,,,
singerbar.moscow,8347966,Alexandra,Zadiraka,Женский,34.0,Moscow,,,,МГУПБ,,,,,,,,,,,,,1300.0,"Леонардо Дайвинчик; Я 🩷 КИНО; ЁП; Корпорация зла; Литература | Великие поэты; КЕКС; MOTOR | Автомобили и ДТП; Cook Good - лучшие рецепты; Четкие Приколы; Наука и Техника; Красиво сказано . . .; Интересные факты; Достойные фильмы; Наша правда!; 5 умных мыслей; Популярная музыка; С нами стыдно, зато весело!; БОРЩ; Сарказм; Шедевры кулинарии| Вкусные рецепты"
singerbar.moscow,8476121,Ekaterina,Plotnikova,Женский,,Moscow,,,,,,,,,,,,,,,,,,
singerbar.moscow,8570475,Tanya,Kononenko,Женский,,Moscow,,,,ИММиФ,,,,,,,,,,,,,,
singerbar.moscow,8745034,Mary,Sarkisyan,Мужской,,Moscow,,London,0.0,G.oddamit O.rg,,,,"Учусь, рисую, фикрайтер, косплеер, частично фотограф","Музыка, кино, книги, Гарри Поттер, фанфики, слэш, друзья, косплей, организация мероприятий и т.д. и т.п","Three days grace, Simple Plan, Drake Bell, Sum 41, Linkin Park, Green Day, [AMATORY], Lumen, Within Temptation, Evanescence, Lafee, Lara Fabian, Tom Felton, Oliver James, Нервы, Канцлер ГИ, Слот, The Gathering, Мельница, Ария, Jain Air, narkotiki, Звери, Таня Зыкина, НС, Земфира, T.a.t.u, Наив, К и Ш, Агата Кристи, Ария, Эпидемия, Сплин, Белая гвардия, Валентин Стрыкало, Noize MC, Skillet, Marilyn Manson, Placebo, Rammstein, Scorpions, Nirvana, Gorrilaz, Depeche Mode","""Гарри Поттер"", ""Розыгрыш"", ""Все умрут, а я останусь"", ""Говори"", ""Физика или химия"", ""Индиго"", ""Она-мужчина"", ""Маска"", "" Маска 2"", ""Спеши любить"", ""The L Word"", ""Вечное сияние чистого разума"", ""Влюбись в меня, если осмелишься"", ""QaF"", ""Пустые слова"", ""Шерлок"", ""MisFits""",,"""Гарри Поттер"", Роберт Стайн, стихи",В последнее время скорее ролевые),"Пообщайтесь и все узнайте сами)
Блейз.

""...Блейз потрясающе красивый молодой человек, чья чувственная, женственная внешность пленяет и заставляет многих влюбляться в него с первого взгляда.""(с) Iren Loxley","""– Вот и я спать не хочу. У меня три кубика с буквами «Б», «Л» и «Я» и пока я не сложу из них слово «СЧАСТЬЕ» – никуда не уйду, – упрямо произнес пьяный Забини и снова потянулся за бутылкой."" (с) Iren Loxley
",831.0,"Леонардо Дайвинчик; MDK; Киномания ► Новинки мира кино; Я ★ КИНОМАН | Фильмы, сериалы, кино 2025; МХК; Палата №6; Лепра; СберКот; iFeed; Сбер; Знаете ли Вы?; Пикабу; Подслушано – Здесь говорят о тебе; MARVEL/DC: Geek Movies; Сериалы; Тысяча чертей, какая татуировка!; Зацени, что я нашел!; Идеи татуировок; Пятёрочка; Бизнес Инфо"
singerbar.moscow,8801168,Emilio,Saitoff,Мужской,40.0,Moscow,,Москва,1.0,РГУП им. В. М. Лебедева (бывш. РАП),,МГАФК (бывш. МОГИФК); РГУП им. В. М. Лебедева (бывш. РАП),,,,,,,,,,,377.0,"Я ★ КИНОМАН | Фильмы, сериалы, кино 2025; Мир танков; VK Фитнес; Артемий Лебедев; Кинопремьеры 2025 | Фильмы | Сериалы; Теперь ты знаешь!; КОТ | Новости о животных; Настасья Самбурская; Just Sport | Бодибилдинг | Фитоняши | ММА | Бокс; HD Кино - Фильмы; MILASH; Шальной мужик; Алена Шишкова; Советский; MMA; SQUATSMANIA; Группа АЛИСА; Тайланд Пхукет; Bad Girls; МОТОМОСКВА Это наш Город!"
singerbar.moscow,8805645,Anna,Shalomanova,Женский,,Moscow,,Москва,4.0,Arenadata,,МГПУ; МГАДА (МГИДА),,,,,,,,,,,258.0,"ВКонтакте; Я 🩷 КИНО; Литература | Великие поэты; Cook Good - лучшие рецепты; Наука и Техника; Бумажный кораблик; Рецепты l В домашних условиях l На зиму; Наша правда!; Лучшие рецепты Повара; анекдотов.net; Простые рецепты; Science|Наука; Словарный запас; СТС; Внешность - на время, Душа - навсегда; Просто Вкусно; История|History; Легкие рецепты; Интересная планета - путешествия, туризм; Юмор Шрёдингера"
singerbar.moscow,8845039,Arseny,Kostenkov,Мужской,32.0,,,Королев,0.0,,,,,,,,,,,,,,266.0,"Видео Долбоёба; История|History; Тысяча чертей, какая татуировка!; Мир Российская Премьер-Лига; Тату и эскизы; D4; KUDAGO: Москва; Comics Network; MRZLK; ПФК ЦСКА Москва; [BadComedian] ушёл в Telegram; RADIO TAPOK; Эскизы татуировок; Интересная Москва; Amazing GoPro; 2RBINA 2RISTA; PZHWear. Russian Streetwear Brand; Аренда в Москве сдам,сниму квартиру,комнату Мск; Стас Ай, Как Просто!; Joan Cornella"
singerbar.moscow,8904715,Viktoria,Triodina,Женский,,,,,,Бизнес-школы RMA,,,,,,,,,,,,,1074.0,
singerbar.moscow,8963386,Anton,Davydov,Мужской,30.0,Moscow,,,,,,,,,,,,,,,,,455.0,MDK; Корпорация зла; ИМПЕРИЯ КИНО | НОВИНКИ 2025; БОРЩ; Food.ru — Любимая кухня страны; Это Нужно Знать; Черный квадрат • бесцензурные новости; Vine; Подслушали; Rock | Рок; Fosters; Алкоголик; М.Видео | Эльдорадо; АКУЛА; Virtus.pro; Клуб владельцев NOKIA; 9O2; Сообщество Автомобилистов; VSRAP Community; Подслушано Метро Москвы | Ищу тебя
singerbar.moscow,8973158,Olga,Kalinichenko,Женский,,Korolyov,,,,ГБОУ Школа №777 Москва,,,,,,,,,,,,,,
singerbar.moscow,9022581,Ekaterina,Rodionova,Женский,,Moscow,,,,,,,,,,,,,,,,,341.0,
singerbar.moscow,9054825,Marina,Margaeva,Женский,,Moscow,,,,,,,,,,,,,,,,,480.0,
singerbar.moscow,9258883,Tatyana,Brilliantova,Женский,,,,,,ИММиФ,,,,,,,,,,,,,,
singerbar.moscow,9333408,Alexey,Rogozhnikov,Мужской,,Perm,,,,МГУТУ (ПФ),,,,,,,,,,,,,,
singerbar.moscow,9360478,Sergey,Trembach,Мужской,,Moscow,,Москва,1.0,МГИУ,,МГИУ,Школа № 1288 им. Героя Советского Союза Н. В. Троян; Детская музыкальная школа им. А. К. Лядова (бывш. ДМШ 15),,,"The Game, Марсель, Nas, 50 Cent, Linkin Park, Limp Bizkit, Lloyd Banks, Eminem, The Prodigy, Kanye West, Pharrell, Akon, Three 6 Mafia, Mobb Deep, T.I., Timbaland, DMX, Jay-Z, Chamillionaire, Лигалайз, Busta Rhymes, CENTR, Timbaland, Twista, Ноггано","Get Rich Or Die Tryin, Taxi, 8 Mille, Lost, Я - Легенда, Bad Boys, Пункт Назначения, 28 дней спустя, 28  недель спустя, Особо Опасен, Я-Робот, Люди в черном, Хэнкок, Сайлент Хилл, Hustle & Flow, Необратимость, 7 жизней","Россия - Голландия (3:1), Comedy Club, Наша Russia, South Park, The Simpsons",Джека Лондона,"GTA, NFS, Cs source, Fifa 02-09(профи), Call Of Duty 4, TDU, NBA 07",,"'I got 1 word for you, motherf*cker, COMPTON!!!!' (The Game - Big Dreams)

""Я убью тебя Мо... УИИИИИИИ!!!! (Гомер Симпсон)""

'If you take a look in my eyes,
You see i'll be a gangsta till I die,
That California chronic got me so high,
Game tell them where your from,
Nigga westside!' (The Game feat.50 Cent - Westside Story)

........... ТОЛЬКО Б~~ТЬ РУКУ С ДОМОФОНА СНИМИ!!!!!!!!!!!!!!!!!!! (СЕСТРА ИЗ АНЕКДОТА)
",422.0,"MDK; КИНОМАНИЯ | Фильмы и сериалы; Я ★ КИНОМАН | Фильмы, сериалы, кино 2025; Корпорация зла; КЕКС; MOTOR | Автомобили и ДТП; Я тебя хочу; NR; Vine Video; Палата №6; Лепра; НЕНОРМАЛЬНО; Академия Порядочных Парней; iFeed; Begin English. Английский язык для всех; Черный юмор; Действительно смешно; Best Video; PARTY HARD (gif & video); Новинки кино"
singerbar.moscow,9495908,Alexey,Gagarin,Мужской,35.0,Moscow,,Голицыно,0.0,ВЕДУЩИЙ и ОРГАНИЗАТОР АЛЕКСЕЙ ГАГАРИН,,КФ МФПУ «Синергия» (бывш. МФПА),№1 им. Г.С.Титова,Любитель организовывать тематические вечеринки),,Такой нет. Плейлист зависит от настроения.,"Пираты Карибского Моря, Соседка, Очень Страшное Кино, Американские пироги, Сверхъестественное, Хроники Нарнии, Зелёная миля, Титаник, Аватар, 50 оттенков серого и т.д.",Не смотрю TV,,На свежем воздухе или квесты),,"""Лучше быть последним волком в стае, чем первым в кучке шакалов.""

""Потеряв всё - мы обретаем свободу.""
",1029.0,ВКонтакте; Бот Максим; PostNews; Новая Музыка 2025; ВКонтакте для бизнеса; КИНОБРО; Голос; Новая Музыка 2025 & Популярные Песни; Телеканал 360; НОВИНКИ МУЗЫКИ 2025; TargetHunter; КИНО | СЕРИАЛЫ | 2025; Анна Акинина | Нетипичный Фермер; ЕВРОВИДЕНИЕ • Eurovision Song Contest; BelRadio™ Лучшая музыка online; Дом 1956г. Сад. Уют от marinamalinovaya; Музыка для видео; Дача...сад...огород...ландшафтный дизайн...; Cirque du Soleil | Цирк дю Солей; Типичное Одинцово
singerbar.moscow,9639947,Anastasia,Egorova,Женский,37.0,Saint Petersburg,,,,ИЭиК,,,,,,,,,,,,,,
singerbar.moscow,9703204,Vladimir,Bazhov,Мужской,,Moscow,,,,COMEDY - женский и мужской юмор,,,,,,,,,,,,,15763.0,"ВКонтакте; Я ★ КИНОМАН | Фильмы, сериалы, кино 2025; Открытки Поздравления Пожелания С Днём Рождения; NR; Знакомства - Анонимный чат; Comedy Club; Бот Максим; VK Фитнес; Пикабу; ОСТРОУМНЫЕ; МУЗ-ТВ; INSTASAMKA; VK Видео; Discovery; Артемий Лебедев; COMEDY - женский и мужской юмор; ТНТ MUSIC; KUDAGO: Москва; ВЕСТИ; Телеканал Царьград"
singerbar.moscow,9707526,Maria,Barabashkina,Женский,,Moscow,,,,МЭСИ,,,,,,,,,,,,,,
singerbar.moscow,9761307,Mikhail,Malakhov,Мужской,47.0,Moscow,,,,Михаил Малахов организатор концертов,,,,,,,,,,,,,2628.0,"Я 🩷 КИНО; Фильмы 2025 Новинки кино онлайн Игра в кальмара; Литература | Великие поэты; Фильмы; Полный Бак; Знаете ли Вы?; Подслушано – Здесь говорят о тебе; Фильмы, основанные на реальных событиях; Юмор Шрёдингера; Traveler - Путешествия и туризм; КОМПОТ — Журнал со вкусом; Первый канал; Вдохновение.; ВКонтакте для бизнеса; Азамат Мусагалиев; ВКонтакте с авторами; Полезное образование | Интеллектуариум; Книги; КиноКайф - лучшее из мира кино!; VK Видео"
singerbar.moscow,9790452,DELETED,,Мужской,,Moscow,,,,"SHUSHAS: ресто-бар, караоке и ночной клуб",,,,,,,,,,,,,,
singerbar.moscow,9824209,Yulia,Fingerit,Женский,,Samara,,Самара,1.0,DFM Самара 102.9 FM,Fingerit fm; ,СГАУ им. Королева,Самарский медико-технический лицей (СМТЛ); Школа № 50; Детская музыкальная школа им. Д. Б. Кабалевского (бывш. ДМШ 10); Детская музыкальная школа им. Д. Б. Кабалевского (бывш. ДМШ 10); Школа телевидения Останкино Ольги Спиркиной,,"Музыка, театр, кинематограф, литература, спорт",🤟🏼,"6 чувство, семьянин",,,,"Каждый видит то,что хочет увидеть",,11650.0,
singerbar.moscow,9826033,Nikolas,Chevelou,Мужской,,Batumi,,,,YOUR LOGISTIC,,,,,,,,,,,,,345.0,
singerbar.moscow,9826182,Denis,Monteev,Мужской,,Simferopol,,,,Ресторанный бизнес,,,,,,,,,,,,,317.0,"КИНОМАНИЯ | Фильмы и сериалы; Я ★ КИНОМАН | Фильмы, сериалы, кино 2025; NETFLIX VK | Новинки кинo, сериалы, фильмы 2025; Четкие Приколы; Бумажный кораблик; RECORD; Лайфхак; iFeed; MDK; FUN; Begin English. Английский язык для всех; Полный Бак; НОВИНКИ КИНО 2025; Смотри, что я узнал; Тряхни Нормальность; Грубо? Простите.; 40 КГ; Книга Рекордов; Наука и факты | Что будет, если...?; Здоровое тело. Мы за здоровый образ жизни"
singerbar.moscow,9952948,Irina,Chervontseva,Женский,,Moscow,,,,,,,,,,,,,,,,,1714.0,"НОВАЯ МУЗЫКА — Популярные Песни; Литература | Великие поэты; МХК; Музыка; Достойные фильмы; Сарказм; Лепра; ЧЕШУЯ; Мужской рай; Best Video; Откровенно женский; Салон красоты; Психология Джокера; Маникюр | Ногти | Педикюр | 2025; Интересная планета - путешествия, туризм; Прически | Стрижки 💇 Окрашивания; Современная Девушка; Здоровое тело. Мы за здоровый образ жизни; UFC & MMA; Смешно до Слёз ツ"
singerbar.moscow,10147915,Olesya,Bugrova,Женский,,Moscow,,,,РГСУ (бывш. МГСУ),,,,,,,,,,,,,,
singerbar.moscow,10153713,Anastasia,Bulanova,Женский,,Moscow,,,,"МГОТУ (ФТА, КИУЭС)",,,,,,,,,,,,,,
singerbar.moscow,10312625,Yulia,Bondareva,Женский,,Moscow,,One love  Saint-P,4.0,ЯНГИ (филиал ТГНГУ),"предприятие; Mazza-Haka; ООО ""СП ""Гарант""; Кредитно-потребительский сою ""Альянс-инест""",ЯНГИ (филиал ТГНГУ),"Газпром техникум Новый Уренгой (ГТНУ, бывш. НТГП); Средняя школа «Земля родная»",ресторанный бизнес,саморазвитие,,,,,,,,1247.0,"НОВАЯ МУЗЫКА — Популярные Песни; Я 🩷 КИНО; MDK; ЁП; Я ★ КИНОМАН | Фильмы, сериалы, кино 2025; Литература | Великие поэты; VK Музыка; Cook Good - лучшие рецепты; Идеи дизайна интерьера; Интересные факты; Музыка; Наша правда!; Психология отношений; 5 умных мыслей; Анонимный Чат - Бот Знакомства; Фильмы; НЕНОРМАЛЬНО; RECORD; Психология; Готовим дома: вкусно и просто"
singerbar.moscow,10417634,Yulia,Valentinovna,Женский,,Moscow,,,,ИВЭСЭП,,,,,,,,,,,,,,
singerbar.moscow,10513358,Anton,Kuzmin,Мужской,31.0,Moscow,,,,,,,,,,,,,,,,,258.0,
singerbar.moscow,10783330,Kristina,Kochmarik,Женский,,Moscow,,Ивано-Франковск,3.0,Дуэт Богема и Богемные новости,,ИСИ,Школа №22,Музыкальная.Участие в различных праздничных мероприятиях,"Музыка.Кино, танцы, компьюторные игры, скрипка.Люблю дорогие духи, буду всегд рада, если подарите Шампанское, красная икра, рафаэлoo. Шашлычок под коньячок. Море.Хочу прыгнуть с парашюта, ) Разгуливать по улице голой)))))))) И хочу поехать в Германию","""Guano Apes""""Dropped"", Таиссия Повалий, София Ротаро, Him, Эдита Пьеха, Мерлин Менсон, Руслана, Анилорак, Лариса Долина","""Хищники против чужих"", ""У холмов есть глаза"", Гитлер-капут","""Моя прекрасная няня"", ""Папины дочьки"", ""Универ"", ""Обжираемся вменсте с МАЛАХОВЫМ)))))""","ОМЕН, Таривердиев=)","СИМСЫ, ""Allines""""Шорох"" ""Allone the dark""  ""Шорох"" последние 2 ещё не прошла",не скажу=),"Du hast mich, Ich liebe dich, guten nacht, meine Schneck!!
I love you,Kriss =)",8962.0,Безопасность; Дзен; Битва Экстрасенсов; Английский каждый день | Endaily; Телеканал РОССИЯ 1; Клава Кока; Ольга Бузова; Вормикс; RADIO TAPOK; Дима Билан / Dima Bilan; Москва Live; ROCK l РОК; Ария; Новый Рэп; Rock | Институт Благородных Рокеров; RANDX; ВШОУБИЗЕ.РФ Кастинги Съемки Работа в шоу-бизнесе; MILASH; Английский язык | English every day; КняZz
singerbar.moscow,10837959,Inna,Egorova,Женский,,Moscow,,,,СПбГУСЭ,,,,,,,,,,,,,968.0,
singerbar.moscow,10865338,Tatyana,Bochkareva,Женский,42.0,Moscow,,Прокопьевск,4.0,НГК им. Глинки,,НГК им. Глинки,Школа № 32,,,,,,,,,,10615.0,"ВКонтакте; Я ★ КИНОМАН | Фильмы, сериалы, кино 2025; Kate Mobile; Телеканал ТНТ; Идеи дизайна интерьера; Открытки Поздравления Пожелания С Днём Рождения; Я тебя люблю; Леонардо - Бот Знакомства; Анонимный Чат - Бот Знакомства; LIVE; Игра ""Сокровища Пиратов"" - официальная группа; Comedy Club; Европа Плюс; СТС; РИА Новости; Пикабу; На все руки; Великие Слова | Цитаты и Афоризмы; Кинопоиск; Traveler - Путешествия и туризм"
singerbar.moscow,11150095,Nikolay,Bil,Мужской,41.0,Sergiev Posad-7,,,,МФЮА,,,,,,,,,,,,,,
singerbar.moscow,11274624,Maria,Samotoeva,Женский,,Kemerovo,,,,"КузГТУ
",,,,,,,,,,,,,400.0,"ИМПЕРИЯ КИНО | НОВИНКИ 2025; НЕ ПОВЕРИШЬ!; Женские Хитрости | Лайфхакерша; Игры ВКонтакте; Вокруг света; Успешная девушка; Школа красоты; Великие Слова | Цитаты и Афоризмы; Durex; Современная Девушка; Traveler - Путешествия и туризм; Я не стерва, это нервы| Статусы; Модная девушка; Хитрости жизни; РЫНОК САДОВОД ПОСТАВЩИКИ; В деревню к бабушке!; Планета Самоцветов; Психология ★ Эзотерика. Успех ★ Счастье; Women's rules | Женский журнал; Домашние хитрости | Гений креатива"
singerbar.moscow,11344351,Oksana,Malysheva,Женский,41.0,Chelyabinsk,,,,IMIX - КВИЗ Копейск,,,,,,,,,,,,,2177.0,Идеи дизайна интерьера; ЧЕШУЯ; Кулинарное искусство; На все руки; Идеи для творчества и подарков своими руками; Виктория Складчикова; ВКонтакте для бизнеса; Шальная Императрица; Телеканал РОССИЯ 1; Рукоделие | Своими руками; Образовательный журнал со вкусом; SHAMAN; Фотошкола: объективно о главном; Шитье Выкройки; Наш Челябинск; Дизайн / интерьер / стиль  -  SmashDesign; Марк Бартон; Рецепты домашних заготовок на зиму; Сима-ленд; Ольга Малащенко
singerbar.moscow,11401552,Alexandra,Molchanova,Женский,35.0,Arkhangelsk,,,,"СИП
",,,,,,,,,,,,,,
singerbar.moscow,11472564,Konstantin,Radzivill,Мужской,,Moscow,,,,МГУ,,,,,,,,,,,,,233.0,
singerbar.moscow,11573987,Ivan,Volchkov,Мужской,,Moscow,,,,МФЮА,,,,,,,,,,,,,353.0,
singerbar.moscow,11607990,Fail,Khasanov,Мужской,,Moscow,,,,,,,,,,,,,,,,,718.0,
singerbar.moscow,11678071,Elena,Vasyakina-Bizyukina,Женский,,Moscow,,,,МГОУ им. В. С. Черномырдина (ныне в сост. МАМИ),,,,,,,,,,,,,,
singerbar.moscow,11687949,Victoria,Poloz,Женский,,Moscow,,,,Творческое пространство,,,,,,,,,,,,,,
singerbar.moscow,11741082,Masha,Azarushkina,Женский,,Moscow,,,,,,,,,,,,,,,,,,
singerbar.moscow,11742543,Natalya,Ardakova,Женский,,Moscow,,,,МИ (ф) ВлГУ им. Столетовых,,,,,,,,,,,,,,
singerbar.moscow,11867374,Vladimir,Shaposhnikov,Мужской,39.0,Pavlovsky Posad,,,,Ярче РЦ Обухово,,,,,,,,,,,,,,
singerbar.moscow,12053582,Eugenio,Teterukov,Мужской,,Moscow,,,,"Президентская академия (РАНХиГС, бывш. АНХ)",,,,,,,,,,,,,1299.0,
singerbar.moscow,12354563,Alyona,Chistyaeva,Женский,36.0,Moscow,,,,ВГИК,,,,,,,,,,,,,1242.0,"КИНОМАНИЯ | Фильмы и сериалы; Фильмы 2025 Новинки кино онлайн Игра в кальмара; Корпорация зла; Kate Mobile; Cook Good - лучшие рецепты; NR; Психология отношений; Шедевры кулинарии| Вкусные рецепты; Шутник; Убейся Позитивом; Злой Чаплин; Новинки кино; YUMMY | ВКУСНЫЕ РЕЦЕПТЫ; Prank Time; НОВИНКИ КИНО 2025 НОВЫЕ ФИЛЬМЫ; Кинопоиск; Тысяча чертей, какая татуировка!; Идеи татуировок; СКРИПТОНИТ; Тихие Радости Зла"
singerbar.moscow,12428513,Algis,Virrochi,Мужской,,Moscow,,,,группа ☆ ЛИКИ ☆,,,,,,,,,,,,,,
singerbar.moscow,12592593,Ruslan,Merenkov,Мужской,,Moscow,,,,MegaNight RADIO By Megapolis FM,,,,,,,,,,,,,,
singerbar.moscow,12644371,Alexander,Konstantinov,Мужской,,Kemerovo,,,,"КузГТУ
",,,,,,,,,,,,,84.0,"Город Грехов; Про Авто; АВТО; О чем говорят мужчины; Comedy Radio; Российское общество «Знание»; СПОРТИВНАЯ НАЦИЯ — спорт / фитнес / MMA; ТЕХНАРЬ; ТехноБлог; Брелок и обложка с гос.номером; Rolly Darom; Печать на стене Сочи; Singer - караоке, бар, ресторан в Москве; Toyota Ractis Club (Russia); MediaTech; Облакадесерт - незабываемо Вкусно!; Настольные игры в Кемерово ""Настольный мир"""
singerbar.moscow,12678040,Dasha,Gordeeva,Женский,,,,,,РГГУ,,,,,,,,,,,,,2494.0,"Леонардо Дайвинчик; Я 🩷 КИНО; КИНОМАНИЯ | Фильмы и сериалы; Я ★ КИНОМАН | Фильмы, сериалы, кино 2025; Литература | Великие поэты; Телеканал ТНТ; Cook Good - лучшие рецепты; Наука и Техника; ИМПЕРИЯ КИНО | НОВИНКИ 2025; МХК; Музыка; Я тебя хочу; Наша правда!; Vine Video; Знакомства - Анонимный чат; Шпильки | Женский Журнал; Фабрика идей; Food.ru — Любимая кухня страны; iFeed; Готовим дома: вкусно и просто"
singerbar.moscow,12691990,Alyona,Uspenskaya,Женский,,Moscow,,,,ШКОЛА МУЗЫКИ | MUSIC CLUB | ВОКАЛ | ГИТАРА,,,,,,,,,,,,,4038.0,"КиноКайф - Лучшие фильмы; Я 🩷 КИНО; Киномания ► Новинки мира кино; КИНОМАНИЯ | Фильмы и сериалы; Я ★ КИНОМАН | Фильмы, сериалы, кино 2025; Корпорация зла; Cook Good - лучшие рецепты; МХК; Ужасы и Триллеры 2025 | Лучшие фильмы ужасов; БОРЩ; Шедевры кулинарии| Вкусные рецепты; ТОПОР; Я в шоке!; Шпильки | Женский Журнал; 0% жирности; Best Video; ПОЗИТИВ; Салон красоты; 40 КГ; SOKOLOV"
singerbar.moscow,12745919,Dasha,Vakulina,Женский,,Moscow,,,,,,,,,,,,,,,,,199.0,
singerbar.moscow,12789846,Yulia,Lyzina,Женский,,Moscow,,,,МГПУ,,,,,,,,,,,,,,
singerbar.moscow,13029289,Poluno,Poluno,Мужской,,Moscow,,,,European tramp,,,,,,,,,,,,,4818.0,"ВКонтакте; Я 🩷 КИНО; Киномания ► Новинки мира кино; Я ★ КИНОМАН | Фильмы, сериалы, кино 2025; NETFLIX VK | Новинки кинo, сериалы, фильмы 2025; Идеи дизайна интерьера; Наука и Техника; ИМПЕРИЯ КИНО | НОВИНКИ 2025; HD Кино - Фильмы онлайн 2025; Бумажный кораблик; Открытки Поздравления Пожелания С Днём Рождения; Рифмы и Панчи; NR; Достойные фильмы; Наша правда!; Леонардо - Бот Знакомства; Лепра; ТОПОР; Психология; Шпильки | Женский Журнал"
singerbar.moscow,13052275,Konstantin,Bespaly,Мужской,40.0,Reutov,,РЕУТОВ,4.0,"МГТУ ""МАМИ""",,"МГТУ ""МАМИ""",Школа № 2,https://music.yandex.ru/artist/2384593?utm_medium=copy_link,,,,,,,"Участник AzimutZvuk

Моя официальная группа Вконтакте -
http://vkontakte.ru/club18259728
","Я узнал, что у меня
Есть огромная семья
И тропинка и лесок
В поле каждый колосок
Речка,небо голубое
Это всё моё родное
Всех люблю на свете я
Это РОДИНА МОЯ!!!!",7577.0,"ВКонтакте; Я ★ КИНОМАН | Фильмы, сериалы, кино 2025; NR; Comedy Club; GAZ; Делать нечего в селе, мы сидим навеселе; ГУФ (GUF); ФК БАРСЕЛОНА ∞ FC BARCELONA; КАСПИЙСКИЙ ГРУЗ; Клуб Автомобилистов; Показалось; Каста; SLIMUS \ Slim; CENTR - FLAVA; TOASTER; RAP FROM RUSSIA; Рэп Revolution; ★ AZIMUTZVUK ★; Домик в Деревне; LOC-DOG"
singerbar.moscow,13157777,Maria,Petrova,Женский,37.0,Moscow,,,,"ГЭТИ (бывш. АСЭР, Академия «Континент»)",,,,,,,,,,,,,,
singerbar.moscow,13185808,Alexey,Karpov,Мужской,,Moscow,,,,"МГУТУ (бывш. МГТА, МГЗИПП, ВЗИПП)",,,,,,,,,,,,,,
singerbar.moscow,13190623,Nationsorg,Association,Мужской,,Lyon,,Lyon,0.0,IT,IT,СПбГУ,,"Business, Import-Export","IT, finance","soul, jazz, blues, pop",https://www.facebook.com/groups/rulyon/,,Master&Margaret,,"http://www.pagesjaunes.fr/pros/56617831

Бесит, когда меня судят те, которые вообще понятия не имеют кто я.",Never say never,5511.0,ВКонтакте; MDK; VK Музыка; Телеканал ТНТ; Смейся до слёз :D; Четкие Приколы; Музыка; Я тебя хочу; В приколе (18+); анекдотов.net; Улетные приколы; LIVE; Comedy Club; МЕМЫ; iFeed; Европа Плюс; MDK; Science|Наука; Сбер; РИА Новости
singerbar.moscow,13245228,Alina,Kozyrovskaya,Женский,,Krasnogorsk,,,,СГА (ОФ),,,,,,,,,,,,,,
singerbar.moscow,13264956,Sergey,Sergey,Мужской,,Komsomolsk-Na-Amure,,,,КНААЗ,,,,,,,,,,,,,112.0,
singerbar.moscow,13518465,Vladislovas,Užkurys,Мужской,32.0,Warszawa,,,,Latvijas kultūras pārstāvniecība,,,,,,,,,,,,,,
singerbar.moscow,13551951,Stepan,Stepanov,Мужской,,Moscow,,,,Лучи,,,,,,,,,,,,,,
singerbar.moscow,13559407,Elizaveta,Volkhonkina,Женский,,Moscow,,,,РГУФКСМиТ (ГЦОЛИФК),,,,,,,,,,,,,1544.0,
singerbar.moscow,13583826,Alla,Klesch,Женский,,Moscow,,,,МГУДТ,,,,,,,,,,,,,220.0,НОВАЯ МУЗЫКА — Популярные Песни; КИНОМАНИЯ | Фильмы и сериалы; Корпорация зла; ИМПЕРИЯ КИНО | НОВИНКИ 2025; Музыка; Леонардо - Бот Знакомства; Словарный запас; Begin English. Английский язык для всех; 40 КГ; Здоровое тело. Мы за здоровый образ жизни; Fashion - мода и стиль; КОМПОТ — Журнал со вкусом; Школа кулинарии | Вкусные рецепты; KUDAGO: Москва; Фотошедевры; USA. США. Английский язык - Всё об Америке; Фотошкола: объективно о главном; Англия | Английский язык; ЛЕНТА; Читай-город
singerbar.moscow,13689255,Sergey,Sheremetyev,Мужской,,Izhevsk,,,,Disco Club «Спутник»| Ижевск,,,,,,,,,,,,,1552.0,
singerbar.moscow,13783829,Kirill,Telezhkin,Мужской,25.0,Moscow,,,,"ОБЩЕСТВО С ОГРАНИЧЕННОЙ ОТВЕТСТВЕННОСТЬЮ НПО ""СПЕКТР ПЛЮС""",,,,,,,,,,,,,,
singerbar.moscow,13832162,Nikolay,Litvinov,Мужской,,Malakhovka,,,,МГАКХиС (ВЗИСИ),,,,,,,,,,,,,,
singerbar.moscow,14035677,Anna,Vasilyeva,Женский,,Moscow,,,,ОБЕ-РЕК,,,,,,,,,,,,,12768.0,"ВКонтакте; VK Музыка; Идеи дизайна интерьера; МХК; Лучшие рецепты Повара; НЕ ПОВЕРИШЬ!; Лепра; Идеи вашего дома; СТС; Лепрозорий; Интеллектуальный юмор; Музыка 2024; Радио ENERGY (NRJ); Как я встретил столбняк; Наука и факты | Что будет, если...?; послание; Стихи давно забытого поэта; Почему я этого не знал?; Читающие; Дома не поймут"
singerbar.moscow,14347132,Alexandra,Ogneva-Galyant,Женский,,Krasnogorsk,,Москва,0.0,ВПУ №82,,ВПУ №82,,,,,,,парите вместе с орлами,,человек с этой планеты.............,,627.0,
singerbar.moscow,14405009,Anatoly,Vasilyev,Мужской,,Moscow,,,,МФЮА,,,,,,,,,,,,,,
singerbar.moscow,14418736,Rostislav,Sergeev,Мужской,,Moscow,,,,,,,,,,,,,,,,,,
singerbar.moscow,14425054,Sergey,Romanov,Мужской,,Moscow,,,,Ремонт Гаджетов и Cоздание Эко Системы-ЭкоTach,,,,,,,,,,,,,3026.0,"Ремонт Гаджетов и Cоздание Эко Системы-ЭкоTach; Пикси и Брут; загадочные обстоятельства; Лепрозорий; A L M E R I A; Мегамозг; Romanow Records Lab; КЕТО ЗОНА | Диана Волкова; Типичный творческий; NATRY; Смотри, что я узнал; #kit_chin; KiT - проектная акустика; Mebelmami; PhoneHub - Продажа и ремонт техники Apple; PicoLAND x VR Union; СМЫСЛ музыкальный фестиваль в Нижнем Новгороде; Хор Aeternitas; Star Wars The Old Republic Русификатор; Чёрный юмор"
singerbar.moscow,14474767,Vadim,Morozov,Мужской,,Moscow,,,,МФПА (бывш. ММИЭИФП),,,,,,,,,,,,,401.0,"Я ★ КИНОМАН | Фильмы, сериалы, кино 2025; Идеи дизайна интерьера; Интересные факты; Лучшие Мультфильмы 2025 | Мультики; Академия Порядочных Парней; Золотые руки | Строительство и ремонт; Comedy Club; ЯЖЕВОДИТЕЛЬ; MDK; Интерьер и декор; AliExpress; ПОЗИТИВ; Шедевры Кино | Фильмы 2025 |  | Новые Фильмы; Мир Кино; НОВИНКИ КИНО 2025 | ЛУЧШИЕ ФИЛЬМЫ; Здоровое тело. Мы за здоровый образ жизни; Traveler - Путешествия и туризм; GUNS | Мужской журнал; Моя квартира; Идеи для дачи"
singerbar.moscow,14615303,Diana,Busko,Женский,,Moscow,,,,МГГТУ им. С. Т. Морозова (бывш. МГОГИ),,,,,,,,,,,,,651.0,КиноКайф - Лучшие фильмы; Идеи дизайна интерьера; 5 интересных фактов; Кулинарное искусство; LOOK OF YOUNG; Лучшие мысли | Саморазвитие | Психология; Верую † Православие; Just Cook; Квартирный Вопрос; Уютный декор для дома. Handmade и рукоделие; Ideas & Decor; Натальная карта; Великие стихи Великих поэтов; Полезное образование | Интеллектуариум; Сделай сам!; ПСИХОЛОГИЯ; Я люблю русский язык!; Уютный уголок; Интересная Москва 𝄞 VPN; Vandrouki | Путешествия почти бесплатно (RU)
singerbar.moscow,14757276,Mikhail,Dzerzhinsky,Мужской,,,,,,,,,,,,,,,,,,,,
singerbar.moscow,14797829,Elena,Gurova,Женский,,Moscow,,,,МГМСУ им. А. И. Евдокимова,,,,,,,,,,,,,687.0,"0% жирности; Фабрика идей; Science|Наука; Идеи вашего дома; Школа ремонта; Интерьер и декор; ЧБД; Тысяча чертей, какая татуировка!; МАМА™; Спортивная; Родители и педагоги! Наши дети; Зацени, что я нашел!; Худей вкусно; Мир Discovery; Ideas & Decor; Дом рукоделия. Handmade, дизайн и декор; ПСИХОЛОГИЯ; BRAIN; Мир Дизайна; journal minimalism"
singerbar.moscow,14799424,Dima,Bely,Мужской,,Moscow,,,,РХТУ им. Менделеева,,,,,,,,,,,,,,
singerbar.moscow,14801776,Aygul,Itolova,Женский,,Samara,,,,,,,,,,,,,,,,,,
singerbar.moscow,14839180,Valeria,Terekhova,Женский,,Moscow,,,,СПАО Ингосстрах,,,,,,,,,,,,,,
singerbar.moscow,14863711,Dmitry,Pugachev,Мужской,40.0,Moscow,,Москва,0.0,СТИС (филиал ЮРГУЭС),,СТИС (филиал ЮРГУЭС),Гимназия № 7,,,,,,,,,,325.0,
singerbar.moscow,14925035,Ksenia,Semenova,Женский,,Berdsk,,,,СибУПК,,,,,,,,,,,,,1845.0,"Телеканал ТНТ; Cook Good - лучшие рецепты; Идеи дизайна интерьера; Интересные факты; Наша правда!; БОРЩ; Сарказм; Школа ремонта; Интерьер и декор; Сбер; AliExpress; Просто Вкусно; РИА Новости; Клуб Молодых Мам (КММ); 40 КГ; Кулинарное искусство; Идеи для творчества и подарков своими руками; Наука и факты | Что будет, если...?; Интересные Факты; Почему я этого не знал?"
singerbar.moscow,15051608,Olesya,Eraslan,Женский,,Moscow,,,,Albazo,,,,,,,,,,,,,780.0,
singerbar.moscow,15070599,Eva,Makedonskaya,Женский,,Moscow,,,,Место Силы: Солнце и Луна,,,,,,,,,,,,,,
singerbar.moscow,15107761,Walter,Willy,Мужской,33.0,Vladikavkaz,,,,"ГГАУ
",,,,,,,,,,,,,,
singerbar.moscow,15177562,Maria,Khizhnyak,Женский,,Moscow,,,,MASHA MORR | Alternative Rock,,,,,,,,,,,,,845.0,
singerbar.moscow,15226544,Olga,Gurova,Женский,,Mytischi,,,,РУК (бывш. МУПК),,,,,,,,,,,,,,
singerbar.moscow,15378398,Anastasia,Kharlamova,Женский,,Moscow,,Москва,4.0,"Российские железные дороги (ОАО ""РЖД"")",,"РУТ (МИИТ) (бывш. МГУПС Императора Николая II); РОАТ МИИТ (бывш. РГОТУПС, ВЗИИТ)",Школа № 920,,,,,,,,,"
",247.0,
singerbar.moscow,15378429,Tatyana,Zhukova,Женский,,Moscow,,,,НИИ НДХ и Т,,,,,,,,,,,,,,
singerbar.moscow,15382373,Katerina,Shipovalova,Женский,,Moscow,,,,ГУУ,,,,,,,,,,,,,761.0,"Шедевры кулинарии| Вкусные рецепты; Шедевры рекламы; Дзен; ВКонтакте для бизнеса; Книги; Юла; ВКонтакте с авторами; Мотивация. Дальше - Больше!; Я люблю русский язык!; Мир Дизайна; Интересная Москва 𝄞 VPN; Это Питер, детка! [Типичный Питер]; Женские Секреты; Albertina; Би-2; Литературный оргазм; Психология Жизни. Саморазвитие.; Мой Питер; Мой Аэрофлот; To be better. Психология и саморазвитие"
singerbar.moscow,15531232,Yan,Zverev,Мужской,,Moscow,,,,,,,,,,,,,,,,,3793.0,"Я 🩷 КИНО; Я ★ КИНОМАН | Фильмы, сериалы, кино 2025; MOTOR | Автомобили и ДТП; МХК; Леонардо - Бот Знакомства; Лепра; Знакомства - Анонимный чат; Begin English. Английский язык для всех; Интеллектуальный юмор; Наука, Техника и Нейросети; Тонкий юмор; Мир Кино; Интересная планета - путешествия, туризм; Юмор Шрёдингера; Это интересно!; Zлой Zаяц; Почему я этого не знал?; Правильные Мысли; Макс Корж; Слова Великих людей"
singerbar.moscow,15539579,Ilya,Gerasimov,Мужской,,Moscow,,,,,,,,,,,,,,,,,,
singerbar.moscow,15543779,Evgenia,Nemova,Женский,119.0,Moscow,,Москва,0.0,РГУ им. А. Н. Косыгина (бывш. МГУДТ),,РГУ им. Косыгина (бывш. МГУДТ); РГУ им. А. Н. Косыгина (бывш. МГУДТ),Школа № 1145,,,,,,,,,,303.0,Леонардо Дайвинчик; КиноКайф - Лучшие фильмы; MDK; ЁП; Фильмы 2025 Новинки кино онлайн Игра в кальмара; Телеканал ТНТ; MOTOR | Автомобили и ДТП; Идеи дизайна интерьера; Наука и Техника; HD Кино - Фильмы онлайн 2025; Интересные факты; В приколе (18+); Достойные фильмы; Наша правда!; Vine Video; Психология отношений; Лучшие Комедии 2025; Леонардо - Бот Знакомства; БОРЩ; НЕ ПОВЕРИШЬ!
singerbar.moscow,15602818,Ilya,Sergeyevich,Мужской,36.0,Moscow,,,,,,,,,,,,,,,,,194.0,
singerbar.moscow,15621764,Petr,Artemyev,Мужской,37.0,Ulyanovsk,,,,УГСХА,,,,,,,,,,,,,,
singerbar.moscow,15673932,Ilya,Nikolaevich,Мужской,,,,,,ВГПУ,,,,,,,,,,,,,,
singerbar.moscow,15728390,Larisa,Ivanova,Женский,,Tomsk,,,,"ТГПУ
",,,,,,,,,,,,,616.0,
singerbar.moscow,15776196,Darya,Vysotskaya,Женский,,,,,,,,,,,,,,,,,,,,
singerbar.moscow,15823589,Oleg,Litvinov,Мужской,,Moscow,,РЯЗАНСКАЯ ОБЛ. Р/п ШИЛОВО,0.0,,,,Детский сад № 105,,,,,,,,Партнёр Самолет Плюс! ✈️➕,,179.0,"ВКонтакте; НОВАЯ МУЗЫКА — Популярные Песни; КиноКайф - Лучшие фильмы; Я 🩷 КИНО; КИНОМАНИЯ | Фильмы и сериалы; Я ★ КИНОМАН | Фильмы, сериалы, кино 2025; NETFLIX VK | Новинки кинo, сериалы, фильмы 2025; Фильмы 2025 Новинки кино онлайн Игра в кальмара; Наука и Техника; ИМПЕРИЯ КИНО | НОВИНКИ 2025; HD Кино - Фильмы онлайн 2025; Достойные фильмы; Психология отношений; Лучшие Комедии 2025; Убойные приколы; Чёткие приколы; Фильмы; ТОПОР; анекдотов.net; 5 интересных фактов"
singerbar.moscow,15894110,Andrey,Lugovoy,Мужской,33.0,Moscow,,,,Киностудия Горького | Gorky film studio,,,,,,,,,,,,,464.0,
singerbar.moscow,15986536,Dmitry,Dmitriev,Мужской,,Moscow,,Москва,4.0,ВГИК,,ВГИК,Школа № 40 им. М. К. Видова,,,,,,,,Все прекрасно,,963.0,
singerbar.moscow,16340488,Denis,Sutolkin,Мужской,,,,,,,,,,,,,,,,,,,270.0,
singerbar.moscow,16362076,Vasily,Osvaev,Мужской,43.0,Donetsk,,,,,,,,,,,,,,,,,638.0,НОВАЯ МУЗЫКА — Популярные Песни; MDK; Телеканал ТНТ; Cook Good - лучшие рецепты; HD Кино - Фильмы онлайн 2025; Интересные факты; Лучшие Комедии 2025; Лепра; RECORD; О блин! - Где блин? - Вон блин!; 5 интересных фактов; Академия Порядочных Парней; Золотые руки | Строительство и ремонт; Убойный юмор; Я в шоке!; ЯЖЕВОДИТЕЛЬ; AUTO; СТС; Темная сторона; Злой Чаплин
singerbar.moscow,16420675,Vika,Vsemoguschaya,Женский,,Moscow,,,,МВШЭ ФИ,,,,,,,,,,,,,,
singerbar.moscow,16541429,Ekaterina,Travina,Женский,,Dubai,,,,МГИК (бывш. МГУКИ),,,,,,,,,,,,,1457.0,"Рецепты l В домашних условиях l На зиму; Лучшие рецепты Повара; Шедевры кулинарии| Вкусные рецепты; Шпильки | Женский Журнал; Европа Плюс; Омар Хайям и другие великие философы; Шедевры рекламы; Врешь, тебе нравится; НОЧЬ; Маникюр - дизайн ногтей; Умные подарки; Идеи на каждый день; Мода; Удивительный мир | Природа | Путешествия; Интересная Москва 𝄞 VPN; Fitness Life; Между нами, женщинами; Женская логика | Психология; Фотошедевры; Совершенно красиво"
singerbar.moscow,16545097,Kirill,Dashkov,Мужской,50.0,Domodedovo,,,4.0,"ГУП ""Мосгортранс""","ГУП ""Мосгортранс""",РНИМУ (бывш. РГМУ) им. Н.И. Пирогова,Заборьевская средняя школа,,,,С Расселом Кроу,,,,"Стеснительный бабник, тихий алкоголик. Есть омут и тысяча чертей.",,359.0,РИА Новости; Первый канал; Телеканал РОССИЯ 1; ФК «Зенит»; KUDAGO: Москва; ВЕСТИ; НАШЕ; Итоги года с Владимиром Путиным; Сборная России по футболу; Бесогон; СОЛОВЬЁВ LIVE; 2do2go: Москва; Мужское Женское на Первом канале; Телеканал «СПАС»; Красивые места на Земле - Туризм - Путешествия; Православие; Завтра в Москве; Группа «Пикник»; Сергей Собянин. Личный блог; UK Jackin House
singerbar.moscow,16630251,Alexander,Slizovsky,Мужской,,Moscow,,,,"Российские железные дороги (ОАО ""РЖД"")",,,,,,,,,,,,,84.0,
singerbar.moscow,16670204,Timur,Bagirov,Мужской,44.0,Moscow,,,,АлтГАКИ (бывш. АГИИК),,,,,,,,,,,,,2103.0,"Лепра; ЯЖЕВОДИТЕЛЬ; Mash | Мэш; Полезное образование | Интеллектуариум; Азбука ремонта | Строительство; РЕН ТВ | Новости; Digit world - в мире технологий; Мозговые орехи; Вкратце | Москва!; Интересная Москва | События, Места, Афиша; ХБ; Сила в правде | Новости СВО | Россия; Пирожки +; Настоящий Лентач; Магазин «Brand-Club» | Мужская обувь одежда; Путевка! Распродажа туров; В Доме | На все руки мастер; Музыка для видео; Оптимальный Китай; AliExpress для авто"
singerbar.moscow,16763618,Yulia,Serova,Женский,35.0,Moscow,,,,,,,,,,,,,,,,,,
singerbar.moscow,16956406,Urfan,Abdullaev,Мужской,,Moscow,,,,РНИМУ (бывш. РГМУ) им. Н. И. Пирогова,,,,,,,,,,,,,,
singerbar.moscow,16963031,Leonid,Tsar,Мужской,41.0,Krasnodar,,,,КубГАУ,,,,,,,,,,,,,1038.0,"HD Кино - Фильмы онлайн 2025; Лучшие Комедии 2025; С нами стыдно, зато весело!; Лепра; Наука, Техника и Нейросети; • Неприличные Анекдоты; Ларису Ивановну Хачу!; LIFE.ru; Фильмы, основанные на реальных событиях; Интересные Факты; По Фрейду; Центр событий; ЕБ*НУТЬСЯ; Стикеры ВКонтакте; MirFactov - все самое интересное!; Словарный запас; ОБРАЗ ЖИЗНИ|психология,отношения,общество|цитаты; Smart Money | Бизнес журнал; Психоанализ; ИНТЕРЕСНЫЕ ФАКТЫ !"
singerbar.moscow,17028376,Katerina,Stebunova,Женский,,Moscow,,,0.0,,,,,,,,,,,,,,602.0,"ВКонтакте для бизнеса; Шеф-повар | Рецепты и хитрости; Samchuk_studio; Сама Меньшова; Раздетый стилист Лена Червова; Умный Медик; МЕДИЦИНА; Виктор ""Прохожий""; сомнительные медицинские мемы; ~ РасСказка ~; Анастасия Крекова; Наташа Краснова; Мурашкина lovemurmur; Про моду; zotov; Tina Bukreeva; Марина Мелия; Литрес Самиздат; Опусы шальной разведёнки; Продающие тексты"
singerbar.moscow,17062339,Irina,Mikhalina,Женский,,Malakhovka,,,0.0,мэтм,,мэтм,Школа № 47,,,,,,,,,,73.0,"Vandrouki | Путешествия почти бесплатно (RU); билайн Россия; Новое Радио; Туры по цене перелета от Vandrouki; Глеб Никитин; Нижний Новгород без посредников; Сострадание НН; Нижний 800; ДОРОГА ДОМОЙ - Нижний Новгород( Поиск животных ); Школа «Летово»; Потеряшки Нижний Новгород(поиск животных); РосЖКХ; Уникальный метод поиска пропавших животных; Приют «Верные Друзья» для бездомных животных; Купоны / Промокоды; Кальянный Союз России ""Содействие""; ЭКО Отель « AMBASSADOR » Керчь; Coffee2go. Мобильная кофейня; Торты Нижний Новгород. Пирож.Ка; Васаби Анкудиновский парк Доставка роллов пиццы"
singerbar.moscow,17081747,Irina,Khizbullina,Женский,31.0,Moscow,,,,ИнЭП,,,,,,,,,,,,,955.0,
singerbar.moscow,17198627,Vasya,Malinovsky,Мужской,,,,,,,,,,,,,,,,,,,,
singerbar.moscow,17240276,Margarita,Uspenskaya,Женский,,Moscow,,,,РУДН,,,,,,,,,,,,,,
singerbar.moscow,17357339,Irina,Brusilovskaya,Женский,,Moscow,,,,www.bgmos.ru,,,,,,,,,,,,,949.0,"ВКонтакте; НОВАЯ МУЗЫКА — Популярные Песни; КиноКайф - Лучшие фильмы; КИНОМАНИЯ | Фильмы и сериалы; NETFLIX VK | Новинки кинo, сериалы, фильмы 2025; Литература | Великие поэты; Телеканал ТНТ; MOTOR | Автомобили и ДТП; Cook Good - лучшие рецепты; Идеи дизайна интерьера; ИМПЕРИЯ КИНО | НОВИНКИ 2025; Рецепты l В домашних условиях l На зиму; Достойные фильмы; Лучшие рецепты Повара; Популярная музыка; Фильмы; RECORD; Я хочу...; Академия Порядочных Парней; LIVE"
singerbar.moscow,17368098,Inga,Varfolomeeva,Женский,,Moscow,,,,"ТГПУ
",,,,,,,,,,,,,238.0,
singerbar.moscow,17423219,Vadim,P,Мужской,,Moscow,,,,Москва,,,,,,,,,,,,,276.0,"КиноКайф - Лучшие фильмы; Я 🩷 КИНО; Наука и Техника; Музыка; Психология человека; Лайфхак; Science|Наука; Begin English. Английский язык для всех; Смотри, что я узнал; Like - Приколы; PostNews; Фильмы, основанные на реальных событиях; Zлой Zаяц; Приходи, фильм посмотрим; WORKOUT; Эзотерика; Юла; Словарный запас (EN); Английский каждый день | Endaily; HONOR Россия"
singerbar.moscow,17618834,Tyoma,Pushkin,Мужской,,Moscow,,Москва,0.0,,,,Учебный центр «Language Link» (Центральная),,,Progressive music,,,,,Слышу и слушаю))),,1112.0,
singerbar.moscow,17723372,Igor,Maslakov,Мужской,37.0,Moscow,,,,"ГАХА им.Н.С. Надеждиной ""Берёзка""",,,,,,,,,,,,,1977.0,"ВКонтакте; КиноКайф - Лучшие фильмы; Я 🩷 КИНО; Фильмы 2025 Новинки кино онлайн Игра в кальмара; Корпорация зла; Cook Good - лучшие рецепты; Достойные фильмы; Леонардо - Бот Знакомства; НЕ ПОВЕРИШЬ!; RECORD; Шпильки | Женский Журнал; Фабрика идей; Школа ремонта; НОВИНКИ КИНО 2025; Чисто поржать; Тряхни Нормальность; Like - Приколы; Шедевры рекламы; Интересная планета - путешествия, туризм; Это Россия, детка"
singerbar.moscow,17769830,Ilya,Levenkov,Мужской,39.0,Moscow,,,,,,,,,,,,,,,,,292.0,
singerbar.moscow,17812536,Anyuta,Chudaykina,Женский,31.0,Moscow,,,,Морозовская детская больница ДЗМ,,,,,,,,,,,,,,
singerbar.moscow,17839918,Darya,Shumkina,Женский,,Moscow,,,,МГУ им. Огарева,,,,,,,,,,,,,338.0,"КиноКайф - Лучшие фильмы; HD Кино - Фильмы онлайн 2025; Идеальная Хозяюшка; Больше, чем просто кино; РУССКИЕ СЕРИАЛЫ И ФИЛЬМЫ; Поделки для детского сада и школы; Эйнштейн|Наука и техника; Москва 24; Вязание крючком; ОБУЧАЛОЧКА • РАННЕЕ РАЗВИТИЕ РЕБЕНКА; Сериалы и Кино; Мастерская игрушек.  Handmade, рукоделие.; Книга и Чай; Занимательная мама; РАСПЕЧАТАЙ И ИГРАЙ | ИГРЫ НА ЛИПУЧКАХ; Шаблоны для печати; Рукоделие Шитье Вязание; ПОДГОТОВИШКА воспитатель дети детский сад; ШАБЛОНЫ для печати; #занятияКоняхиной"
singerbar.moscow,17902684,Alexandra,Mishkina,Женский,,Sterlitamak,,,,ТД МДМ торговое и складское оборудование Стр,,,,,,,,,,,,,,
singerbar.moscow,17957539,Lyubov,Kuzmina,Женский,,Moscow,,,0.0,МГТУ Станкин,,МГТУ Станкин,,"PR, реклама","дети, музыка","funk, ska, d'n'b, Жанна, Ева","The Virgin Suicides, Головой о стену, Прогулка, Фрида",,,,"...На земле мне скучно жить,
ползать по земле обидно.
Я хочу пилотом быть!
Сверху землю лучше видно.

Мелкий дождик моросил.
Я хотела к птицам очень.
Ты насмешливо спросил:
«Ну какой из бабы летчик?»

А я могу летать по небу!
Мне дано ловить снежинки!
Мне одной гонять, как ветер,
на ходу сушить слезинки!

(с) Cabernet Deneuve",,863.0,Kate Mobile; МХК; Психология отношений; Лепра; ЧЕШУЯ; RECORD; Comedy Club; Шпильки | Женский Журнал; Женские Хитрости | Лайфхакерша; Food.ru — Любимая кухня страны; Пикабу; Салон красоты; Школа красоты; SOKOLOV; LOOKBOOK; Вульгарные; Маникюр | Ногти | Педикюр | 2025; ЧБД; Зачеркни прошлое; Шедевры рекламы
singerbar.moscow,17962702,Tatyana,Razumovskaya,Женский,,Ivanteevka,,Ивантеевка,0.0,ЗНУИ,,ЗНУИ,"Школа № 5; Детская музыкальная школа; Музыкальный колледж (МОМК, бывш. МОМУ №2) им. С. С. Прокофьева; Заочный народный университет искусств (ЗНУИ)","Фотограф, музыкант, танцор","Фото, музыка, обожаю танцы, занятия спортом",,"Сумерки, Титаник, 2012, Послезавтра, Черная молния, Как приручить дракона1, 2, Я робот, Я легенда, Гадкий я, Сумерки в Вальмонте, История одного вампира, Астрал, 1408, Замерзшие, Чикаго, ЛОЛ, О чем еще говорят мужчины, Клятва, Больше чем любовь, Дорогой Джон, Помни меня, Сквозь объектив, Как знать, Престиж, Иллюзионист, Начало, Легенда о пианисте, Схватка, Пила (все части), Анна Каренина, Зеленая миля, Тепло наших тел, Тор, Тор 2, Жизнь Пи, Бурлеск, Голодные игры, Области тьмы",,"Януш Леон Вишневский ""Интимная теория относительности"", ""Молекулы эмоций""; Эрик Сигал ""История любви""; Ричард Бах""Чайка по имени Джонатан Ливингстон""; Пауло Коэльо ""Алхимик""",CS 1.6,искренняя,,2325.0,"ВКонтакте; НОВАЯ МУЗЫКА — Популярные Песни; Я 🩷 КИНО; КИНОМАНИЯ | Фильмы и сериалы; Я ★ КИНОМАН | Фильмы, сериалы, кино 2025; NETFLIX VK | Новинки кинo, сериалы, фильмы 2025; Литература | Великие поэты; КЕКС; Телеканал ТНТ; Cook Good - лучшие рецепты; Рецепты l В домашних условиях l На зиму; Я тебя хочу; Наша правда!; Лучшие рецепты Повара; Психология отношений; Шедевры кулинарии| Вкусные рецепты; RECORD; Я хочу...; Психология; СберКот"
singerbar.moscow,18071287,Alexey,Senchenko,Мужской,,Moscow,,,,РИПЭ МВД РФ,,,,,,,,,,,,,,
singerbar.moscow,18099092,Viktor,Belov,Мужской,,Moscow,,,,V I K † Ø R B Ξ Ł Θ V (DVJ V.B.),,,,,,,,,,,,,1839.0,"ЁП; Достойные фильмы; Лепра; ТОПОР; Улетные приколы; Правда жизни; Лепрозорий; Best Video; Интеллектуальный юмор; Как я встретил столбняк; Тысяча чертей, какая татуировка!; Интересные Факты; Пятёрочка; Идеи для дачи; ПОЗОРИЩЕ; Фото года. Стопкадр. Путешествия, туризм.; Полезное образование | Интеллектуариум; НАДЗОР; Азбука ремонта | Строительство; Телеканал ПЯТНИЦА!"
singerbar.moscow,18193924,Olga,Shevchenko,Женский,,Moscow,,,,МГУ,,,,,,,,,,,,,,
singerbar.moscow,18211421,Pavel,Romashov,Мужской,,Murmansk,,,,"МГТУ
",,,,,,,,,,,,,,
singerbar.moscow,18241398,Anastasia,Tischenko,Женский,36.0,Moscow,,,,РЭА им. Г. В. Плеханова,,,,,,,,,,,,,,
singerbar.moscow,18248918,Nastya,Petrova,Женский,,,,,,СПбГУПТД (бывш. СПГУТД),,,,,,,,,,,,,,
singerbar.moscow,18300100,Tatyana,Makhankova,Женский,35.0,Moscow,,,,ОПТИКОМ,,,,,,,,,,,,,870.0,"Наша правда!; VK Фитнес; SOKOLOV; 585 Золотой; ИДЕИ для творчества; ZAYCEV.NET; Квартирный Вопрос; Дизайн & Декор; ДЕТСКИЕ ПОДЕЛКИ; Детский мир; Рукоделие | Своими руками; Рецепты ПП: правильное питание, диетические; Малогабаритка | дизайн и ремонт; Big Trade. Клуб мам; Счастливые родители; GJ; НОВЫЕ ФИЛЬМЫ 2025 | КИНО + СЕРИАЛЫ; Дизайн интерьера; ❈ Рукодельница ❈; Обстановочка"
singerbar.moscow,18348006,Ekaterina,Diduk,Женский,33.0,Moscow,,,,Vax Capital AG,,,,,,,,,,,,,,
singerbar.moscow,18412100,Artyom,Babkov,Мужской,,Ozyory,,,,ДонНТУ (бывш. ДПИ),,,,,,,,,,,,,176.0,
singerbar.moscow,18413429,Alexey,Lazarev,Мужской,42.0,,,,,АлтГТУ им. Ползунова,,,,,,,,,,,,,314.0,"В приколе (18+); Убойные приколы; Наука, Техника и Нейросети; Тряхни Нормальность; Пикабу; Радио ENERGY (NRJ); Wildberries №1 | Находки с WB; Тонкий юмор; Дзен; Юмор Шрёдингера; Опасная Земля; случайность; По Фрейду; Упоротый юмор; Искусство реальности; Психология мыслей; Азамат Мусагалиев; Тату и эскизы; 5 кратких фактов; Полезное образование | Интеллектуариум"
singerbar.moscow,18436756,Dmitry,Nazarkin,Мужской,43.0,Moscow,,Балашиха,4.0,МГАКХиС (ВЗИСИ),,МГАКХиС (ВЗИСИ),Школа № 22; Школа № 26; Школа № 3 им. И. А. Флерова,фрилансер (свободный художник),"легкая атлетика, армреслинг, бокс, ушу, бег, плаванье, горные лыжи-гигант слалом, коньки, велосипед, скейт, картинг, авто путешествие, офф роуд, бернаут, охота, рыбалка, дизайн жилых помещений","Троллейбус, Острова, Назарет – Love Hurts, Пикник - Иероглифы (см. раздел ""Аудиозаписи"")","""Как украсть миллион"", ""Ванильно-клубничное мороженое"", ""Неадекватные люди"" (см. раздел ""Видеозаписи"")","великие махинаторы, главная дорога, квартирный вопрос, дачный ответ, формула -1, охота и рыбалка, большие и громкие, москва и окрестности, коллекционеры авто, ржавая империя","Брестская крепость, Припять, Золотой теленок и т.д. и т.п","тенис, гольф, бильярд, боулинг, карты, шахматы",Отдыхай!,"«Каждый мнит себя стратегом, видя бой с стороны»
""Покуда есть на свете дураки, обманом жить нам, стало быть, с руки.""
""Да я так, покурить зашел""
""Лучше старенький тт, чем дзюдо и карате""
""Дуракам пол работы не показывают""
""Тоска""
""Болела бы голова у дятла...""
""Капля женской логики разрывает хомячка на куски""
""Хотите мира, будьте вежливы""
""Лучший бой тот, который можно избежать""
""Деньги в кармане - еще не крылья, но походку меняют...)))""
""Чтоб я так жил""
""Ложь повторенная тысячу раз становится правдой ""
""Бог долго ждёт, да больно бьёт""",560.0,"Идеи дизайна интерьера; Наука и Техника; Интересные факты; RECORD; Золотые руки | Строительство и ремонт; Анекдоты; Клубная музыка; ЯЖЕВОДИТЕЛЬ; Европа Плюс; Школа ремонта; Полный Бак; Сбер; Наука, Техника и Нейросети; PostNews; Радио ENERGY (NRJ); Шедевры рекламы; Заброшенное; Наука и факты | Что будет, если...?; Как такое возможно?; Олимпийские игры"
singerbar.moscow,18522225,Yulia,Stelmakh,Женский,,Moscow,,,,МИП,,,,,,,,,,,,,1107.0,
singerbar.moscow,18660294,Yulia,Leyvant,Женский,,Moscow,,,,ТулГУ,,,,,,,,,,,,,407.0,
singerbar.moscow,18681601,Vanya,Terekhov,Мужской,123.0,Dolgoprudny,,,,МосСтройКомплект-1,,,,,,,,,,,,,799.0,
singerbar.moscow,18751867,Alexander,Alexandrov,Мужской,,Moscow,,,,ПГУТИ (бывш. ПГАТИ),,,,,,,,,,,,,,
singerbar.moscow,19063452,Olesya,Andreeva,Женский,41.0,Moscow,,,,ЮУрГУ,,,,,,,,,,,,,510.0,Смейся до слёз :D; Мое здоровье; Эзотерика; Раневская.LIVE; Семья . Дети . Отношения  -  Незабываемая; Философия | Эзотерика | Психология; Литература; Юмор категории Б; Это Нужно Знать; Стерва; Омар Хайям и другие великие философы; Netflix VK | Кино Сериалы Фильмы; Рецепты - ПростоПовар; Психология отношений; Тайны женской красоты; Изнанка Шоу-Бизнеса; МОТ; Женский домик; Москва 24; Марк Бартон
singerbar.moscow,19091832,Natalya,Smirnova,Женский,33.0,Balashikha,,,,Private community,,,,,,,,,,,,,608.0,"Я ★ КИНОМАН | Фильмы, сериалы, кино 2025; Идеи дизайна интерьера; ИМПЕРИЯ КИНО | НОВИНКИ 2025; Бумажный кораблик; Лучшие Комедии 2025; НЕ ПОВЕРИШЬ!; Золотые руки | Строительство и ремонт; Шпильки | Женский Журнал; 0% жирности; Лайфхак; Простые рецепты; Европа Плюс; MDK; Begin English. Английский язык для всех; СТС; Интерьер и декор; 90-60-90 | Спортивные девушки; Чисто поржать; СМС приколы :D; РИА Новости"
singerbar.moscow,19430076,Ruslan,Smirnov,Мужской,48.0,Moscow,,Белый,1.0,,,,Профессиональное училище № 4,нет,оружие,"шансон, марши!",чистилище 13воин.  исторические!,нет,"Боянов гимн, Мифы и легенды древних славян",их много,"простой,обычный парень. хочу участвоват в реконструкции рыцарского турнира! злой и вредный! увлечений много .","кричи резня и псов войны с цепи спускай.
лутьше нету карате чем в кармане два т.т.
бережоного бог бережот, сказала манашка натягивая презерватив на свечку.)))",670.0,
singerbar.moscow,19540303,Elena,Kharchenkova,Женский,,Podolsk,,,,,,,,,,,,,,,,,835.0,
singerbar.moscow,19713187,Olga,Krasnyanskaya,Женский,40.0,Moscow,,,0.0,Музыкальная школа ASNOVA | Москва,"Бастион; Кардинал; КАФЕ ""555""; КАФЕ""ПАЛЬМА ДЕ МАЙОРКА""; КАФЕ""ИДИЛИЯ""; Кафе""Кристалл""; ",СПбГИК (бывш. СПбГУКИ); МГПУ,Дудинская гимназия; Школа № 7,Oleanna.promodj.ru,,"ДЖАЗ, ПОП","ЗЕЛЁНАЯ МИЛЯ, СИБИРСКИЙ ЦИРЮЛЬНИК, ПУНКТ НАЗНАЧЕНИЯ, ЖЕСТОКИЕ ИГРЫ",,,,,,1240.0,Идеи дизайна интерьера; Достойные фильмы; Фабрика идей; Готовим дома: вкусно и просто; Правда жизни; Просто Вкусно; РИА Новости; Записки шеф-повара; Топ Новинки Музыки 2025 !; Безопасность; Дзен; Кинопоиск; Интересные Факты; По Фрейду; Английский язык; Почему я этого не знал?; Читающие; Правильные Мысли; Лучшие мысли | Саморазвитие | Психология; Слова Великих людей
singerbar.moscow,19815015,Nikolay,Antropov,Мужской,,Moscow,,,,МГКИЭТ,,,,,,,,,,,,,489.0,ВКонтакте; БОРЩ; Лепра; Золотые руки | Строительство и ремонт; LIVE; Клубная музыка; Лепрозорий; Музыка; Пикабу; YUMMY | ВКУСНЫЕ РЕЦЕПТЫ; История|History; Мои аудиозаписи; Шедевры рекламы; Юмор Шрёдингера; Лентач; Олимпийские игры; Лайфхакнутая; Виктория Складчикова; Бизнес Инфо; СКРИПТОНИТ
singerbar.moscow,19891132,Nadezhda,Frolova,Женский,,Moscow,,,,НИ МГУ им. Огарева,,,,,,,,,,,,,2062.0,
singerbar.moscow,20057850,Rafail,Sobolev,Мужской,52.0,Moscow,,,,,,,,,,,,,,,,,379.0,
singerbar.moscow,20160812,Regina,Andreeva,Мужской,123.0,Moscow,,,,МГИК (бывш. МГУКИ),,,,,,,,,,,,,1813.0,
singerbar.moscow,20322715,Ia,Frenkel,Женский,,Haifa,,,,МГУКИ,,,,,,,,,,,,,,
singerbar.moscow,20468971,Nikita,Gordomysov,Мужской,,Krasnoyarsk,,,,,,,,,,,,,,,,,419.0,
singerbar.moscow,20478707,Menyayuschy,Realnost,Мужской,37.0,Voronezh,,Воронеж,1.0,ВГМА им. Бурденко,,ВГМА им. Бурденко,Школа № 60,Помощь людям,Познание себя и мироустройства.,Релакс,Развивающие,Не смотрю и не имею в наличии тв,Развивающие,Игра в жизнь,При встрече,Всё к лучшему,742.0,"Я ★ КИНОМАН | Фильмы, сериалы, кино 2025; Фильмы 2025 Новинки кино онлайн Игра в кальмара; Своими руками. Новинки; НОВИНКИ КИНО 2025 | ЛУЧШИЕ ФИЛЬМЫ; Саморазвитие. Йога. Психология; KUDAGO: Москва; Москва. Главное!; ХБ; КОСМОС; Со смыслом..; Гитара с нуля | Уроки игры на гитаре; ТАЙНОЕ НЕПОЗНАННОЕ ۞ СКРЫТЫЕ ФАКТЫ; Хижина Музыканта | Гитара и музыка; AKSTAR; Я Воронеж; Мой Воронеж; 36on.ru - Воронеж | Новости | Мероприятия; ВОРОНЕЖ; MAMAVRN.RU; Воронеж l Новости"
singerbar.moscow,20498921,Margarita,Savina,Женский,34.0,Arkhangelsk,,,,,,,,,,,,,,,,,553.0,НОВАЯ МУЗЫКА — Популярные Песни; КиноКайф - Лучшие фильмы; Я 🩷 КИНО; КИНОМАНИЯ | Фильмы и сериалы; Cook Good - лучшие рецепты; Идеи дизайна интерьера; Наука и Техника; Рецепты l В домашних условиях l На зиму; Палата №6; ЧЕШУЯ; Шпильки | Женский Журнал; Фабрика идей; Food.ru — Любимая кухня страны; Идеи вашего дома; Черный юмор; Школа ремонта; Просто Вкусно; Школа красоты; SOKOLOV; Кулинарное искусство
singerbar.moscow,20532862,Denis,Golubkov,Мужской,107.0,Moscow,,Москва,0.0,LIVE STARS,Blur cafe; ; ,МИРЭА,Школа № 2,"Управляющий Live Stars, продюсер групп Kirma и Глупые Треугольники","Пытаюсь заинтересовать как можно больше людей хорошей (на мой вкус) музыкой и, что самое сложное, вытащить на концерты в клубы :)","David Sylvian, Archive, The Cinematic Orchestra, EZ3kiel, Parov Stelar, Red Snapper, Portishead, Massive Attack, Stateless, Bonobo, Goldfrapp, King Crimson, Bjork, Lamb, Biosphere, Ghinzu, Deus, Moloko (Statues), The Atomica Project, Naomi, EBTG, Talk Talk, UNKLE, Haujobb, Kammerflimmer Kollektief, Tied + Tickled Trio, My Brightest Diamond, Jamie Woon, Julia Marcell, Gotye, Sofa Surfers, Emika, Blue Sky Black Death, Boards of Canada, Pretty Lights, Submotion Orchestra, Ry X, The XX, Haelos, Niia, Kirma, Глупые Треугольники",Гнев (Man on Fire). Слезы Капали,Своя игра,"Довлатов, Войнович, Поляков, Пелевин, Данелия, Гришковец","Баскетбол, Биатлон, Футбол, Хоккей, Шахматы..., Да в общем вру я, боулинг самый любимый, кинул шарик - и ты уже спортсмен :) С недавних пор стал регулярно в русский бильярд играть","Резкий, но мягкий, вежливый и воспитанный, но при этом хам. Иногда прислушиваюсь к чужому мнению, но обычно навязываю своё.",Хороша ложка к обеду.,14233.0,Музыка; NR; Леонардо - Бот Знакомства; БОРЩ; Убойные приколы; Сарказм; Музыка; Тряхни Нормальность; GAZ; Новая Музыка 2025; Макс Корж; VK Fest; СКРИПТОНИТ; Лучшие фильмы; KARA KROSS; MACAN; КАСПИЙСКИЙ ГРУЗ; Элджей; Новинки Музыки 2025 | Новые Песни; Валя Карнавал
singerbar.moscow,20546758,Alisa,Li,Женский,,Moscow,,Moscow,0.0,АТиСО,,АТиСО,,,,Space music,,,,,,,383.0,
singerbar.moscow,20575031,Olga,Faschevskaya,Женский,49.0,Reutov,,Явас,0.0,КУХНИ НА ЗАКАЗ/Геос Идеал/Москва и МО,,МосГУ,Явасская средняя; Музыкальное им. Л. П. Кирюкова,Advertising,"главное, чтобы было интересно ;)","Pink Floyd, Пикник, Gogol Bordello, Аквариум, Leonard Cohen, Tom Waits, Beth Hart, Metallica, Калинов Мост, Софи Окран","Мосты округа Мэдисон, Форрест Гамп, Загадочная история Бенджамина Баттона, В джазе только девушки, Пианистка (2000), Столкновение, Собачье сердце, 12 стульев, Белые росы, Человек с бульвара Капуцинов, Любовь и Голуби, Покровские ворота, Полеты во сне и наяву, Обыкновенное чудо, Такси, День Радио, Тот самый Мюнхаузен, Холодная гора, Голова в облаках, Запах женщины, Джерри Магуайер, Мемуары Гейши, Мы из Джаза, С широко закрытыми глазами, Игры разума, ВикиКристинаБарселона, Шоколад(2000), Путь наверх (1959), Список Шиндлера, фильмы Федерико Феллини (Сладкая жизнь, Город женщин, Амаркорд, 8½ Восемь с половиной), Амели, Вассаби, Поцелуй бабочки, Крупная рыба ( Big Fish), Вечное сияние чистого разума, Кин-Дза-Дза, Мимино, Линкольн для адвоката, Пролетая над гнездом кукушки, фильмы Тима Бертона",,"Э.М. Ремарк, М. Булгаков, Антуан де Сент-Экзюпери, Л. Кэрролл, Анхель де Куатьэ, М. Веллер, Оскар Уайльд, Франц Кафка, Ричард Бах, Ги де Мопассан, Э. Хемингуэй, А.П. Чехов",,Мирный Воин,"Принципы нужно иногда нарушать, иначе от них никакой радости.
Если хочешь что-либо сделать, никогда не спрашивай о последствиях. Иначе так ничего и не сделаешь.
Чем меньше у человека самолюбия, тем больше он стоит.
Одиночество - извечный рефрен жизни. Оно не хуже и не лучше, чем многое другое. О нём лишь чересчур много говорят. Человек одинок всегда и никогда.
Кто хочет удержать - тот теряет. Кто готов с улыбкой отпустить - того стараются удержать.
Невозможно запереть ветер. (Э.М. Ремарк)

Не приходи в уныние при расставании. Прощание необходимо для того, чтобы вы встретились вновь. А новая встреча, спустя мгновение или многие жизни, несомненна для тех, кто является друзьями.(Ричард Бах)

Любовь долготерпит, милосердствует, любовь не завидует, любовь не превозносится, не гордится, не бесчинствует, не ищет своего, не раздражается, не мыслит зла, не радуется неправде, а сорадуется истине; всё покрывает, всему верит, всего надеется, всё переносит. (с) Ап. Павел, 1 Коринф. 13: 4

""Никогда не поздно начать то, что ты хочешь начать. Ты можешь меняться, или оставаться прежней. Тут нет никаких правил. Мы можем быть счастливы или несчастны. Я надеюсь, что ты счастлива. Я надеюсь, ты видишь вещи, которые удивляют тебя. Надеюсь, ты чувствуешь то, что не ощущала прежде. Надеюсь, ты встречаешь людей, которые смотрят на мир иначе. Надеюсь, ты гордишься своей жизнью. Если ты чувствуешь, что это не так, я надеюсь, у тебя есть силы начать всё с начала."" ( Загадочная история Бенджамина Баттона)

«Похожи ли мы на те несчастные пары, которые всегда хочется пожалеть? Ужинающие мертвецы. Я не хочу чтобы и про нас кто-нибудь так подумал» (Вечное сияние чистого разума)

— Почему женщины так много времени и средств уделяют своему внешнему виду, а не развитию интеллекта?
— Потому что слепых мужчин гораздо меньше, чем умных. (Ф. Раневская)

Такими я хочу видеть мужчину и женщину: его-способным к войне, ее- к деторождению,но чтобы они оба могли танцевать- не только ногами, но и головой. (Ф. Ницше)

Когда человек говорит, что деньги могут все, знайте: у него их нет и никогда не было.(Э. Хау)

«Счастье - это не когда тебе не больно, а когда ты кого-то защищаешь от боли.»
Анхель де Куатьэ

«Будущее только следствие прошлого. Показывает то, что было, а не то, что будет.»
Анхель де Куатьэ

Быть женщиной - значит зависеть от мужского желания, от его настроения. А мужские желания переменчивы, как морской ветер. Сегодня мужчину влечет то, завтра — это. Мужчина — синоним непостоянства. Женщина должна подстраиваться, лавировать, соглашаться с избранным для нее курсом. Многие женщины так и делают, так и живут. Если, конечно, это можно назвать жизнью. Но даже если это и жизнь, это еще не мечта. Женщина — дочь вечности. И если она делает что-то, она делает это «навсегда». Пусть мужчина меняет курсы и галсы, но в одном он должен быть верен и честен — в своем отношении к женщине.
Анхель де Куатьэ

Что нас не убивает, то делает сильнее.

Слава храбрецам, которые осмеливаются любить, зная, что всему этому придёт конец. Слава безумцам, которые живут себе, как будто бы они бессмертны.
(Обыкновенное чудо).

-Видимо, Вы совсем не знали большой любви.
-Не знала бы – не хромала бы на правую ногу... (Амели)

...я любил многих женщин, и когда мы были близки, они спрашивали: буду ли я помнить их? И я говорил: да, я буду помнить вас. Но единственная, кого я никогда не забуду — та, которая никогда не спрашивала... (Малена)

""Назначение рыбной блесны - поймать рыбу, а когда рыба поймана, блесна забыта. Назначение слов - сообщать идеи. Когда идеи восприняты, слова забываются. Где мне найти человека, позабывшего слова? Он  - тот, с кем я хотел бы поговорить.""
Анхель де Куатьэ
",537.0,
singerbar.moscow,20653470,Denis,Valvachyov,Мужской,40.0,Moscow,,,,шоумен,,,,,,,,,,,,,2253.0,"Игра ""Сокровища Пиратов"" - официальная группа; Артемий Лебедев; ЭФИР | Новости; Москва Flash - Фестивали, концерты, события; Ярдрей; Фестиваль красок ColorFest — Москва!; ПСО ВОЛОНТЕР НН; Все для праздника (карнавальная атрибутика); Подслушано Можайск; ZPSanek vs Полиция; ВПСО Сова Тверь и Тверская область; ВАСЯ НА СЕНЕ; Наро-Фоминск; Подслушано Руза.; Добродел - официальное сообщество; Кубинка Today; ТУЧКОВО | online; Подслушано Кубинка; Такой Можайск ™; Заказная разработка сложных IT-систем"
singerbar.moscow,20702073,Tsar,Prosto Tsar,Мужской,,Moscow,,,,Перевозка животных,,,,,,,,,,,,,,
singerbar.moscow,20725658,Dmitry,Lokhmatov,Мужской,,Moscow,,,,"ГБУЗ ""ГП № 166 ДЗМ""",,,,,,,,,,,,,,
singerbar.moscow,20793742,Die,Romantic,Женский,,,,,,,,,,,,,,,,,,,1219.0,
singerbar.moscow,20831487,Evgeny,Kozlov,Мужской,,Moscow,,,,МФПА (бывш. ММИЭИФП),,,,,,,,,,,,,470.0,
singerbar.moscow,20890047,Liza,Dzyuba,Женский,31.0,Moscow,,Киев,0.0,СТО Конгресс,,"МГУТУ им. К. Г. Разумовского (ПКУ) (бывш. МГТА, ВЗИПП)","Школа № 1323; Школа № 135; Школа № 297; Театральный художественно-технический колледж (бывш. ТХТК 60, ТХК); Специализированная школа акварели Сергея Андрияки",,,,На кинопоиске https://www.kinopoisk.ru/user/13889992/,,,,https://mywishboard.com/user/355262,,637.0,Kate Mobile; СберКот; Интерьер и декор; Интеллектуальный юмор; Пикабу; МАТЧ ТВ; Радио ENERGY (NRJ); САЛАТЫ | Лучшие рецепты; Шедевры рекламы; Дзен; Олимпийские игры; Читающие; Дома не поймут; Первый канал; Кай; Удивительная планета; Champions Cup | ФУТБОЛ; Натальная карта; Клуб Романтики — Мои Истории; Бесплатный
singerbar.moscow,20900795,Konstantin,Nikolaevich,Мужской,,Moscow,,,,,,,,,,,,,,,,,1015.0,
singerbar.moscow,21042992,Zhenya,Pekar,Мужской,,Moscow,,,,,,,,,,,,,,,,,,
singerbar.moscow,21279630,Viktoria,Viktorova,Женский,,,,,,ПИ ФСИН России,,,,,,,,,,,,,,
singerbar.moscow,21403458,Margarita,Galimova,Женский,35.0,,,,,,,,,,,,,,,,,,985.0,"Леонардо Дайвинчик; Я 🩷 КИНО; КИНОМАНИЯ | Фильмы и сериалы; Палата №6; БОРЩ; НЕ ПОВЕРИШЬ!; Лепра; 5 интересных фактов; Психология; СберКот; 0% жирности; Женские Хитрости | Лайфхакерша; Лайфхак; Словарный запас; Лепрозорий; Знаете ли Вы?; Наука, Техника и Нейросети; 40 КГ; История|History; Маникюр | Ногти | Педикюр | 2025"
singerbar.moscow,21425164,Yan,Nevazhno,Мужской,,Moscow,,,,МГУ,,,,,,,,,,,,,,
singerbar.moscow,21519027,Valeria,Likhanskaya,Женский,,,,,4.0,Финансовый университет (ФА)  при Правительстве РФ,,Финансовый университет (ФА)  при Правительстве РФ,Гуманитарно-технический лицей; Детская музыкально-хоровая школа «Пионерия»,Клавишница @marfallofficial,,,,,,,,,805.0,"Рецепты l В домашних условиях l На зиму; Достойные фильмы; Фильмы; Я хочу...; Шпильки | Женский Журнал; Готовим дома: вкусно и просто; Темная сторона; Интерьер и декор; Грубо? Простите.; Подслушано – Здесь говорят о тебе; Тонкий юмор; Интересная планета - путешествия, туризм; Фильмы, основанные на реальных событиях; Дзен; Юмор Шрёдингера; Интересные Факты; Кулинария: вкусные рецепты; Woman; Правда Жизни; Бумажный самолётик"
singerbar.moscow,21542497,Evgraf,Slichenko,Мужской,,,,Россия,1.0,שאנן – המכללה האקדמית הדתית לחינוך (Shaanan Religious College of Education),,שאנן – המכללה האקדמית הדתית לחינוך (Shaanan Religious College of Education),Academia Muzzik; Школа № 36,"Я деятель того, что не каждому под силу...Я не создаю облака, и не управляю солнцем. Я просто творю...и ценю других творцов. Художники рисуют небо, я о нем пою. Композитор создает музыку, я даю ей жизнь...и во всем виноват..",Музыка. Спорт .путешествие!,"Классика, Соул.фьюжн, джаз, фанки, диско-хаус, латина, и много-много! волшебных живых звуков. http://www.soulfulhouse.ru",Фантастика. Приключение. Комедии . Ужасы,"Интуиция, Таня Саша.","Книга, мудрых, монахов",Вся жизнь игра))),"Кавер Певец-зажигательных стилей, смесь ритм-энд-блюза, фанка, соула и латиноамериканских ритмов.",Пошли все нахуй,5244.0,"ВКонтакте; НОВАЯ МУЗЫКА — Популярные Песни; КиноКайф - Лучшие фильмы; Я 🩷 КИНО; Киномания ► Новинки мира кино; КИНОМАНИЯ | Фильмы и сериалы; Я ★ КИНОМАН | Фильмы, сериалы, кино 2025; NETFLIX VK | Новинки кинo, сериалы, фильмы 2025; Фильмы 2025 Новинки кино онлайн Игра в кальмара; Литература | Великие поэты; VK Музыка; КЕКС; Телеканал ТНТ; Смейся до слёз :D; Наука и Техника; ИМПЕРИЯ КИНО | НОВИНКИ 2025; HD Кино - Фильмы онлайн 2025; Интересные факты; МХК; Достойные фильмы"
singerbar.moscow,21551405,Valentina,Rogova,Женский,,Moscow,,,,,,,,,,,,,,,,,227.0,
singerbar.moscow,22082883,Anastasia,Tek,Женский,,,,,,МосГУ,,,,,,,,,,,,,,
singerbar.moscow,22119336,Ekaterina,Vyacheslavovna,Женский,,Moscow,,,,NL International,,,,,,,,,,,,,2044.0,
singerbar.moscow,22199740,Ilya,Blagov,Мужской,,,,,,,,,,,,,,,,,,,1944.0,
singerbar.moscow,22231784,Stanislav,Sergeevich,Мужской,,Krasnodar,,,,ПАО «ЛУКОЙЛ»,,,,,,,,,,,,,,
singerbar.moscow,22518443,Elena,Grigoryeva,Женский,,Pavlovsky Posad,,,,МИГМУ,,,,,,,,,,,,,462.0,
singerbar.moscow,22566517,Irina,Kozhevnikova,Женский,,Moscow,,,,,,,,,,,,,,,,,123.0,
singerbar.moscow,22575070,Margarita,Margaritova,Женский,,,,,,,,,,,,,,,,,,,,
singerbar.moscow,22589511,Svet Lana,Rodina,Женский,,Moscow,,,,,,,,,,,,,,,,,,
singerbar.moscow,22943770,Sergey,Malinin,Мужской,55.0,Joshkar-Ola,,Йошкар-Ола,1.0,МарГТУ,,МарГТУ,Школа №7; Школа №12,,,,,,,,,,1268.0,"КИНОМАНИЯ | Фильмы и сериалы; Телеканал ТНТ; ИМПЕРИЯ КИНО | НОВИНКИ 2025; анекдотов.net; МЕМЫ; Анекдоты; Хитрости жизни; Тряхни Нормальность; История|History; Интересная планета - путешествия, туризм; Юмор Шрёдингера; Интересные Факты; Павел Воля; Эгоист; Смешные анекдоты; Вкусно — и точка; Книги; КХЛ; Злой Гений; Больше, чем фото"
singerbar.moscow,23219917,Yulia,Krutyakova,Женский,34.0,Moscow,,,,Ресторан | KAFENDA | Лобня,,,,,,,,,,,,,,
singerbar.moscow,23333454,Natali,Krylova,Женский,35.0,Sarov,,,,РФЯЦ-ВНИИЭФ,,,,,,,,,,,,,862.0,
singerbar.moscow,23392694,Oleg,Chebotar,Мужской,,,,,,,,,,,,,,,,,,,1216.0,"MDK; В приколе (18+); NR; Лепра; Клубная музыка; FULL PLEASE; Лентач; Идеи татуировок; МУЗ-ТВ; Вкусно — и точка; Искусство реальности; Apple; контур гуся; Мемуары ценителей научных мемов; КБ; HistoryPorn; Reddit; ADME; Смотри, что я нашел на AliExpress; Vandrouki | Путешествия почти бесплатно (RU)"
singerbar.moscow,23691584,Olga,Ayrapetova,Женский,38.0,Moscow,,москва,1.0,,,,Школа № 448,Менеджер в судоходной компании,"пишу стихи пою играю на фортепиано.катаюсь на лошадях, на коньках, на мотике..люблю фотографировать и люблю сабак",почти все,"грязные танцы.порагроф 78.антикилер, новолуния сага!!!!!!!!!!!Пираты кариб.моря.Глухарь","ты и я.большие гонги.камиди, ИНТЕРНЫ!!!","стивен кинг.ницше.фрейд.карнеги, Сергей Минаев.",эротические,стройная.умная.эрудированная.активная.добрая девушка,все.что меня не убивает.делает меня сильнее,492.0,"НОВАЯ МУЗЫКА — Популярные Песни; Я 🩷 КИНО; Я ★ КИНОМАН | Фильмы, сериалы, кино 2025; NETFLIX VK | Новинки кинo, сериалы, фильмы 2025; Фильмы 2025 Новинки кино онлайн Игра в кальмара; HD Кино - Фильмы онлайн 2025; Интересные факты; Лучшие Комедии 2025; Золотые руки | Строительство и ремонт; Food.ru — Любимая кухня страны; ЯЖЕВОДИТЕЛЬ; Простые рецепты; НОВИНКИ КИНО 2025; Тряхни Нормальность; Кулинарное искусство; LOOKBOOK; На все руки; Легкие рецепты; Фильмы, основанные на реальных событиях; GIRL MEMES"
singerbar.moscow,23810309,Tatyana,Knyazeva,Женский,,Moscow,,,,ВГАУ им. Императора Петра I,,,,,,,,,,,,,617.0,
singerbar.moscow,23862209,Sergey,Gallakher,Мужской,33.0,,,,,Сергей Галлахер | (Pub),,,,,,,,,,,,,1520.0,"ВКонтакте; Корпорация зла; Kate Mobile; VK Музыка; КЕКС; MOTOR | Автомобили и ДТП; Бумажный кораблик; Овсянка, сэр!; Я тебя хочу; В приколе (18+); Рифмы и Панчи; Психология отношений; Лучшие Комедии 2025; Психология человека; НЕНОРМАЛЬНО; RECORD; О блин! - Где блин? - Вон блин!; Леонардо - Чат Знакомства; Знакомства - Анонимный чат; СберКот"
singerbar.moscow,24072378,Galya,Shakhnazarova,Женский,,,,,,Первый МГМУ им. И. М. Сеченова (Сеченовский Университет),,,,,,,,,,,,,790.0,
singerbar.moscow,24182306,Mariya,Egorova,Женский,,Moscow,,,,,,,,,,,,,,,,,,
singerbar.moscow,24335165,Massimiliano,Federico,Мужской,50.0,Rijeka,,,,ИСМАРТ (бывш. Севмашвтуз),,,,,,,,,,,,,,
singerbar.moscow,24359323,Azat,Bagautdinov,Мужской,39.0,Moscow,,,,,,,,,,,,,,,,,620.0,"Я 🩷 КИНО; Киномания ► Новинки мира кино; NETFLIX VK | Новинки кинo, сериалы, фильмы 2025; Фильмы 2025 Новинки кино онлайн Игра в кальмара; Идеи дизайна интерьера; ЧЕШУЯ; Золотые руки | Строительство и ремонт; ЯЖЕВОДИТЕЛЬ; Интерьер и декор; Ларису Ивановну Хачу!; Омар Хайям и другие великие философы; Фильмы, основанные на реальных событиях; НОВИНКИ КИНО 2025 НОВЫЕ ФИЛЬМЫ; НОВИНКИ КИНО 2025 | ЛУЧШИЕ ФИЛЬМЫ; Моя квартира; Слова Великих людей; EA7 | MUSIC |; Идеи для дачи; Квартирный Вопрос; Записки успешного человека"
singerbar.moscow,24416802,Nyutka,Parshina-Patrusheva,Женский,,Moscow,,,,"ООО ""ЭлектроГарант""",,,,,,,,,,,,,2001.0,
singerbar.moscow,24550491,Marina,Vesna,Женский,,Moscow,,,,,,,,,,,,,,,,,101.0,"ВКонтакте; Психология человека; 0% жирности; Европа Плюс; Шедевры Кино | Фильмы 2025 |  | Новые Фильмы; Империя Событий; Практическая психология; Врешь, тебе нравится; Полезные советы; Квартирный Вопрос; Эзотерика; Семья . Дети . Отношения  -  Незабываемая; Интересно знать | Наука и факты; Психология ★ Эзотерика. Успех ★ Счастье; Дизайн Ногтей 2025; Сарказм; ● Женские Мысли ●; ГЕНИАЛЬНО !; Netflix VK | Кино Сериалы Фильмы; Цитата|История Дня"
singerbar.moscow,24798955,Elina,Stanislavskaya,Женский,,Moscow,,Петропавловск-Камчатский,1.0,"ЭЛИС - кавер группа, дуэт",,,Школа № 7,Музыка,Музыка,,,,,,,,886.0,"Интеллектуальный юмор; Книги; ВКонтакте с авторами; KUDAGO: Москва; Street Styler | мода; Интересная Москва; НАШЕ; Другая Музыка; Вкратце | Москва!; СПЛИН; Источник знаний; Интересная Москва | События, Места, Афиша; Новые Альбомы; Дельфин  Dolphin; 2do2go: Москва; Москва: афиша бесплатных событий; Век Новейшей Поэзии; Простор; iSchool: клад материалов для саморазвития; Смотрю, читаю"
singerbar.moscow,24935689,Nikita,Babkin,Мужской,26.0,,,,,,,,,,,,,,,,,,,
singerbar.moscow,25011391,Lana,Svetlichnaya,Женский,,Vidnoe,,,,"МГУТУ им. К.Г. Разумовского (бывш. МГТА, МГЗИПП, ВЗИПП)",,,,,,,,,,,,,,
singerbar.moscow,25063178,Alexandra,Koroleva,Женский,,,,,,МЭСИ,,,,,,,,,,,,,,
singerbar.moscow,25396214,Denis,Miloslavsky,Мужской,,Moscow,,,,,,,,,,,,,,,,,,
singerbar.moscow,25831451,Ekaterina,Sadykova,Женский,,Moscow,,подольск,4.0,МГОУ (открытый),,МГОУ (открытый); МГОУ им. В. С. Черномырдина (ныне в сост. МАМИ); МПГУ (бывш. МГПИ им. Ленина),Школа № 12,,"обожаю музыку!!!!! спорт! кинотеатры! активный образ жизни!путешествовать! интересных людей! и все, что делает нашу жизнь насыщенней и интересней!","нет плохой музыки, бывает разное настроение!)))","также как и музыка, фильм выбирается по настроению. когда смотрю ""Дюплекс""  всегда хохочу до упада)))","к сожалению, а может и к счастью, я не успеваю смотреть телевизор...)","""Мир пауков"" Колина Уилсона",,"рассказать можно много, и при этом  быть совсем другим в жизни. 
очень ценю искренность в людях.",,1241.0,"Литература | Великие поэты; Идеи дизайна интерьера; Музыка; Знакомства - Анонимный чат; Comedy Club; Правда жизни; Здоровое тело. Мы за здоровый образ жизни; Павел Воля; Интересные факты; Спортхакерша; Идеи на каждый день; Интересно знать | Наука и факты; Интересная Москва 𝄞 VPN; Samchuk_studio; Это невероятно!; Ты не поверишь; Эзотерика | психология, йога, саморазвитие; Мудрость | книги, эзотерика, астрология; Дизайн Интерьера; Саморазвитие | психология, эзотерика, коучинг"
singerbar.moscow,25841621,Igor,Sushkov,Мужской,,Moscow,,,,,,,,,,,,,,,,,,
singerbar.moscow,25869566,Yulya,Shvedkova,Женский,,Moscow,,,,,,,,,,,,,,,,,,
singerbar.moscow,25878933,Tatyana,Moskoleva,Женский,,Moscow,,Москва,0.0,МГУИЭ (бывш. МИХМ),,МГУИЭ (бывш. МИХМ),,Поэтесса и музыкант,"Здоровье, караоке, СПА-услуги","Этно, дип-хаус, рок, фолк-рок",BBC,-,"А. Чехов как психолог, А. Куприн как романтик","Волейбол, баскетбол",Проснись и пой,От рассвета до заката,6411.0,"Леонардо - Бот Знакомства; Леонардо - Чат Знакомства; Тряхни Нормальность; Интересная планета - путешествия, туризм; Павел Воля; ВКонтакте для бизнеса; veydi_rush; Книга рекордов | Факты; Знакомства и общение 18+ | Kiss Me | Бутылочка; Валя Карнавал; Клава Кока; DAVA; VK NFT HUB; КОТ | Новости о животных; ЗОЖ в любом возрасте; SHAMAN; Смотри, какой дизайн; МОТ; Баста; Kagramanov"
singerbar.moscow,26145124,Stason,Reshetnikov,Мужской,39.0,Zelenograd,,,,Своё дело,,,,,,,,,,,,,,
singerbar.moscow,26220980,Roma,Galyant,Мужской,31.0,,,,,,,,,,,,,,,,,,278.0,
singerbar.moscow,26242773,Alla,Miller,Женский,38.0,Moscow,,,,АЭРОФЛОТ - Российские Авиалинии,,,,,,,,,,,,,,
singerbar.moscow,26403866,Igor,Romanov,Мужской,,Moscow,,Schweinfurt,0.0,Подписан на вас,; Подписан на вас,,,"Ведущий мероприятий с отличными рекомендациями, специалист массовых зрелищных мероприятий, менеджер ярких событий, event-producer, арт-директор, криэйтор всего, что только можно!","КВН, караоке-шоу, телевидение и кино, мода, грудное вскармливание ))))",,,"""Караоке на Майдане""",Орфографический словарь,На одевание,"Звание ""Ангела"" - это оказалось не шуткой. Это надо было заслужить","Если цена смешная, то и качество обычно - обхохочешься.",9977.0,"MDK; НЕ ПОВЕРИШЬ!; Лепра; Убейся Позитивом; Пятёрочка; ПЛОХИЕ НОВОСТИ 18+; О чем говорят мужчины; Долбани меня калиткой; Ёлочка; ВЕСТИ; Brighton Beach; Интересная Москва; Москва. Главное!; Всё о свадьбе | Свадьба по всем правилам; Реклама как искусство; Омбудсмен полиции; Все конкурсы, стипендии, вакансии, егэ 2024; Простор; Тольятти №1 ГОРОДСКОЙ; Анекдоты из жизни от анекдотов.net"
singerbar.moscow,26557891,Alexandra,Sarkisova,Женский,,Moscow,,,,,,,,,,,,,,,,,2327.0,
singerbar.moscow,26662793,Natalya,Kostyakova,Женский,59.0,Kemerovo,,,,КемГУКИ ,,,,,,,,,,,,,,
singerbar.moscow,26772283,Ivan,Ivanov,Мужской,43.0,Balakirevo,,п.Балакирево,4.0,,,,Школа № 36; Профессиональное училище № 28,"Работа, работа и еще раз работа..",Очень много ... Карьера ... Автомобили ... Бизнес...,Меломан... Хиты 90-х...,Кинолюб ... Властелин колец ...,Экстрасенсы..,Букварь...,Шахматы...,Всегда мужчина...,"Работа не волк , в лес не убежит ...",110.0,
singerbar.moscow,26924166,Anastasia,Kolisnichenko,Женский,40.0,Orekhovo-Zuevo,,,,Интернет магазин косметики и парфюмерии Лингала,,,,,,,,,,,,,6772.0,"НОВАЯ МУЗЫКА — Популярные Песни; ПРИКОЛЫ | Смеяка; Я ★ КИНОМАН | Фильмы, сериалы, кино 2025; Корпорация зла; Темная сторона; Интеллектуальный юмор; Своими руками. Новинки; Wildberries №1 | Находки с WB; Интересная планета - путешествия, туризм; Дзен; Интересные Факты; BURGER KING® Russia; ВКонтакте для бизнеса; Вкусно — и точка; Полезные советы; Юла; ВКонтакте с авторами; ЯЖЕБАТЯ; Готовлю вкусно, кушаю с удовольствием!; Телеканал ПЯТНИЦА!"
singerbar.moscow,27004136,Andrey,Grishin,Мужской,,Moscow,,,,РГУТИС (бывш. МГУС),,,,,,,,,,,,,1476.0,
singerbar.moscow,27156151,Kristina,Lebed,Женский,,Moscow,,,,ХПИ ФСБ России (бывш. ХВВСУ),,,,,,,,,,,,,4754.0,
singerbar.moscow,27256859,Irina,Bakanova,Женский,40.0,Moscow,,,,,,,,,,,,,,,,,,
singerbar.moscow,27366836,Vladimir,Alexandrovich,Мужской,,Moscow,,,,ОмА МВД России,,,,,,,,,,,,,,
singerbar.moscow,27375748,Sergey,Kozhevnikov,Мужской,,Domodedovo,,,,Пацанские хокку,,,,,,,,,,,,,1087.0,
singerbar.moscow,27434854,Stanislav,Kryukov,Мужской,,,,,,ТВТИ,,,,,,,,,,,,,578.0,"NETFLIX VK | Новинки кинo, сериалы, фильмы 2025; Фильмы 2025 Новинки кино онлайн Игра в кальмара; MOTOR | Автомобили и ДТП; Наука и Техника; Игра ""Сокровища Пиратов"" - официальная группа; Игры ВКонтакте; AUTO; Шутник; СТС; Смотри, что я узнал; • Неприличные Анекдоты; Русские сериалы, фильмы, мелодрамы; Оружейная; Книга рекордов | Факты; Мир Discovery; Good Life Inc; Иллюзионист; Диетические рецепты; ★ АРМИЯ - Мужское сообщество №1; ЗНАТОК"
singerbar.moscow,27599911,Svyatoslav,Gryaznov,Мужской,,,,,,ПУ 54,,,,,,,,,,,,,,
singerbar.moscow,27826467,Yulia,Toroschina,Женский,,Krasnodar,,,,Online showroom,,,,,,,,,,,,,279.0,"Я ★ КИНОМАН | Фильмы, сериалы, кино 2025; Интересные факты; Рецепты l В домашних условиях l На зиму; Лучшие рецепты Повара; Ужасы и Триллеры 2025 | Лучшие фильмы ужасов; ЧЕШУЯ; Шпильки | Женский Журнал; Food.ru — Любимая кухня страны; Готовим дома: вкусно и просто; Интерьер и декор; Сбер; Психология Джокера; Клуб Молодых Мам (КММ); SOKOLOV; Пальчики оближешь!; Легкие рецепты; Шедевры рекламы; Traveler - Путешествия и туризм; 585 Золотой; Быстрые рецепты"
singerbar.moscow,27901058,Artyom,Filatov,Мужской,,Moscow,,Москва,1.0,University of Manchester,,University of Manchester,Школа №10; Queen Ethelburga's Collegiate,Back-end программист,"Компьютерные игры, Warhammer 40000, теннис, программирование",,Железное Небо,,1984,League of Legends,,"НАДО БЫТЬ ОПТИМИСТОМ. Как бы ПЛОХО ни написали вы свою повесть, у нее обязательно найдутся читатели — многие тысячи читателей, которые сочтут эту повесть без малого шедевром.
В то же время НАДО БЫТЬ СКЕПТИКОМ. Как бы ХОРОШО вы ни написали свою повесть, обязательно найдутся читатели, многие тысячи читателей, которые будут искренне полагать, что у вас получилось сущее барахло.
И, наконец, НАДО БЫТЬ ПРОСТО РЕАЛИСТОМ. Как бы ХОРОШО, как бы ПЛОХО ни написали вы вашу повесть, всегда обнаружатся миллионы людей, которые останутся к ней совершенно равнодушны, им будет попросту безразлично — написали вы ее или даже не начинали вовсе.
Б. Стругацкий
***************************************
То, что робот хочет убить людей, не делает его радикалом. - Бендер, Футурама
****************************************
Все люди лгут. -Др. Хаус
****************************************
Во многом Эйла-Бейла подготовила меня к литературной критике. Когда двухсотфунтовая нянька пукнет тебе в лицо с криком «Bay!», «Виллидж Войс» мало чем тебя может напугать. - Стивен Кинг
*****************************************
Shit happens...
*****************************************
Правило Мужчины №49
Если в первые 15 минут за покерным столом ты не можешь понять, кто тут лох, значит, это ты!
Журнал MAXIM
*****************************************
Никогда не думал, что буду жить в мире, где мультфильм о маленьких пони будет более мужественным, чем фильм о вампирах.
*****************************************
Правило интернета №34 : There is a porn about it. NO EXCEPTIONS.
*****************************************
Умереть не страшно. Страшно, что после смерти могут снять фильм и тебя сыграет Паттинсон.- Стивен Спилберг
*****************************************
Слава Богу, я атеист.
*****************************************
For peace of mind, resign as general manager of the Universe. 
Larry Eisenberg
*****************************************
You miss 100% of the shots you don't take.
Wayne Gretzky
*****************************************
There is surely nothing quite so useless as doing with great efficiency what should not be done at all.
Peter F. Drucker",199.0,"че; Котизм; [BadComedian] ушёл в Telegram; Типичный программист; Рик и Морти | Ждём 8 сезон; Steam; Afro-American Side Of The Moon; киберпанк, который мы заслужили; FUTURAMA / Футурама; КИНО 4К; Подслушано у программиста; пикчи для любви и траха; Попуги :>; уволено; Зарубежье; Sci-Hub | Открытый доступ к научной информации; Обитель Золотого Дракона; SokoL[off]: Про Поп-культуру; Вселенная Warhammer 40000; TOKA = PAINT [архив]"
singerbar.moscow,28063527,Nazar,Zakharov,Мужской,,Moscow,,,,МАЭП,,,,,,,,,,,,,562.0,
singerbar.moscow,28110582,Volodya,Levin,Мужской,73.0,Moscow,,,,МТУСИ,,,,,,,,,,,,,4823.0,"Без кота и жизнь не та ツ; Больше, чем фото; Удачные Кадры | Фотографии и фотографы; Мода; HistoryPorn; Циник; KUDAGO: Москва; Ляйсан Утяшева; Лучшие фотографы и модели; Фотошедевры; Фотошкола: объективно о главном; Больше, чем просто фотография; Эври найт; Сола Монова; hh.ru; Переводы ФУЛЛЫ от Насти и Фритт; I love photo  - смартфон и камера, уроки; VOGUE; Другая фотография; Интересная Москва | События, Места, Афиша"
singerbar.moscow,28202824,Evgenia,Egorova,Женский,,Moscow,,,,Страховая компания «СОГАЗ‑Мед»,,,,,,,,,,,,,,
singerbar.moscow,28552111,Darya,Dmitrievna,Женский,31.0,Moscow,,,,Кафе Oriental Express (Аэропорт Внуково),,,,,,,,,,,,,771.0,НОВАЯ МУЗЫКА — Популярные Песни; Киномания ► Новинки мира кино; Телеканал ТНТ; ИМПЕРИЯ КИНО | НОВИНКИ 2025; Красиво сказано . . .; МХК; Достойные фильмы; Психология отношений; Популярная музыка; Лучшие Комедии 2025; Психология человека; НЕ ПОВЕРИШЬ!; Сарказм; RECORD; Я хочу...; Улетные приколы; Я в шоке!; Шпильки | Женский Журнал; Клубная музыка; iFeed
singerbar.moscow,28559504,Guzyal,Beznaschuk,Женский,,Moscow,,,,Уральский завод гражданской авиации [УЗГА],,,,,,,,,,,,,3052.0,
singerbar.moscow,28677352,Esenia,Popova,Женский,,,,,,,,,,,,,,,,,,,2208.0,"ВКонтакте; Леонардо Дайвинчик; КиноКайф - Лучшие фильмы; Я 🩷 КИНО; КИНОМАНИЯ | Фильмы и сериалы; ЁП; Я ★ КИНОМАН | Фильмы, сериалы, кино 2025; Фильмы 2025 Новинки кино онлайн Игра в кальмара; Корпорация зла; Литература | Великие поэты; VK Музыка; КЕКС; Телеканал ТНТ; MOTOR | Автомобили и ДТП; Смейся до слёз :D; Идеи дизайна интерьера; Четкие Приколы; Наука и Техника; HD Кино - Фильмы онлайн 2025; Интересные факты"
singerbar.moscow,28745535,Maria,Boldashova,Женский,,Magnitogorsk,,,,"МаГУ
",,,,,,,,,,,,,,
singerbar.moscow,28809192,Kristina,Tsokolaeva,Женский,,,,,,РАМ им. Гнесиных,,,,,,,,,,,,,406.0,"ВКонтакте; Я 🩷 КИНО; Cook Good - лучшие рецепты; Идеи дизайна интерьера; Наука и Техника; ИМПЕРИЯ КИНО | НОВИНКИ 2025; Чёткие приколы; Фильмы; Science|Наука; Begin English. Английский язык для всех; Новинки кино; Интересная планета - путешествия, туризм; Здоровое тело. Мы за здоровый образ жизни; Тысяча чертей, какая татуировка!; Кулинария: вкусные рецепты; Школа кулинарии | Вкусные рецепты; Женские секреты; Психология личности; Пятёрочка; Искусство реальности"
singerbar.moscow,28811478,Maxim,Maximov,Мужской,,Nizhny Novgorod,,,,,,,,,,,,,,,,,579.0,"Леонардо Дайвинчик; Я 🩷 КИНО; Киномания ► Новинки мира кино; КИНОМАНИЯ | Фильмы и сериалы; Наука и Техника; Достойные фильмы; Vine Video; Лепра; ТОПОР; Золотые руки | Строительство и ремонт; Шедевры Кино | Фильмы 2025 |  | Новые Фильмы; Фильмы, основанные на реальных событиях; Оф. группа  МегаТест; Пятёрочка; Вкусно — и точка; Лихие 90-е; ПЛОХИЕ НОВОСТИ; Находки с Wildberries | WB OZON; LOL STUFF; Тату и эскизы"
singerbar.moscow,28834656,Tatyana,Kozlova,Женский,,Krasnogorsk,,,,Коллегия адвокатов г. Москвы «Ваша Защита»,,,,,,,,,,,,,575.0,ВКонтакте; Интересные факты; Рецепты l В домашних условиях l На зиму; Клуб Молодых Мам (КММ); Первый канал; Родители и педагоги! Наши дети; ВКонтакте для бизнеса; Раневская.LIVE; Думай и Богатей; Это Нужно Знать; Знакомства и общение 18+ | Kiss Me | Бутылочка; Телеканал РОССИЯ 1; COMEDY - женский и мужской юмор; Интересная Планета; Женские Секреты; Продвинутая мама; Психология отношений; Котизм; Хиты 2025 | Лучшая Музыка; Новости Первого канала
singerbar.moscow,28912565,Evgeny,Alexandrov,Мужской,,Belgorod,,,,Удалить,,,,,,,,,,,,,424.0,
singerbar.moscow,28934586,Kristinochka,Yumshanova,Женский,33.0,,,,,ЕФ КФУ (бывш. ЕГПУ),,,,,,,,,,,,,,
singerbar.moscow,28951097,Alexander,Lesnikov,Мужской,,Moscow,,,,,,,,,,,,,,,,,,
singerbar.moscow,29586170,Rioku,Shifer,Женский,,Moscow,,,,,,,,,,,,,,,,,,
singerbar.moscow,29663868,Anton,Lavrenyuk,Мужской,36.0,Moscow,,,,"ТТИ ЮФУ (бывш. ТРТУ, ТРТИ)",,,,,,,,,,,,,,
singerbar.moscow,29668680,Denis,Lugovoy,Мужской,,Moscow,,,,,,,,,,,,,,,,,350.0,
singerbar.moscow,29722048,Seryoga,Sirotyuk,Мужской,,,,,,,,,,,,,,,,,,,1021.0,
singerbar.moscow,29746789,Maxim,Okunev,Мужской,,Orenburg,,Оренбург,0.0,,,,Школа № 15,,футбол,"шансон, клуб",комедии,,,,,,422.0,"NETFLIX VK | Новинки кинo, сериалы, фильмы 2025; 5 умных мыслей; 5 интересных фактов; Анекдоты; Мужской рай; VK Фитнес; Новинки кино; Виктория Складчикова; Короче; ГУФ (GUF); Иллюзионист; ЖЁСТКИЙ; Планета Самоцветов; Главная Дорога; Чёрный юмор; Мужская кухня; Новости Дня; Гио Пика; ДОМАШНИЕ ЖИВОТНЫЕ | ДЕД ВИТАЛИЙ И СОБАКИ; Сериалы | Аутсорс Подслушано в Рыбинске Почка 3"
singerbar.moscow,29792081,Gulsina,Zaripova,Женский,,Lyubertsy,,,,,,,,,,,,,,,,,,
singerbar.moscow,30059236,Dmitry,Verigin,Мужской,43.0,Moscow,,,,,,,,,,,,,,,,,,
singerbar.moscow,30102506,Anastasia,Ratnikova,Женский,,Moscow,,,,,,,,,,,,,,,,,210.0,"НОВАЯ МУЗЫКА — Популярные Песни; КиноКайф - Лучшие фильмы; Я 🩷 КИНО; Литература | Великие поэты; Идеи дизайна интерьера; ИМПЕРИЯ КИНО | НОВИНКИ 2025; Лепра; ЯЖЕВОДИТЕЛЬ; Европа Плюс; Словарный запас; Музыка 2024; SOKOLOV; LOOKBOOK; M O D A; На все руки; Радио ENERGY (NRJ); Юмор Шрёдингера; Наука и факты | Что будет, если...?; Невероятные факты; GAZ"
singerbar.moscow,30110308,Ivan,Osipov,Мужской,34.0,,,"Москва,Курск, Орел, СПб.",4.0,"РОСИ
",,"РОСИ
",,http://yavedu.ru/osipov-ivan,http://yavedu.ru/osipov-ivan,http://yavedu.ru/osipov-ivan,http://yavedu.ru/osipov-ivan,http://yavedu.ru/osipov-ivan,http://yavedu.ru/osipov-ivan,http://yavedu.ru/osipov-ivan,http://yavedu.ru/osipov-ivan,http://yavedu.ru/osipov-ivan,2546.0,"MDK; Телеканал ТНТ; Vine Video; БОРЩ; О блин! - Где блин? - Вон блин!; Comedy Club; 4ch; РИА Новости; Книга Рекордов; Черный юмор; Тысяча чертей, какая татуировка!; Лихие 90-е; Орленок; LABELCOM; D4; ДОМАШНИЕ ЖИВОТНЫЕ | ДЕД ВИТАЛИЙ И СОБАКИ; «Займись собой»; Почему?; КЛИККЛАК; RADIO TAPOK"
singerbar.moscow,30327859,Alexandra,Garina,Женский,,,,,,СГЭУ (СФ),,,,,,,,,,,,,,
singerbar.moscow,30391285,Anastasia,Filatova,Женский,,,,,,SPAVIBE BAR|СПА-косметика для тела|лица|ванн,,,,,,,,,,,,,,
singerbar.moscow,31137425,Anya,Leonenko,Женский,,Khimki,,,,"Ресторанный Холдинг ""ТигРус""",,,,,,,,,,,,,,
singerbar.moscow,31290134,Maxim,Volkolovsky,Мужской,35.0,Moscow,,,,МИЭП,,,,,,,,,,,,,71.0,Убойный юмор; Лепрозорий; Best Video; Смешно До Боли ツ; ПОЗИТИВ; Книги; Теория смеха; Хитрости жизни; WORKOUT; Кинолюбители - Лучшие фильмы; Азамат Мусагалиев; Just Video; ПСИХОЛОГИЯ; Black Science; IQ - интеллектуальный журнал; Stand Up; Comedy Radio; Новые Альбомы; Москва Live; Музыка для YouTube / Без авторских прав / АП
singerbar.moscow,31298680,Dmitry,Paskhin,Мужской,,,,,,,,,,,,,,,,,,,529.0,
singerbar.moscow,31622444,Alina,Gaynullova,Женский,,Dimitrovgrad,,,,Студия массажа Алины Гай,,,,,,,,,,,,,5036.0,
singerbar.moscow,31648072,Kristina,Koreneva,Женский,31.0,Staraya Kupavna,,,,,,,,,,,,,,,,,,
singerbar.moscow,31745328,Viktor,Sobolev,Мужской,30.0,Moscow,,,,МИИТ,,,,,,,,,,,,,773.0,
singerbar.moscow,31834333,Anton,Petrukhin,Мужской,,Moscow,,,,МАрхИ,,,,,,,,,,,,,157.0,
singerbar.moscow,32002319,Viktoria,Pryadkina,Женский,30.0,Moscow,,,,Кинолог Москва и М.О,,,,,,,,,,,,,1121.0,"Леонардо Дайвинчик; НОВАЯ МУЗЫКА — Популярные Песни; КиноКайф - Лучшие фильмы; КИНОМАНИЯ | Фильмы и сериалы; NETFLIX VK | Новинки кинo, сериалы, фильмы 2025; Фильмы 2025 Новинки кино онлайн Игра в кальмара; Литература | Великие поэты; VK Музыка; Телеканал ТНТ; Cook Good - лучшие рецепты; ИМПЕРИЯ КИНО | НОВИНКИ 2025; HD Кино - Фильмы онлайн 2025; МХК; Бумажный кораблик; Овсянка, сэр!; Рецепты l В домашних условиях l На зиму; Я тебя хочу; В приколе (18+); Достойные фильмы; Vine Video"
singerbar.moscow,32002883,Andrey,Eryomenko,Мужской,,Moscow,,,,ВНУ им. Даля (бывш. ЛМСИ),,,,,,,,,,,,,,
singerbar.moscow,32117247,Ruslan,Kayfulin,Мужской,37.0,,,,,,,,,,,,,,,,,,,
singerbar.moscow,32478927,Ivan,Gavrilov,Мужской,,Moscow,,,,,,,,,,,,,,,,,601.0,"Леонардо Дайвинчик; Знакомства - Анонимный чат; Леонардо - Знакомства; Лихие 90-е; Linkin Park; FACE; The Prodigy; Здоровье. Йога. Фитнес. Красота. ПП.; Российское общество «Знание»; ХБ; Москва: афиша бесплатных событий; Культура 2000-х; Москва Бесплатная; LINKIN PARK FANS; Аренда в Москве сдам,сниму квартиру,комнату Мск; КРАСНОЕ ДЕРЕВО; Российская государственная библиотека (Ленинка); JIM CARREY ▼ ДЖИМ КЕРРИ; Афиша.Онлайн - Москва; Eminem.Pro"
singerbar.moscow,32608680,DELETED,,Женский,29.0,,,,,,,,,,,,,,,,,,,
singerbar.moscow,32635538,Stas,Boroda,Мужской,39.0,Moscow,,,,Мебельное производство,,,,,,,,,,,,,,
singerbar.moscow,32728053,Irina,Gromova,Мужской,,Moscow,,,,,,,,,,,,,,,,,216.0,
singerbar.moscow,32833675,Anastasia,Chekanova,Женский,35.0,Moscow,,,,,,,,,,,,,,,,,,
singerbar.moscow,33245191,Yuliana,Savchenko,Женский,,Moscow,,Тбилиси,4.0,WitchcrafT,; ; ; ; ; ; ,Московское областное высшее училище (колледж) искусств (МОВУКИ); ИСИ,,https://t.me/iulianavox,,,,,,,Артистка,,13049.0,"ВКонтакте; NETFLIX VK | Новинки кинo, сериалы, фильмы 2025; VK Музыка; МХК; Ужасы и Триллеры 2025 | Лучшие фильмы ужасов; БОРЩ; СберКот; IGM; Словарный запас; Begin English. Английский язык для всех; Лепрозорий; AliExpress; VK Фитнес; Откровенно женский; Пикабу; Своими руками. Новинки; Подслушано – Здесь говорят о тебе; Заброшенное; Интересная планета - путешествия, туризм; Здоровое тело. Мы за здоровый образ жизни"
singerbar.moscow,33304364,Darya,Pupkova,Женский,27.0,Moscow,,,,"Кафедра метрологии, стандартизации и УК",,,,,,,,,,,,,356.0,
singerbar.moscow,33370161,Lev,Reznikov,Мужской,,Moscow,,,,,,,,,,,,,,,,,,
singerbar.moscow,33553289,Dmitry,Rudnev,Мужской,,Moscow,,Orel - London - Montreal,1.0,,,,Школа при посольстве РФ в Великобритании,"кино, видео, фото, мультимедиа, графика, дизайн, FX, art",Photo: http://dburn.ru/users/dmitriirudnev,,"The machine 2014, JB of all times, The Giver 2014, Focus, Кровавая месть, The Game Список контактов / Deception (2008) Colombiana (2011)",,,,,,1944.0,
singerbar.moscow,33590844,DELETED,,Мужской,,,,,,,,,,,,,,,,,,,,
singerbar.moscow,33622976,Zhanna,Karataeva,Женский,,,,,,"ателье  "" mexAlex""",,,,,,,,,,,,,,
singerbar.moscow,33720192,Nastya,Tolmachyova,Женский,,,,,,УлГУ,,,,,,,,,,,,,,
singerbar.moscow,33888508,Diana,Kulikova,Женский,,Moscow,,,,МИФКиС,,,,,,,,,,,,,,
singerbar.moscow,33967804,Ekaterina,Tkalicheva,Женский,,Moscow,,,,Rofman,,,,,,,,,,,,,1237.0,
singerbar.moscow,34071137,Natalya,Timokhina,Женский,,Moscow,,,,БИЭПП,,,,,,,,,,,,,271.0,
singerbar.moscow,34698422,Irinka,Shavrova,Женский,34.0,Vidnoe,,,,ВТБ Лизинг,,,,,,,,,,,,,,
singerbar.moscow,34704972,Dmitry,Ermolin,Мужской,,Moscow,,Каменск-Улальский,2.0,,,,Школа №1,Артист-пародист  ДМИТРИЙ ЕРМОЛИН,"Музыка, Кино, Театр, Спорт",Очень много - самая хорошая!!!,"""Гамлет"" (Козинцева), ""Остров""  (Лунгина)..итд и тп",Все что связано с КУЛЬТУРОЙ,"""Москва и Москвичи ""(Владимир Гиляровский)","Жизнь это игра, игра это и есть жизнь!","Лауреат Всероссийского телевизионного Конкурса артистов- пародистов .Участник Фестиваля смеха, юмора и песни в городе Ялта .На профессиональной сцене работает в качестве ведущего концертных программ .Поет песни голосами звезд Эстрады и поздравляет голосами политиков.Постоянный ведущий всех концертов программ Московского Театра двойников .Участник проекта ""Серебряная калоша"" в цирке на Цветном бульваре.Дипломант Всероссийского телевизионного Конкурса «Звёзды 21 века».Участвует в концертных программах""Юморина"" в театре Киноактера.В настоящее время сотрудничает с многими концертными Агентствами .Неоднократно принимает участие в праздновании дня города Москвы и городов России .Проводит  вечеринки, концерты.",Кризис -это просто слово!,658.0,"Comedy Club; ♔ Счастье ♔; Первый канал; RELAX ▲; Голос; РЕН ТВ | Новости; Яжемужик; Москва. Главное!; ПЛЮСЫ И МИНУСЫ ЯНДЕКС ПЛЮС; Коммерсантъ; Дима Билан / Dima Bilan; Сводки от ополчения Новороссии; SEREBRO; All Comedy - Камеди Клаб, Stand Up; Cinemaholics; Круглосуточные новости Екатеринбурга E1.RU; Яндекс Go; Афиша; Ярослав Сумишевский; Нурлан Сабуров"
singerbar.moscow,34719340,Maksim,Tokarev,Мужской,38.0,Moscow,,,,,,,,,,,,,,,,,,
singerbar.moscow,34817765,Alexia,Nikishina,Женский,35.0,Moscow,,"Ульяновск, Самара",4.0,Академия «САНАРА» | АР,Самарский речной техникум; ; ; ; ; ; ,САГМУ (СМИУ),Школа №17; Самарский социально-педагогический колледж (ССПК),Личностное совершенствование. Писательство. Эзотерика,"Мифология древних культур, мистика и все необычное, фотография","Скрипка - любимый инструмент ""Muse"", Yanni, Ванесса Мэй, ""Бумбокс"", ""Океан Эльзы"", Верона, Alexandre Desplat, Петр Дранга, ""Carter Burwell"", ""БИ-2""","Историческая фантастика, произведения  про таких великих личностей как Есенин, Македонский, Цезарь и др, ""Мастер и Маргарита"", ""Преступление и наказание (1969), ""Властелин Колец"", ""Оранжевая любовь"", ""Гримм"", ""Милый друг"", ""Мумия""",Без комментариев,"Автора Роберта Сальваторе: ""Темный эльф"", тетралогия ""Ведьма"". ""Моя жена-ведьма"", ""Собор Парижской Богоматери"", ""Гибель Атлантиды"", ""Дракула"", ""Легенды и мифы Древней Греции"" и др",Не любитель,Писатель. Таролог. Рунолог. Астролог. Психолог,"Требуется лишь минута, чтобы заметить кого-то, час, чтобы кто-то понравился, день, чтобы полюбить кого-то, и вся жизнь, чтобы забыть кого-то.

Ты – часть пространства мира, ты – планета,
Ты – сила Неба, Солнца и времен…
Ты потерял себя в пространстве где-то
И найден тьмою, ей и очернен.

И вот, подмены тайной не заметив,
Наивно ожидая всех даров,
Бессильны стали люди все на свете,
Не помня чувств Божественных и слов.

Огромно небо! Не найдешь границы
На нем света, ветра, звезд и облаков.
И мы вольны, как поднебесья птицы,
Летать вперед иль ждать земных кормов.

Однажды ты поймешь, дай Бог, не поздно,
Что все пространство – это Бог и ты,
Что ждут вниманья от тебя все звезды,
И ты – Творец Божественной мечты.

«Твори, мой сын!» - тебе все Небо шепчет.
«Люби, дитя!» - тебе весь мир поет.
Когда идешь – в пути и ноша легче,
Когда не ждешь – тебя сам Бог ведет!

""Нет, это не предел""

Ровно половина – это не предел.
Эмбрион сомнений – вечный мой удел.
В черепе кружится вереница снов,
Свет в горящих окнах – от больших умов.

А в чернильном небе плавится луна,
Будет долго помнить эту ночь она.
Ею наполняю каждый день сполна,
Чтобы дна окружность не была видна.

Знает ветер, стрелки кварцевых часов,
На какие тропы разум встать готов ….
Замутненным взором щурится луна,
Завтра в ярких красках вспомнит все она.

Пусть темно в кармане, в комнате темно,
Мы с моей луною вместе заодно.
Свет струится темный из любимых глаз,
Умерев, родиться в них хочу сейчас.

Надежда Анищенко
",1557.0,
singerbar.moscow,34824145,Ivan,Lukin,Мужской,,Omsk,,,,НГАВТ (ОФ),,,,,,,,,,,,,,
singerbar.moscow,34944403,Fedor,Chebanov,Мужской,33.0,Moscow,,Губкинский,4.0,,,,Школа № 1,,КОМПЬЮТЕРЫ.....МУЗЫКА.....ИСКУССТВО.....),Меломан.........))),ВССЁЁЁ ПОДРЯЯЯД....),COMEDY CLUB...Убойная Лига...Смех Без Правил...НаШа RUSSIA))),,"Race Driver Grid, CS 1.6, GTA4 и т.д.",,,346.0,
singerbar.moscow,35066460,Olya,Kireeva,Женский,,Moscow,,,,,,,,,,,,,,,,,543.0,
singerbar.moscow,35287323,Raisa,Leschy,Женский,32.0,Moscow,,,,Студия растяжки|Марьино|Ясенево|Раменки,,,,,,,,,,,,,2957.0,
singerbar.moscow,35572122,Alexander,Trifonov,Мужской,41.0,,,,,,,,,,,,,,,,,,287.0,
singerbar.moscow,35907092,Alexander,Kaveshnikov,Мужской,,,,Москва,4.0,"ГУП (бывш. МГОПУ, МГОУ, МПУ, МОПИ им. Н. К. Крупской)",,"МГОУ (бывш. МОПИ им. Н. К. Крупской); ГУП (бывш. МГОПУ, МГОУ, МПУ, МОПИ им. Н. К. Крупской)",Лицей № 2,,"фэнтези, IT","ария, Кипелов, гроб, чиж и к, бутусов, БГ, сплиг, чайф, эпидемия, король и шут, арда, наив, тэм, ДДТ, Арбенина, ТараканыЮ Цой, Rammstain, Lacrimosa, green day, мельница, маврин, андервуд, Catarsis, Catatoniya, 100 Градусов",внутри себя я танцую,не смотрю,"Толкиен, Лукьяненко, Перумов, Панов, Асприн, Белянин, Кафка, Малинин, Цвейг","сталкер, варик, рпг, Ведьмак",,,474.0,
singerbar.moscow,35943727,Ekaterina,Babii,Женский,,Moscow,,,,Департамент здравоохранения Москвы (ДЗМ),,,,,,,,,,,,,,
singerbar.moscow,36068091,Angelina,Rudchenko,Женский,41.0,,,,,ВТУ ФССС РФ,,,,,,,,,,,,,,
singerbar.moscow,36279201,Karinka,Pirozhok,Женский,,Moscow,,москва,0.0,МАИ,,МАИ,Школа № 601,-----,"family
friends
tattoo
music
football
dance
love
car
Education
work
","rap
Hip-Hop
rnb
rock
pop
house
electro","Knockin' On Heaven's Door
Amores perros
Bad Boys
Seven Pounds
Fight Cluв
all the films of Guy Ritchie",,"ooooooohen'
mmm
nnnnnn
ooo
gggggg
oo",прятки=Р,"Карина — «дорогая»
Импульсивная, легко возбудима, быстро выходит из себя, горда, неприступна.жизнь ее интересна и насыщена различными событиями. Обладает сильной волей, но не умеет пользоваться ею и противостоять невзгодам.В приступах гнева выглядит неприглядно, что сбивает с толку ее обожателей.","""говорят у людей с холодными руками горячее сердце""",875.0,
singerbar.moscow,36413508,Irina,Panarina,Женский,,Moscow,,,,,,,,,,,,,,,,,395.0,
singerbar.moscow,36883274,Evangelia,Sakharova,Женский,,Moscow,,,,РНИМУ (бывш. РГМУ) им. Н. И. Пирогова,,,,,,,,,,,,,,
singerbar.moscow,36939305,Milana,Novikova,Женский,,Moscow,,,,Los Angeles Music Academy,,,,,,,,,,,,,742.0,
singerbar.moscow,37103423,Yulia,Saloshina,Женский,,Moscow,,,,РУДН,,,,,,,,,,,,,1250.0,
singerbar.moscow,37691340,Anastasia,Vasilyevna,Женский,,Moscow,,,,,,,,,,,,,,,,,,
singerbar.moscow,37696008,Elizaveta,Pavlova,Женский,,Moscow,,,,СПбГУ,,,,,,,,,,,,,,
singerbar.moscow,38002067,Ksenia,Panysheva,Женский,,,,,,СФУ,,,,,,,,,,,,,,
singerbar.moscow,38048027,Alyona,Dotsenko,Женский,,Moscow,,Омск,1.0,,,,,,,,ТРОЯ,,"""Мастер и Маргарита"", ""Ведьма с Портобелло"", «Унесённые ветром»",,,,831.0,
singerbar.moscow,38234044,Ruslan,Aptelgaziev,Мужской,,,,,1.0,"КНИТУ (бывш. КГТУ, КХТИ)",,"КНИТУ (бывш. КГТУ, КХТИ)",Школа № 65,,,,,,,,,,363.0,MDK; Киномания ► Новинки мира кино; Фильмы 2025 Новинки кино онлайн Игра в кальмара; Корпорация зла; Интересные факты; МХК; Бумажный кораблик; Достойные фильмы; Vine Video; Психология отношений; 5 умных мыслей; Палата №6; Убойные приколы; Сарказм; Лепра; Анекдоты; Игры ВКонтакте; Хитрости жизни; Science|Наука; Идеи вашего дома
singerbar.moscow,38308845,Sia,Felice,Женский,,Moscow,,~WhiteCity~,0.0,МЭСИ,,МЭСИ,,,Музыка  Фотография  Природа  Путешествия ✈️  Кулинария  Саморазвитие  Иностранные языки ✅,,,,,,"Everything is possible if you just believe!!!
/Всё возможно, если ты поверишь!/

Αγάπα για να ζήσεις, ζήσε για ν' αγαπάς (Διονύσιος Σολωμός)
Люби, чтобы жить, живи, чтобы любить (Дионисий Соломос)","Quilibet fortunae suae faber – Каждый сам кузнец своего счастья...   

Omnia transeunt et id qouque/etiam transeat -
Все проходит, и это тоже пройдет
(Надпись на кольце Соломона: Omnia transeunt, id quoque (на внеш. стороне была надпись ""все проходит"", а на внутренней ""и это тоже"") 

""Если твое сердце и твой ум беспокойны, чего же тебе больше? Кто перестал любить и делать ошибки, тот может похоронить себя заживо."" Гёте

Невозможно! -сказала Причина.Безрассудно! -заметил Опыт.Бесполезно! - отрезала Гордость.Попробуй - шепнула Мечта.....

Per Aspera ad Astra! - Сквозь тернии к звездам!

Во что ты веришь, того и достигнешь.
Норман Пил

Любовь - это бесценный дар. Это единственная вещь, которую мы можем подарить и все же она у тебя остается. (Л.Толстой)

Если вы белая и пушистая – вам пора в солярий и на эпиляцию

ЗАВТРА СЕГОДНЯ СТАНЕТ ВЧЕРА , и все пройдет само собой...

ЕСЛИ ХОЧЕШЬ УВИДЕТЬ РАДУГУ, ТЕБЕ НУЖНО ПЕРЕЖИТЬ ДОЖДЬ!

Не бойся, если ты один. Бойся, если ты ноль...

fac quod debes fiat quod fiet - Делай, что должен - сбудется, что суждено!

Все в наших руках, поэтому их нельзя опускать
(Коко Шанель) 

""One word frees us of all the weight and pain of life: that word is love.""

""Одно слово освобождает нас от всех тяжестей и болей жизни: это слово - любовь.""

When life gives you a hundred reasons to cry, show life that you have a thousand reasons to smile-Когда жизнь даёт тебе сотни причин для слез, покажи ей, что у тебя есть тысяча причин для улыбки

Everything is possible if you just believe!!!
/Всё возможно, если ты поверишь!/

Цельтесь в луну даже если промахнетесь, то окажетесь среди звезд!

""Никогда не думай, что ты иная, чем могла бы быть иначе, чем будучи иной в тех случаях, когда иначе нельзя не быть"" (Л. Кэрролл)

Каждое утро я стараюсь поверить в шесть безумных чудес...(Alice in Wоnderland)

«Самая тяжелая дорога всегда ведет к вершине» 
— Конфуций

~erit hodie cras heri~",1803.0,
singerbar.moscow,38470138,Kinik,Kinik,Мужской,,Moscow,,,,"ип ""Г.В.Людковский""",,,,,,,,,,,,,,
singerbar.moscow,38820008,Alexey,Tarasov,Мужской,45.0,Lukhovitsy,,Луховицы,0.0,РСК МиГ,,,Школа № 2,,,,,,,,,,735.0,НОВАЯ МУЗЫКА — Популярные Песни; Я 🩷 КИНО; Киномания ► Новинки мира кино; Kate Mobile; MOTOR | Автомобили и ДТП; Интересные факты; Best Video; Интерьер и декор; Новинки кино; Почему я этого не знал?; Вот это смешно :D; УЛИЧНЫЕ ДРАКИ | MMA | WORKOUT; Достижения человечества; Идеи татуировок; Упоротый юмор; ЭТУ СТРАНУ НЕ ПОБЕДИТЬ!!!; Топовые татуировки; КХЛ; Хитрости жизни; Лихие 90-е
singerbar.moscow,38987837,Ksyunichka,Donskaya,Женский,,Moscow,,,,РГУ им. А. Н. Косыгина (бывш. МГУДТ),,,,,,,,,,,,,1995.0,
singerbar.moscow,39102815,Evgenia,Blinova,Женский,,Moscow,,,,,,,,,,,,,,,,,5793.0,НОВАЯ МУЗЫКА — Популярные Песни; Я 🩷 КИНО; MDK; КИНОМАНИЯ | Фильмы и сериалы; Литература | Великие поэты; КЕКС; МХК; NR; Наша правда!; Vine Video; БОРЩ; НЕ ПОВЕРИШЬ!; Лепра; Шедевры кулинарии| Вкусные рецепты; Психология; Женские Хитрости | Лайфхакерша; Science|Наука; Словарный запас; Темная сторона; Best Video
singerbar.moscow,39272396,Eduard,Popov,Мужской,,Stary Oskol,,,,MOROZ BAND | КАВЕР ГРУППА | МОРОЗ БЭНД,,,,,,,,,,,,,2285.0,КИНОМАНИЯ | Фильмы и сериалы; Лучшие рецепты Повара; НОВИНКИ КИНО 2025; Новинки кино; YUMMY | ВКУСНЫЕ РЕЦЕПТЫ; Say 13 - Музыка 2024; PostNews; Радио ENERGY (NRJ); Мое здоровье; Почему я этого не знал?; Правильные Мысли; Секреты Жизни  | Советы; Верую † Православие; Бизнес Инфо; VK Квиз; Интересные факты; Лихие 90-е; Прораб | Строительство и ремонт;                                  ﻿﻿﻿; Телеканал РОССИЯ 1
singerbar.moscow,39582004,Andrey,Demaev,Мужской,44.0,Medellín,,,,ДИРСП,,,,,,,,,,,,,,
singerbar.moscow,39605064,Marina,Chevychelova,Женский,,Moscow,,,,МАТИ,,,,,,,,,,,,,553.0,
singerbar.moscow,39860279,Stepan,Ustinov,Мужской,33.0,Moscow,,,,СКИ (филиал БУПК),,,,,,,,,,,,,726.0,"НОВАЯ МУЗЫКА — Популярные Песни; MDK; ЁП; Я ★ КИНОМАН | Фильмы, сериалы, кино 2025; Телеканал ТНТ; БОРЩ; Лепра; Comedy Club; IGM; Лепрозорий; Мужской рай; Сбер; Леонардо - Знакомства; Новинки кино; На Случай Важных Переговоров; Пикабу; МАТЧ ТВ; Интересная планета - путешествия, туризм; Ёлочка 2024; Лентач"
singerbar.moscow,40202344,Anton,Martsinkevich,Мужской,28.0,Moscow,,,,,,,,,,,,,,,,,248.0,PZHWear. Russian Streetwear Brand; Магазин мужской одежды | Dress Code Moscow; LXST CXNTURY; YANAMI Wear; Zenless Zone Zero; plenka; Vigrid Division-бренд одежды; Скандинавская одежда Викинг | VIKING; Dawg; COLLAPSE; BBR Shop; Wardruna; TIME TEAM; Lamp Garage | Мужская одежда; Oglaf/Оглаф для начинающих; Thor Steinar; фроге; STEAMBALANCE.CC - промокод SALE; Gray-Skull Art (Warhammer 40000); MotoSteel. Мотоциклы из Японии. Аукционы
singerbar.moscow,40205654,Olga,Olshevskaya,Женский,30.0,Dnipro (Dnipropetrovsk),,,,Наша Москва,,,,,,,,,,,,,1923.0,"НОВАЯ МУЗЫКА — Популярные Песни; Литература | Великие поэты; Интересные факты; Популярная музыка; ЧЕШУЯ; Шедевры кулинарии| Вкусные рецепты; Улетные приколы; Идеи вашего дома; ПОЗИТИВ; Лайфхакерша; Идеи для творчества и подарков своими руками; Родители и педагоги! Наши дети; Вдохновение.; Верую † Православие; Уроки Красоты | Маникюр | Прически | Макияж; Прически; Больше, чем фото; Уютный декор для дома. Handmade и рукоделие; Мудрые родители. Семья. Дети; Фото года. Стопкадр. Путешествия, туризм."
singerbar.moscow,40424138,Yulia,Romanova,Женский,33.0,Moscow,,,,КГУ,,,,,,,,,,,,,2511.0,"КИНОМАНИЯ | Фильмы и сериалы; Cook Good - лучшие рецепты; Шедевры кулинарии| Вкусные рецепты; Food.ru — Любимая кухня страны; Интерьер и декор; Интеллектуальный юмор; РИА Новости; SOKOLOV; Идеи для творчества и подарков своими руками; Слова Великих людей; Верую † Православие; Бизнес Инфо; Just Cook; ВКонтакте для бизнеса; Квартирный Вопрос; Ужасы | Фильмы ужасов | Страшные истории; Диетические рецепты; Ideas & Decor; Фото года. Стопкадр. Путешествия, туризм.; E.squire"
singerbar.moscow,40453841,Nina,Shoniya,Женский,33.0,Moscow,,,,,,,,,,,,,,,,,463.0,
singerbar.moscow,40454151,Yulia,Zhirnova,Женский,45.0,Moscow,,,,МГПУ,,,,,,,,,,,,,272.0,
singerbar.moscow,40480057,Anastasia,Forsayt,Мужской,32.0,Podolsk,,,,СтГАУ (СГСХА),,,,,,,,,,,,,,
singerbar.moscow,40511980,Natalya,Belykh,Женский,,Moscow,,,,Самозанятые.рф,,,,,,,,,,,,,344.0,"ВКонтакте; Леонардо Дайвинчик; НОВАЯ МУЗЫКА — Популярные Песни; Я 🩷 КИНО; Киномания ► Новинки мира кино; КИНОМАНИЯ | Фильмы и сериалы; Я ★ КИНОМАН | Фильмы, сериалы, кино 2025; NETFLIX VK | Новинки кинo, сериалы, фильмы 2025; Фильмы 2025 Новинки кино онлайн Игра в кальмара; Идеи дизайна интерьера; ИМПЕРИЯ КИНО | НОВИНКИ 2025; HD Кино - Фильмы онлайн 2025; Наша правда!; Психология отношений; Лучшие Комедии 2025; Психология человека; С нами стыдно, зато весело!; Я тебя люблю; Фильмы; Лепра"
singerbar.moscow,40745908,Vova,Kondrashin,Мужской,,Moscow,,,,"Singer - караоке, бар, ресторан в Москве",,,,,,,,,,,,,234.0,
singerbar.moscow,41602880,Svetlana,Ermakova,Женский,,Moscow,,,,"Гостиница КОСМОС, Москва (м. ВДНХ, возле ВВЦ)",,,,,,,,,,,,,7124.0,"ВКонтакте; КиноКайф - Лучшие фильмы; Я 🩷 КИНО; Киномания ► Новинки мира кино; КИНОМАНИЯ | Фильмы и сериалы; Я ★ КИНОМАН | Фильмы, сериалы, кино 2025; NETFLIX VK | Новинки кинo, сериалы, фильмы 2025; Фильмы 2025 Новинки кино онлайн Игра в кальмара; Литература | Великие поэты; Идеи дизайна интерьера; ИМПЕРИЯ КИНО | НОВИНКИ 2025; Интересные факты; МХК; Открытки Поздравления Пожелания С Днём Рождения; Рецепты l В домашних условиях l На зиму; Достойные фильмы; Лучшие рецепты Повара; Психология отношений; С нами стыдно, зато весело!; Ужасы и Триллеры 2025 | Лучшие фильмы ужасов"
singerbar.moscow,41674073,Denis,Rubanov,Мужской,,,,,,"Цирк-шапито ""Драйв"" (Санкт-Петербург)",,,,,,,,,,,,,2986.0,ИМПЕРИЯ КИНО | НОВИНКИ 2025; Рецепты l В домашних условиях l На зиму; В приколе (18+); Ужасы и Триллеры 2025 | Лучшие фильмы ужасов; Видео Долбоёба; ЯЖЕВОДИТЕЛЬ; Begin English. Английский язык для всех; Смешно До Боли ツ; Здоровое тело. Мы за здоровый образ жизни; Книга рекордов | Факты; Кинолюбители - Лучшие фильмы; Иллюзионист; Позорно из соцсетей; Мужская кухня; Кладбище цивилизации; ТНТ MUSIC; Интересная Москва 𝄞 VPN; Идеи; Вечерний Ургант; Авито
singerbar.moscow,41750043,Svetlana,Drozdova,Женский,,Moscow,,,,"НКИ
",,,,,,,,,,,,,319.0,"Рецепты l В домашних условиях l На зиму; Лучшие рецепты Повара; ЧЕШУЯ; Игра ""Сокровища Пиратов"" - официальная группа; Food.ru — Любимая кухня страны; Просто Вкусно; Школа красоты; SOKOLOV; Великие Слова | Цитаты и Афоризмы; Прически | Стрижки 💇 Окрашивания; Мое здоровье; Вкусные домашние рецепты; Кулинария: вкусные рецепты; Фитнес кухня; Раневская.LIVE; Эзотерика; Модные Прически; Клуб кулинаров | Рецепты | Советы; Готовим вместе; SUNLIGHT / Санлайт"
singerbar.moscow,41834719,Andrey,Koschy,Мужской,,Moscow,,,,МФТИ (ГУ),,,,,,,,,,,,,,
singerbar.moscow,42180602,Maria,Rabadanova,Женский,29.0,Moscow,,,,NYX PROFESSIONAL MAKEUP RU,,,,,,,,,,,,,,
singerbar.moscow,42235563,Yulia,Titova,Женский,,Moscow,,,,Сеть клиник МЕДСИ,,,,,,,,,,,,,1305.0,
singerbar.moscow,42645853,Maria,Grigoryeva,Женский,,Moscow,,Москва,0.0,МГТУ им. Н.Э. Баумана,,МГТУ им. Н.Э. Баумана,Школа № 1224,,,,,,,,.,.,511.0,Литература | Великие поэты; Шедевры кулинарии| Вкусные рецепты; Vandrouki | Путешествия почти бесплатно (RU); Находки на Wildberries; KUDAGO: Москва; English | Английский язык; Литературный оргазм; Pro Ремонт; НАШЕ; Мозговые орехи; Интересные события в Санкт-Петербурге; Правила жизни; STYLE GUIDE; Завтра в Питере | Санкт-Петербург; Москва Live; Lazuranna: сумки и обувь ручной работы; Женские секретики; По Земле бюджетно; Милые иллюстрации; Всё о цвете и сочетании (Lookcolor)
singerbar.moscow,42651265,Div,Sin,Мужской,,Moscow,,,,,,,,,,,,,,,,,394.0,
singerbar.moscow,42839062,Artem,Kochetov,Мужской,,Podolsk,,,,,,,,,,,,,,,,,154.0,Телеканал ТНТ; Begin English. Английский язык для всех; VK Фитнес; Пикабу; BURGER KING® Russia; VK Fest; VK Play; ПЛОХИЕ НОВОСТИ; Английский язык.; Fortnite; Xiaomi.Russia; Янчик / ynchq; NVIDIA; MRZLK; загадочные обстоятельства; PlayStation Россия; Monarch; М.Видео | Эльдорадо; Игромания; События дня!
singerbar.moscow,43021845,Margarita,Isaeva,Женский,,Moscow,,,,Финансовый университет при Правительстве РФ (бывш. ФА при Правительстве РФ),,,,,,,,,,,,,597.0,
singerbar.moscow,43140235,Alexey,Kuleshenko,Мужской,48.0,Serpukhov,,,,"Кабаки,бары.рестораны...",,,,,,,,,,,,,,
singerbar.moscow,43481406,Yunia,Tonkaya,Женский,,Moscow,,,,Финансовый университет при Правительстве РФ (КФ) (бывш. ВЗФЭИ),,,,,,,,,,,,,332.0,
singerbar.moscow,43692378,Evgeny,Evgeniev,Мужской,,,,,,,,,,,,,,,,,,,,
singerbar.moscow,43777825,Alexey,Makeev,Мужской,35.0,Balashikha,,Балашиха,0.0,МАТИ,,МАТИ,Школа № 3 им. И. А. Флерова,,,,,,,,,,162.0,"MDK; Я ★ КИНОМАН | Фильмы, сериалы, кино 2025; NETFLIX VK | Новинки кинo, сериалы, фильмы 2025; Клубная музыка; Хитрости жизни; AUTO; Мужской рай; Действительно смешно; ПОЗИТИВ; Наука, Техника и Нейросети; Радио ENERGY (NRJ); Marmok; Школа кулинарии | Вкусные рецепты; Фото года. Стопкадр. Путешествия, туризм.; Джентльмен Club; ИДЕИ; HYPERPC; МЯСО | Мужская кухня; Rock | Рок; Stand Up"
singerbar.moscow,43887727,Pavel,Istomin,Мужской,,Moscow,,,,,,,,,,,,,,,,,4106.0,"Леонардо Дайвинчик; НОВАЯ МУЗЫКА — Популярные Песни; MDK; Фильмы 2025 Новинки кино онлайн Игра в кальмара; VK Музыка; MOTOR | Автомобили и ДТП; Наука и Техника; Интересные факты; Видео Долбоёба; БОРЩ; НЕ ПОВЕРИШЬ!; Игры ВКонтакте; ЯЖЕВОДИТЕЛЬ; Словарный запас; Школа ремонта; Best Video; Смотри, что я узнал; Они тупые?; УЛЫБНУЛО; Интересная планета - путешествия, туризм"
singerbar.moscow,44024405,Anna,Malysheva,Женский,,Moscow,,,,,,,,,,,,,,,,,,
singerbar.moscow,44061601,Dante,Kain,Мужской,34.0,Moscow,,Москва,0.0,,,,,,,,,,,,"______________.s$$_________ ___s$
_____________s$$$?______s__ __s$³
___________.s$$$___ ___.s$, __s$$³
__________s$$$$³______.s$___.$$³
_____, ____$$$$$.______s$³_ __³$
_____$___$$$$$$s_____s$³___ _³,
____s$___³$$$$$$$s___$$$, ` ___..
____$$____³$$$$$$s.___³$$s_____, ,
_____³$.____³$$$$$$$s_.s$$$_ ___
____`$$.____³$$$$$$$_$$$$__ _s³
_____³$$s____³$$$$$$s$$$³__ s$³
______³$$s____$$$$$s$$$$`__ s$$
___s.__$$$$___s$$$$$$$$³_.s $$³
___$$_s$$$$..s$$$$$$$$$$$$$ $³
___s$.s$$$$s$$$$$$$$$$$$$$$ $
__s$$$$$$$$$$$$$$$$$$$$$$$³
_s$$$ssss$$$$$$$$$$ssss$$$s
$$s§§§§§§§§§s$$$$s§§§§§§§§§$$
³§§§§§§§§§§§§§s$s§§§§§§§§§§§§§³
§§§§§§§§§§§§§§§s§§§§§§§§§§§§§§
³§§§§§§§§§§§§§§§§§§§§§§§§§§§§§
_³§§§§§§§§§§§§§§§§§§§§§§§§§§§³
__³§§§§§§§§§§§§§§§§§§§§§§§§§³
___³§§§§§§§§§§§§§§§§§§§§§§§³
_____³§§§§§§§§§§§§§§§§§§§³
_______³§§§§§§§§§§§§§§§³
_________³§§§§§§§§§§§³
____________³§§§§§³

_______##########
____########___####
___##_____###_____###
_##______###_______###
_#_______###________###
_#______###________###
_###___###________###
__##___###_______###
_______###_____####
____###########
_________________
______________######## 
___________###___#### 
__________##____##### 
__________##__###_## 
______________##__### 
_____________##___### 
___________######## 
__________##_____### 
_________##______### 
_______##_______###### 
_____### 
_##### 
_____
_______####_______#####
____###_###_____##
___##___###____##
___##___##_____##
________########
________##____##
_______##____###
______##_____###
_#####_____#####
___________________
_______________________________##
______####################
____###__##____###____###
___#_____##_____##____###
___##___##_____##____###
____#___##_____##____###
________##____###___###
_______##____###____###
_##__##___#####___#####
__##
___
_____#############
___###___##______##
__##____###
_##_____##_____#
_##____########
_##____###___##
__#___###
______###_______###
_____####______###
___#############
___________________",,1366.0,
singerbar.moscow,44281744,Anastasia,Dmitrievna,Женский,,Moscow,,,,МПГУ (бывш. МГПИ им. Ленина),,,,,,,,,,,,,1298.0,
singerbar.moscow,44318258,Ekaterina,Rygina,Женский,,Moscow,,,,ОП № 3,,,,,,,,,,,,,,
singerbar.moscow,44346893,Valentina,Panfilova,Женский,39.0,,,,,ВУиТ,,,,,,,,,,,,,,
singerbar.moscow,44653773,Yudzhin,Yuryev,Мужской,,Moscow,,,,МГТУ им. Н.Э. Баумана,,,,,,,,,,,,,573.0,
singerbar.moscow,44658027,Lyudmila,Zhar,Женский,,Nizhnekamsk,,,0.0,НХТИ (филиал КГТУ),,НХТИ (филиал КГТУ),Школа № 7,бизнес-women,"дети, фотошоп, море, горы, путешествие",,,,,,,,340.0,"Литература | Великие поэты; ИМПЕРИЯ КИНО | НОВИНКИ 2025; Интересные факты; Палата №6; ЧЕШУЯ; 0% жирности; Характер; Begin English. Английский язык для всех; Интерьер и декор; Знаете ли Вы?; YUMMY | ВКУСНЫЕ РЕЦЕПТЫ; Идеи для творчества и подарков своими руками; Интересная планета - путешествия, туризм; Шедевры рукоделия; Мое здоровье; Стихи давно забытого поэта; Английский язык; Практическая психология; Моя квартира; Родители и педагоги! Наши дети"
singerbar.moscow,44916496,Viktoria,Kaneva,Женский,30.0,Moscow,,,,,,,,,,,,,,,,,937.0,Леонардо Дайвинчик; НОВАЯ МУЗЫКА — Популярные Песни; КиноКайф - Лучшие фильмы; Я 🩷 КИНО; ЁП; Литература | Великие поэты; Телеканал ТНТ; Бумажный кораблик; Я тебя хочу; В приколе (18+); Наша правда!; 5 умных мыслей; Палата №6; Чёткие приколы; Сарказм; ЧЕШУЯ; Улетные приколы; Убойный юмор; Европа Плюс; MDK
singerbar.moscow,44954081,Alyona,Berseneva,Женский,,Moscow,,Москва,1.0,МФЮА,,МФЮА,,"---Торговля, магазин.)))","Современные технологии, бизнес, фотография, кулинария, мода, ремонт, дизайн",Та которая цепляет.)),Которые крутят в кино и показывают по телеку.))))),,Те которые не хочется закрыть сразу.))),,"РОСТ 170 СМ,брюнетка,веселая))))))))))))",Все получится.)))))),1846.0,"ВКонтакте; НОВАЯ МУЗЫКА — Популярные Песни; Я 🩷 КИНО; Киномания ► Новинки мира кино; КИНОМАНИЯ | Фильмы и сериалы; Фильмы 2025 Новинки кино онлайн Игра в кальмара; Корпорация зла; Kate Mobile; VK Музыка; Телеканал ТНТ; Идеи дизайна интерьера; Овсянка, сэр!; Рифмы и Панчи; NR; Наша правда!; Vine Video; Популярная музыка; Психология человека; Ужасы и Триллеры 2025 | Лучшие фильмы ужасов; Леонардо - Бот Знакомства"
singerbar.moscow,45185277,Kristyushka,Rvachyova,Женский,33.0,Vidnoe,,,,МГУДТ,,,,,,,,,,,,,,
singerbar.moscow,45185313,Ruslan,Ibragimov,Мужской,,Moscow,,,,Trance United Sound,,,,,,,,,,,,,4526.0,
singerbar.moscow,45652263,Ruslan,Almazov,Мужской,,Kazan,,,,КНИТУ-КАИ им. А. Н. Туполева,,,,,,,,,,,,,,
singerbar.moscow,46268091,Tanita,Eliseeva,Женский,,,,,,,,,,,,,,,,,,,491.0,ВКонтакте; MDK; Корпорация зла; КЕКС; Интересные факты; Психология человека; Я тебя люблю; Леонардо - Бот Знакомства; НЕ ПОВЕРИШЬ!; ЧЕШУЯ; RECORD; Я хочу...; Психология; Клубная музыка; Женские Хитрости | Лайфхакерша; Science|Наука; Убейся Позитивом; ♔ Счастье ♔; Best Video; Интерьер и декор
singerbar.moscow,46273324,Ragnar,Lodbrock,Мужской,,Stavropol,,Ставрополь,1.0,,,,,,,,,,,,,,889.0,"Леонардо Дайвинчик; НОВАЯ МУЗЫКА — Популярные Песни; КИНОМАНИЯ | Фильмы и сериалы; NETFLIX VK | Новинки кинo, сериалы, фильмы 2025; VK Музыка; Наука и Техника; NR; Психология человека; Видео Долбоёба; Целуй и Знакомься; Лепрозорий; Best Video; VK Фитнес; Как такое возможно?; 585 Золотой; GUNS | Мужской журнал; Хэнк Муди; Идеи татуировок; ГУФ (GUF); kari"
singerbar.moscow,46282328,Viktor,Scherbakov,Мужской,42.0,Moscow,,,,МЧС Москвы по ЗАО,,,,,,,,,,,,,,
singerbar.moscow,48041970,Andrey,Fedotov,Мужской,49.0,Moscow,,Москва,4.0,Pro-babki.ru Арбитраж трафика | CPA | Партнёрки,Pro-babki.ru Арбитраж трафика | CPA | Партнёрки,,Школа № 1263; Школа № 639,Автор и руководитель проектов https://pro-babki.ru и https://cpa-events.ru,"Арбитраж трафика, Реклама, Магазин ВКонтакте, Православие, сайтостроение, разработка, продвижение сайтов, smm, seo, оптимизация, маркетинг, управление проектами, раскрутка, продажи, товарка, бизнес",Гр.Об,"С собой не унесешь, Эта замечательная жизнь",не смотрю эту дрянь,"Евангелие от Иоанна, Послания и Деяния Святых Апостол, Святоотеческая литература","стараюсь ни во что не играть, наигрался","Арбитраж трафика, разработка лендингов, реклама видео, Youtube http://pro-babki.ru/","Ешь да пей, да дело разумей (Амвросий Оптинский)",8273.0,ВКонтакте; LIVE; 4ch; Безопасность; VK Fest; ГУФ (GUF); ВКонтакте для бизнеса; Кай; ВКонтакте с авторами; videosos; Анонимный чат бот; Циник; 1win; Аккаунт VK ID; VK NFT HUB; Стартапы и бизнес; вДудь; Анонимные  Валентинки; ВКонтакте API; TargetHunter
singerbar.moscow,48082896,Anna,Sokolova,Женский,,Moscow,,Москва,0.0,ЦМШ - Академия исполнительского искусства,; ,МГК им. Чайковского,Центральная музыкальная школа — Академия исполнительского искусства (ЦМШ при МГК им. П. И. Чайковского),Второе высшее- Вокальный факультет в Вокальной Академии им.Попова,,,,,,,,,1360.0,"Я 🩷 КИНО; Begin English. Английский язык для всех; Внешность - на время, Душа - навсегда; Мои аудиозаписи; Интересная планета - путешествия, туризм; Интересная Москва 𝄞 VPN; Находки на Wildberries; Англия | Английский язык; Сама Меньшова; Москва. Главное!; Москва 24; Черниговская Татьяна Владимировна; Алексей Ильич Осипов; Faktura | Женская обувь и сумки ручной работы; Телеканал «СПАС»; В Православии; Ирина Хакамада; MOTIVATOR.1NC | Клипы; Серафимо-Дивеевский женский монастырь; Образовательный центр «Сириус»"
singerbar.moscow,48166432,Margarita,Dubrovskaya,Женский,,Ramenskoe,,,,Финансовый университет при Правительстве РФ БФ (бывш. ВЗФЭИ БФ),,,,,,,,,,,,,236.0,
singerbar.moscow,48494896,Anastasia,Bogacheva,Женский,,Moscow,,,,ЮРГПУ (НПИ) им. М. И. Платова (бывш. ЮРГТУ (НПИ)),,,,,,,,,,,,,277.0,
singerbar.moscow,48550928,Alexey,Efimov,Мужской,,Moscow,,Камышин,0.0,,,,,,,,,,,,,,979.0,ВКонтакте; Леонардо Дайвинчик; Наука и Техника; МХК; Палата №6; Сарказм; RECORD; анекдотов.net; Я в шоке!; Food.ru — Любимая кухня страны; Лайфхак; MDK; FUN; Begin English. Английский язык для всех; Полный Бак; Мужской рай; Смешно До Боли ツ; Тряхни Нормальность; Город Грехов; LIFE.ru
singerbar.moscow,48553480,Elena,Alexeeva,Женский,,Cheboxary,,,,,,,,,,,,,,,,,,
singerbar.moscow,48583885,Alexander,Kovtun,Мужской,,Naro-Fominsk,,,,КФ МФПА,,,,,,,,,,,,,,
singerbar.moscow,48603547,Helen,Bavina,Женский,,Moscow,,Москва,1.0,,,,,,,,,,,,,"я два раза два раза не повторяю не повторяю
what doesn`t kill us-make us stronger
i`m not a businessman, i`m a business, maaan
when nothing goes right,go left!",363.0,Идеи дизайна интерьера; Психология человека; ЧЕШУЯ; Школа ремонта; Лайфхакерша; LOOK OF YOUNG; Тимати; COMEDY - женский и мужской юмор; Клава Кока; Настоящая девушка; Образовательный журнал со вкусом; Wow Реклама | Маркетинг; Оксана Самойлова; КОТ | Новости о животных; LIFE LESSONS | Уроки жизни; Сама Меньшова; ANNA ASTI; _eka.a_; Kagramanov; Мари Краймбрери
singerbar.moscow,49383165,Anna,Schastlivaya,Женский,,Moscow,,,,"ООО ""ГРИНТОРГ""",,,,,,,,,,,,,,
singerbar.moscow,49654369,Olya,Anatolyeva,Женский,,,,,,,,,,,,,,,,,,,,
singerbar.moscow,49844681,Maxim,Karpukhin,Мужской,25.0,Moscow,,,,РУДН,,,,,,,,,,,,,340.0,
singerbar.moscow,49868809,Artyom,Vartikyan,Мужской,31.0,Elektrostal,,,,РГАУ-МСХА им. Тимирязева,,,,,,,,,,,,,306.0,"ВКонтакте; НОВАЯ МУЗЫКА — Популярные Песни; Я 🩷 КИНО; MDK; КИНОМАНИЯ | Фильмы и сериалы; ЁП; Я ★ КИНОМАН | Фильмы, сериалы, кино 2025; Корпорация зла; Kate Mobile; Телеканал ТНТ; MOTOR | Автомобили и ДТП; Смейся до слёз :D; Четкие Приколы; МХК; Овсянка, сэр!; Палата №6; Лучшие Комедии 2025; Ужасы и Триллеры 2025 | Лучшие фильмы ужасов; НЕ ПОВЕРИШЬ!; Анонимный Чат - Бот Знакомства"
singerbar.moscow,50285209,Sandra,Zinovyeva,Женский,,Moscow,,,,МИП (психоанализа),,,,,,,,,,,,,1336.0,
singerbar.moscow,50436401,Alexey,Urvantsev,Мужской,52.0,Moscow,,,,Речевой акселератор,,,,,,,,,,,,,4801.0,"Я 🩷 КИНО; Лепра; Begin English. Английский язык для всех; Интересная планета - путешествия, туризм; Здоровое тело. Мы за здоровый образ жизни; Школа кулинарии | Вкусные рецепты; Виктория Складчикова; ВКонтакте для бизнеса; E.squire; Артемий Лебедев; Интересная Москва 𝄞 VPN; Vandrouki | Путешествия почти бесплатно (RU); Вечерний Ургант; KUDAGO: Москва; Анна Немченко; USA. США. Английский язык - Всё об Америке; Фотошкола: объективно о главном; Интересная Москва; Интернет-газета «Наш ДОНБАСС»; Фильмы 18+"
singerbar.moscow,50829784,Sergy,Rybchinsky,Мужской,,Moscow,,МОСКВА,0.0,рок-группа «БУРЕЛОМ»,,МТУСИ,Школа № 837,Нож и Бас,"ансамбль патологических нагнетателй ""БУРЕЛОМ"" и электро панк группа ""TRONSPOYLER""",Византийские песнопения,Пыль,,Преступление и Наказание,Внутренний туризм,,"Только пепел знает, что значит сгореть до тла (И. Бродский).",1036.0,Литература | Великие поэты; VK Музыка; Идеи дизайна интерьера; Интересные факты; Убойные приколы; ЧЕШУЯ; Шпильки | Женский Журнал; Фабрика идей; Science|Наука; Идеи вашего дома; Школа ремонта; Best Video; Интерьер и декор; 90-60-90 | Спортивные девушки; Смешно До Боли ツ; AliExpress; ОСТРОУМНЫЕ; Книга Рекордов; Омар Хайям и другие великие философы; Wildberries №1 | Находки с WB
singerbar.moscow,50983823,DELETED,,Мужской,29.0,,,,,,,,,,,,,,,,,,,
singerbar.moscow,51074086,Yana,Kosmoss,Женский,,Moscow,,,,МНУМ (ULIM),,,,,,,,,,,,,358.0,КиноКайф - Лучшие фильмы; Лепра; Золотые руки | Строительство и ремонт; Клубная музыка; Полный Бак; Своими руками. Новинки; Как я встретил столбняк; KARA KROSS; Азамат Мусагалиев; Музыка бот; Just Fitness | Фитнес Блог; Samchuk_studio; Визуальный английский | English; В окопе (Официальная группа игры); Родник Здоровья | Фитнес Стиль; Котизм; KUDAGO: Москва; Lera_Danya; SHAMAN; Эскизы татуировок
singerbar.moscow,51354139,Alexander,Sorokin,Мужской,,Moscow,,,,Организатор похорон и кремации  +79151844454,,,,,,,,,,,,,668.0,"ВКонтакте; Я 🩷 КИНО; NETFLIX VK | Новинки кинo, сериалы, фильмы 2025; Фильмы 2025 Новинки кино онлайн Игра в кальмара; VK Музыка; Психология отношений; Лепра; RECORD; 5 интересных фактов; Золотые руки | Строительство и ремонт; Science|Наука; СТС; НОВИНКИ КИНО 2025; Новинки кино; Сбер; РИА Новости; Музыка; Грубо? Простите.; На Случай Важных Переговоров; МАТЧ ТВ"
singerbar.moscow,51448109,Ivan,Ustroev,Мужской,,Moscow,,,,РХТУ им. Д. И. Менделеева,,,,,,,,,,,,,,
singerbar.moscow,51508921,Oksana,Rakitina,Женский,41.0,Moscow,,,,Мтабари | Грузинский ресторан. Москва,,,,,,,,,,,,,,
singerbar.moscow,51511017,Yury,Churikov,Мужской,,Moscow,,,,МГУ,,,,,,,,,,,,,101.0,"Я ★ КИНОМАН | Фильмы, сериалы, кино 2025; Голос. Дети; РАМУЗЫКА; Агентство стратегических инициатив; НУ-КА, ВСЕ ВМЕСТЕ!; MUZBIZNES; Минпромторг России; Музыка в формате Flac; FLAC ON; Зодчий; AliExpress для музыкантов; РЕФО24 - холодильный инструмент, фреон, труба; Логово концертного звукорежиссера.; SHISHA Караоке | Ресторан | Новосибирск; ЦАПЛЯ; Холод-Клуб; TH3 CATS; Банкетный зал в Петербурге; Караоке-бар ""ОГУРЦЫ""; BAMBOO.BAR"
singerbar.moscow,51792890,Alexandra,Lisovskaya,Женский,,Moscow,,,,,,,,,,,,,,,,,675.0,
singerbar.moscow,51960392,Vladimir,Gorynin,Мужской,,,,,,,,,,,,,,,,,,,450.0,
singerbar.moscow,52027565,Alexander,Bolotny,Мужской,,Perm,,Пермь,0.0,"ООО ""ПепсиКо Холдингс""","ООО ""ПепсиКо Холдингс""",,Школа № 135,Продажник..,,,,,,,,,1488.0,
singerbar.moscow,52232579,Valentina,Dubinina,Женский,41.0,Moscow,,Лебедянь,6.0,ЕГУ им. Бунина,,ЕГУ им. Бунина,Школа № 3; Лебедянский сельскохозяйственный техникум (ЛСХТ),,,,,,,,,,159.0,"Светская Хроника; Александр Ревва; Сила в правде; valya_smol; Ищу модель Москва; Вкусные Салатики на стол; Ищу модель Москва; Полина Гагарина; Прически; Lady Collection; Москва • Ищу модель • Ищу мастера • Услуги; Отдам даром Москва; Вкусные рецепты; Музыка на Ночь; SHUSHAS: ресто-бар, караоке и ночной клуб; Работа тонарам, тонары,самосвалы москва и Россия; САМОСВАЛЬЩИКИ.RU - Самосвалы, Спецтехника, Экска; Цирк Танцующих Фонтанов АКВАМАРИН; ☼ НОВОЕ СТАРОЕ ☼ Русское Деревянное Зодчество ☼; ✞АРМЕНИЯ ОНЛАЙН✞"
singerbar.moscow,52369915,Denis,Petrov,Мужской,44.0,Moscow,,москва,4.0,МГСУ-МИСИ,,МГСУ-МИСИ,Школа № 409,,,,,,,,,,131.0,Злой Чаплин; Мир Кино; Деревня дураков; Метла; Виктория Складчикова; Лихие 90-е; Рабство 2.0; ЯЖЕБАТЯ; Фильмы HD l Веном: Последний танец; Пошлые анекдоты; Публичный дом.; COMEDY - женский и мужской юмор; Листаю — угораю!; Циник; О чем говорят мужчины; Злой вещает!; ТОП; Моя квартира; НЕтипичные факты; Пантера Луна
singerbar.moscow,52683711,Anna,Menshikova,Женский,,Yekaterinburg,,Екатеринбург,7.0,УрГПУ,; ,УрГПУ,,"Я партнерю процессы в высокоэффективном подразделении, которое отвечает за 20% выручки всей компании и при этом составляет всего 3, 5% от штата всей Компании. Корпоративный сегмент - продажи B2B среднему и крупному бизнесу - клиенты с оборотом от 700 млн. рублей в год",https://mywishboard.com/@gospozha_anna?fbclid=PAAaarvReVKyt6BveJehNZbGw6Qk3n1qOvOvsterc7CySwRonaSO8J_CcMUik_aem_AYLVo-eitPAv-GjcDunN9N3itJHvMwWeJDobAxaP2aM6EQf-wOlMo1XML_HAguTf6rI,Страшный сон меломана - выбрать любимую песню или группу. Их много как звезд на небе! Мне нравится разнообразная музыка от Классики до панк рока,"Фильмы со смыслом, чтобы после просмотра оставалась легкая недосказанность и послевкусие качественного кино",не смотрю TV более 5 лет,,,Лист моих желаний! https://mywishboard.com/@gospozha_anna,,1951.0,
singerbar.moscow,52752914,Vera,Vakhrammeeva,Женский,,Moscow,,Москва,7.0,,,,Школа № 26,,интересно все!!,музыкальная проститутка),Их очень много),"спокойной ночи взрослые, с тетей Каркушей и дядей Хрюшей)",Аналогично с фильми!) Кентервильское привидение.,,Обо мне???))),"Если хочешь делать добро, делай безкорыстно, не требуй взаимности- это эгоизм!
",756.0,ВКонтакте; КиноКайф - Лучшие фильмы; Я 🩷 КИНО; ЁП; Идеи дизайна интерьера; Наука и Техника; Интересные факты; Лучшие Комедии 2025; Убойные приколы; Улетные приколы; Лайфхак; FUN; Begin English. Английский язык для всех; Темная сторона; Действительно смешно; Смешно До Боли ツ; VK Фитнес; СМС приколы :D; ОСТРОУМНЫЕ; Shadow Fight
singerbar.moscow,52911167,Andrey,Zagidullin,Мужской,36.0,Moscow,,,,МосОблЕИРЦ,,,,,,,,,,,,,,
singerbar.moscow,53067283,Yulia,Yulyasha,Женский,,Moscow,,,,,,,,,,,,,,,,,,
singerbar.moscow,53157887,Katerina,Kobzeva,Женский,,,,,0.0,РПА МЮ РФ,,РПА МЮ РФ,,"Виртуозно играю на ложках и нервах. Профессионально развожу тараканов-стендаперов у себя в голове, неистово тверкаю у тебя на лице","Переполняю чаши терпения. Раздаю советы, о которых не просят. Высказываю мнение, которое не спрашивают. Аплодирую в неподходящий момент. Кашляю в переполненной толпе. Задаю неудобные вопросы. Пою для соседей. Пью за ЗОЖ. Веду активный образ жизни, лёжа на диване. Люблю животных, но шашлык люблю больше",Твои ушки будут плакать кровавыми слезами и звать маму на помощь,"А в душе я танцую;  искупление (2007);  Привет, Джули!",Конь БоДжек,Поваренная книга анархиста,,"Большой член ордена троллей. Патологическая перфекцехренистка... 
Дочь маминой подруги.
Межгалактический заблудший пастафарианец с Арктура. 
Карлсон, который живёт на поехавшей крыше. 
В свободное от имитации бурной деятельности время,примеряю синие чулки и источаю мирру перманентного похуизма. 
Такая же уникальная и неповторимая личность на планете, как и другие 7 млрдов уникальных и неповторимых личностей","Осторожно!злой и циничный тролль!©

Если Иисус любит тебя,то почему он не звонит?=D

А ведь когда-то, когда не было соц. сетей, только в семье знали, что ты дурачок.
",1006.0,
singerbar.moscow,53164971,Tony,Harwester,Мужской,,Moscow,,,,ТГУ им. Державина,,,,,,,,,,,,,,
singerbar.moscow,53172080,Alexey,Klyshbaev,Мужской,38.0,Chekhov,,,,"СГМУ (бывш. АГМА, АГМИ)",,,,,,,,,,,,,7099.0,
singerbar.moscow,53372569,Denis,Solum Ad Mortem,Мужской,,Moscow,,Где я?,0.0,РГУ нефти и газа (НИУ) им. И. М. Губкина,,РГУ нефти и газа (НИУ) им. И. М. Губкина,Школа № 1357; Гимназия № 625,,,,,,,,,,491.0,"Леонардо Дайвинчик; MDK; NETFLIX VK | Новинки кинo, сериалы, фильмы 2025; MOTOR | Автомобили и ДТП; Идеи дизайна интерьера; Интересные факты; В приколе (18+); Лайфхак; Европа Плюс; MDK; IGM; FUN; Полный Бак; Мужской рай; Best Video; Музыка; ОСТРОУМНЫЕ; Like - Приколы; Книга Рекордов; Черный юмор"
singerbar.moscow,53743373,Dmitry,Bormisov,Мужской,,Moscow,,,,,,,,,,,,,,,,,,
singerbar.moscow,53848443,Dmitry,Klenkov,Мужской,,Moscow,,,,,,,,,,,,,,,,,355.0,НОВАЯ МУЗЫКА — Популярные Песни; MDK; ЁП; Kate Mobile; MOTOR | Автомобили и ДТП; Популярная музыка; НЕ ПОВЕРИШЬ!; НЕНОРМАЛЬНО; Академия Порядочных Парней; Золотые руки | Строительство и ремонт; Клубная музыка; Лайфхак; Европа Плюс; Словарный запас; Убейся Позитивом; Best Video; Злой Чаплин; AliExpress; • Неприличные Анекдоты; Чёртов стыд
singerbar.moscow,54043415,Ivan,Popov,Мужской,,,,,,,,,,,,,,,,,,,459.0,"NETFLIX VK | Новинки кинo, сериалы, фильмы 2025; Фильмы 2025 Новинки кино онлайн Игра в кальмара; Наука и Техника; 5 умных мыслей; Лучшие Комедии 2025; Леонардо - Бот Знакомства; Видео Долбоёба; Чёткие приколы; Лепра; Comedy Club; MDK; Science|Наука; Интеллектуальный юмор; • Неприличные Анекдоты; ОСТРОУМНЫЕ; Мир Кино; Фильмы, основанные на реальных событиях; Traveler - Путешествия и туризм; Психология; Почему я этого не знал?"
singerbar.moscow,54542473,Olga,Sheynkman,Женский,49.0,Moscow,,,,МГУП им. И. Федорова (бывш. МПИ),,,,,,,,,,,,,1501.0,
singerbar.moscow,54558184,Andrey,Viktorovich,Мужской,,Izhevsk,,,,ООО Система,,,,,,,,,,,,,,
singerbar.moscow,54675275,Nika,Blits,Женский,,Moscow,,,,,,,,,,,,,,,,,1059.0,
singerbar.moscow,54724139,Andrey,Savchenko,Мужской,,Moscow,,,,"ДВГГУ (бывш. ХГПИ, ХГПУ)",,,,,,,,,,,,,140.0,Деньги и успех; Монастырь Оптина пустынь; Парк Галицкого. Краснодар; Осознание; СЛАВЯНСКИЙ МИР; EMIN; STAIL TIME   Часы и Аксессуары; Mens Brand | Мужская одежда | Садовод 20-02; Belmoda | Садовод 2А-41 Корпус Б; Осознание | школа саморазвития; Владимир Древс | Психология | Обучение; Головные уборы | Садовод Б-2Г-09; ТЦ Садовод Часы и Аксессуаров; Кроссовки мужские женские  штучно садавод; All about Break dance - Все о Брейк дансе; Владимир Древс; Автомузей «Автомобили Мира»; ИГРАЙ КРАСИВО | бутсы и форма; ФТСАРР Брейкинг; Турник и море
singerbar.moscow,54776630,Andrey,Gordeev,Мужской,39.0,Reshetnikovo,,Решетниково,0.0,МГЭИ (КФ),,МГЭИ (КФ),Алферовская основная школа,,,,,,,,"ΜЕНЯ СУДИТЬ У ВАС НЕ ХВАТИТ АРГУМЕНТОВ,
А РОТ ЗАКРЫТЬ НЕ ХВАТИТ ИНТЕЛЛЕКТА!!!","ЗА ДЕНЬГИ МОЖНО КУПИТЬ: КРОВАТЬ, НО НЕ СОН; КНИГУ, НО НЕ УМ; СЕКС, НО НЕ ЛЮБОВЬ; СВЯЗИ, НО НЕ ДРУЗЕЙ; ИКОНУ, НО НЕ ВЕРУ; МЕСТО НА КЛАДБИЩЕ, НО НЕ НА НЕБЕ!!!",805.0,
singerbar.moscow,54955635,Tatyana,Puzanova,Женский,,Korolyov,,,,ИнтеллектИнвестСервис,,,,,,,,,,,,,1852.0,
singerbar.moscow,55068652,Andrey,Volkov,Мужской,34.0,Schelkovo,,,,,,,,,,,,,,,,,,
singerbar.moscow,55369091,Tati,Shumakova,Женский,,Novoluganskoe,,,,ВПШ,,,,,,,,,,,,,,
singerbar.moscow,55397467,Viktoria,Tsydenova,Женский,,Ulan-Ude,,,,ВСГУТУ (бывш. ВСГТУ),,,,,,,,,,,,,,
singerbar.moscow,55877951,Valentina,Pronina,Женский,,Moscow,,,,Городская больница им. В.В. Вересаева (САО),,,,,,,,,,,,,,
singerbar.moscow,56134701,Lilia,Ilina,Женский,,Moscow,,,,"Kidsout: Няни, бебиситтеры и занятия.",,,,,,,,,,,,,,
singerbar.moscow,56270973,Irina,Skripnik,Женский,,Moscow,,,,ВолгГТУ,,,,,,,,,,,,,,
singerbar.moscow,56275896,Semyon,Filatov,Мужской,,Omsk,,,,,,,,,,,,,,,,,761.0,
singerbar.moscow,56640358,Dmitry,Anatolyevich,Мужской,,Bryansk,,,,,,,,,,,,,,,,,3060.0,
singerbar.moscow,56646953,Larisa,Krasilova,Женский,,Yaroslavl,,Ярославль,0.0,,,,Школа № 80,,,"Александр Малиниин, Дискотека Авария и д.р",Иван Васильевич меняет профессию,,,,весёлая.энергичная и общительная.,в этой жизни надо надеяться только на себя,1970.0,"Я же сама архитектор; VK Квиз; Моя дача; Моя любимая дача; Светская Хроника; Саша Белькович РЕЦЕПТЫ / ПРОСТО КУХНЯ; Моя квартира; Синьхуа Новости | Xinhua News; Оксана Самойлова; Сама Меньшова; Легкая йога | Алена Тихонова; История России; Российское общество «Знание»; Этu зaбaвные жuвотные; Дачные советы; Круизный центр ""Инфофлот""; Полезные советы.; Дачный рай; S7 Airlines; Николай Цискаридзе"
singerbar.moscow,56802987,Viktoria,Plotnikova,Женский,,Moscow,,,,Аптека,,,,,,,,,,,,,,
singerbar.moscow,56854950,Oleg,Stoykov,Мужской,,,,Москва,1.0,,,,Школа № 10,,,,,,,,,,825.0,
singerbar.moscow,57072076,Katrin,Katrin,Женский,,Saint Petersburg,,,,,,,,,,,,,,,,,,
singerbar.moscow,57172279,Sergey,Komarov,Мужской,44.0,Moscow,,Железнодорожный,0.0,,,,,,,,,,,,"просто душка,мягинький и пушистенький",,342.0,
singerbar.moscow,57232047,Zheka,Servuli,Мужской,,Amsterdam,,planeta Zemlia,0.0,Open University - OU Business School,,Open University - OU Business School,Admiraal De Ruyter,,,,,,,,,,135.0,"ПРИКОЛЫ | Смеяка; КЕКС; Смейся до слёз :D; ИМПЕРИЯ КИНО | НОВИНКИ 2025; Психология человека; ЧЕШУЯ; Леонардо - Чат Знакомства; Я в шоке!; Клубная музыка; Полный Бак; Мужской рай; Мир танков; Шедевры Кино | Фильмы 2025 |  | Новые Фильмы; Грубо? Простите.; Вульгарные; Как такое возможно?; Психология; Делать нечего в селе, мы сидим навеселе; Мультики 2025; Достижения человечества"
singerbar.moscow,57524775,Toma,Bekker,Женский,30.0,,,,,,,,,,,,,,,,,,,
singerbar.moscow,57777586,Anton,Martynov,Мужской,42.0,Moscow,,,,,,,,,,,,,,,,,46.0,
singerbar.moscow,57854249,Vladimir,Andreevich,Мужской,,Moscow,,,,University of Illinois at Chicago,,,,,,,,,,,,,1022.0,
singerbar.moscow,58153429,DELETED,,Мужской,,,,,,,,,,,,,,,,,,,,
singerbar.moscow,58446443,Ivan,Efimov,Мужской,32.0,Moscow,,,,МАДИ (ВФ),,,,,,,,,,,,,563.0,КиноКайф - Лучшие фильмы; MDK; Киномания ► Новинки мира кино; КИНОМАНИЯ | Фильмы и сериалы; ЁП; Литература | Великие поэты; Четкие Приколы; ИМПЕРИЯ КИНО | НОВИНКИ 2025; В приколе (18+); Лучшие рецепты Повара; Vine Video; Палата №6; Леонардо - Бот Знакомства; НЕ ПОВЕРИШЬ!; RECORD; ТОПОР; Академия Порядочных Парней; Золотые руки | Строительство и ремонт; Я в шоке!; Клубная музыка
singerbar.moscow,58452738,Elizaveta,Shulepina,Женский,,Moscow,,,,НИТУ МИСиС,,,,,,,,,,,,,699.0,
singerbar.moscow,58515043,Svetlana,Sosnovskaya,Женский,44.0,Moscow,,,,Психологические консультации он-лайн,,,,,,,,,,,,,660.0,ВКонтакте; КиноКайф - Лучшие фильмы; Литература | Великие поэты; 5 умных мыслей; ЧЕШУЯ; RECORD; Я хочу...; LIVE; Клубная музыка; 0% жирности; Словарный запас; Интерьер и декор; 90-60-90 | Спортивные девушки; • Неприличные Анекдоты; Тряхни Нормальность; Маникюр | Ногти | Педикюр | 2025; Шедевры рекламы; GAZ; Это интересно!; Павел Воля
singerbar.moscow,58856884,Yana,Kusherbaeva,Женский,34.0,,,,,ЮФУ (бывш. РГУ),,,,,,,,,,,,,224.0,
singerbar.moscow,58861533,Dmitry,Bryuzgin,Мужской,40.0,Zhukovsky,,,,,,,,,,,,,,,,,,
singerbar.moscow,59102510,Dzhin,Sama,Мужской,,Moscow,,,,Обитель непоседливой Джин сosplay&other,,,,,,,,,,,,,3313.0,
singerbar.moscow,59327380,Shamil,Tatarinov,Мужской,,,,,,МНЭПУ,,,,,,,,,,,,,,
singerbar.moscow,60181942,Dmitry,Musatov,Мужской,,Penza,,,,,,,,,,,,,,,,,,
singerbar.moscow,60289574,Pavel,Antropov,Мужской,33.0,Moscow,,,,,,,,,,,,,,,,,321.0,
singerbar.moscow,60531205,Elena,Ustinova,Женский,,Moscow,,,,ГУУ,,,,,,,,,,,,,241.0,
singerbar.moscow,60769602,Alexander,Budyakov,Мужской,47.0,Moscow,,,0.0,,,,Школа № 7,,,,,,,,,,351.0,"MOTOR | Автомобили и ДТП; Идеи дизайна интерьера; С нами стыдно, зато весело!; Золотые руки | Строительство и ремонт; Шпильки | Женский Журнал; Словарный запас; НОВИНКИ КИНО 2025; Интеллектуальный юмор; AliExpress; РИА Новости; Своими руками. Новинки; Я выбираю Спорт; Бизнес Инфо; ВКонтакте для бизнеса; Книги; Интересные факты и тайны; Больше, чем фото; Строитель; Юла; Apple"
singerbar.moscow,60842512,Boro,Skrba,Мужской,40.0,Moscow,,,,moskva,,,,,,,,,,,,,,
singerbar.moscow,60934312,Andrey,Raspitin,Мужской,,,,,,,,,,,,,,,,,,,136.0,
singerbar.moscow,60991360,Viktor,Fomichev,Мужской,,Moscow,,,,,,,,,,,,,,,,,,
singerbar.moscow,61096680,Alexander,Romantsev,Мужской,,Moscow,,,,,,,,,,,,,,,,,6842.0,ВКонтакте; Леонардо Дайвинчик; Рифмы и Панчи; Видео Долбоёба; RECORD; FULL PLEASE; Мир танков; Пикабу; ачё); Лентач; VK Fest; Mash | Мэш; WebM 2.0 🅉; KIZARU | HAUNTED FAMILY; Артемий Лебедев; ФК «Спартак-Москва»; UFC / ONE FC / PFL; Абсурдные комедии; че; ПОШЛАЯ МОЛЛИ
singerbar.moscow,61503529,Veronika,Samoylova,Женский,34.0,Baranchinsky,,,,Аптеки Плюс,,,,,,,,,,,,,1123.0,
singerbar.moscow,61713718,Gulnara,Magsumova,Женский,,Moscow,,,,LA DANZA by Gulnara Magsumova,,,,,,,,,,,,,3265.0,
singerbar.moscow,61978740,Dead,Sauce,Мужской,,,,,,,,,,,,,,,,,,,,
singerbar.moscow,62084389,Afrodita,Ostapenko,Женский,,Moscow,,Москва,0.0,Певица Афродита,; ; ; ; ,ИСИ; Бизнес-школы RMA,"Школа № 816; Школа искусств № 5; Государственное музыкальное училище эстрадного и джазового искусства (ГМУЭДИ, ГМКЭДИ); Школа № 1113; Вечерняя школа №226","Хит ""Валера"".  Организация концертов: +79652603535 Инна. PR, сотрудничество, реклама: afroditapevica@mail.ru","Вокал, музыка, танцы","Say my name - David Guetta, Bebe Rexha, J Balvin; Let you love me - Rita Ora; Last Christmas - Wham!; Молния - Дима Билан; Плакала - Kazka","Амадей, Хатико, Титаник, Альфа, Эверест","Уральские пельмени, Comedy Club, Вечерний Ургант","Вадим Зеланд - Трансерфинг реальности, Джим Дорнан - Пианино на берегу","Need For Speed, Судоку, Kyodai Manjongg, Как достать соседа","Чтобы услышать моё сердце, ты просто песню пой со мной...","Все что ни делается, делается к лучшему - Артур Шопенгауэр 
Человек должен мечтать, чтобы видеть смысл жизни - Вольтер
Быть любимым - это больше, чем быть богатым, потому что быть любимым означает быть счастливым - Тилье К.",13122.0,"Леонардо Дайвинчик; НОВАЯ МУЗЫКА — Популярные Песни; Я 🩷 КИНО; MDK; КИНОМАНИЯ | Фильмы и сериалы; ЁП; Литература | Великие поэты; Идеи дизайна интерьера; Четкие Приколы; ИМПЕРИЯ КИНО | НОВИНКИ 2025; МХК; Овсянка, сэр!; В приколе (18+); Психология отношений; Психология человека; Я тебя люблю; БОРЩ; НЕ ПОВЕРИШЬ!; Лепра; ТОПОР"
singerbar.moscow,62104530,Max,Marfin,Мужской,,Valencia,,Мценск,4.0,ИДК,,ИДК,"Орловский музыкальный колледж (ООМК, бывш. ООМУ)",Озвучиваю мероприятия разного формата и масштаба. Решаю задачи по звуковому и световому обеспечению праздников.,Хорошая и очень хорошая музыка,,,,,,,,713.0,"НОВАЯ МУЗЫКА — Популярные Песни; Клубная музыка; DFM; Эдуард Суровый (Гарик Харламов) фан; Опытный строитель; Онлайн Радио 101.ru; Аренда в Москве сдам,сниму квартиру,комнату Мск; Luxury Music; Александр Пушной; DEEP HOUSE MAFIA; DEEP SOUND; Bananastreet; Музыка для видео; Пенза; Calvin Harris; Советский; Need For Deep™; Deep House; Звукорежиссёры; DEEP HOUSE"
singerbar.moscow,62395071,Yulya,Saydasheva,Женский,,Moscow,,,,НГПУ,,,,,,,,,,,,,,
singerbar.moscow,62631652,Darya,Astafyeva,Женский,,Moscow,,,,РГУ нефти и газа (НИУ) им. И. М. Губкина,,,,,,,,,,,,,1207.0,"Cook Good - лучшие рецепты; Интересные факты; МХК; Овсянка, сэр!; Begin English. Английский язык для всех; Наука, Техника и Нейросети; GIRL MEMES; Стихи давно забытого поэта; LOOK OF YOUNG; Макс Корж;                                  ﻿﻿﻿; Книги; potrachenо́; Just English; CLIQUE; MRZLK; Лучшие фотографы и модели; Сергей Есенин; rain heifers; Психоанализ"
singerbar.moscow,62813416,Sia,Bairovich,Мужской,,Ulan-Ude,,,,БГСХА,,,,,,,,,,,,,821.0,
singerbar.moscow,62838321,Alina,Goloborodko,Женский,,Moscow,,,,ЮУГПУ им. Ушинского,,,,,,,,,,,,,,
singerbar.moscow,62857316,Alexander,Alexandrov,Мужской,,Moscow,,,,,,,,,,,,,,,,,,
singerbar.moscow,63252574,Grigory,Barinov,Мужской,,Moscow,,,,,,,,,,,,,,,,,,
singerbar.moscow,63415236,Alexey,Gavriliv,Мужской,,,,,,,,,,,,,,,,,,,,
singerbar.moscow,63482948,Yulia,Nikolaevna,Женский,29.0,Podolsk,,,,СК Пиретта | уничтожение медицинских отходов,,,,,,,,,,,,,,
singerbar.moscow,63753414,Kristina,Sadovaya,Женский,,Moscow,,Нижний Новгород,7.0,Кристина Садовая,,НГПУ им. Козьмы Минина,Школа № 15,,"Музыка, книги, психология, спорт, муз инструменты, люди, хип хоп, управление персоналом, саморазвитие","Электро, фанк, поп, хип хоп","Бойцовский клуб, Области тьмы, Достучаться до небес, Волк с Уолл стрит",,"Квантовый воин, Трансерфинг реальности, Подсознание может все, Секрет, 7 навыков высокоэффективных людей, 45 татуировок личности",Прятки)),,"Мир многовариантен. Можно жить по-другому. Всегда! Всегда есть варианты. Вопрос твоих личных границ. А мир и возможности безграничны.

Как «правильно» и как «неправильно» - это только с твоей точки зрения. Твой набор установок и стереотипов. С другой точки все может выглядеть с точностью до наоборот.

Если ты отстаиваешь свою единственную точку зрения и топчешь другие, то это насилие. Чтобы отстоять свою, не нужно закапывать другую.

Свобода - это возможность выбора! Свобода - это когда ты не обязан делать так, как делает большинство.

Мы ищем подтверждение своих установок снаружи. Сила не в том, чтобы убедить других в своей правоте, а в том чтобы иметь силу удерживать свои ценности внутри.

Юлия Зиновьева.

Мы не выбираем судьбу. Она предначертана нам свыше, рождаясь вместе с нами. И каждое действие — это лишь маленький пазл к целостности итоговой картины в конце нашего пути. А собираем мы его на ощупь, не глядя, из кусочков под названием опыт. Стараясь довериться своей интуиции, в надежде, что именно она укажет нам верный путь, многие совершают ошибку, торопя события и буквально впихивая пазлы, не обращая внимания на то, что они не подходят, а картина не клеится, не держится и разваливается. Люди негодуют, в чем-то винят других, но не себя. А стоит всего лишь раз замереть, и обратить внимание на то, что всему свое время и кусочки нужно собирать, тщательно подбирая, один к одному: для крепости, для силы, для равновесия. И вот тогда, все сложится именно так, как нужно. Судьба улыбнется, вздохнет и одарит всем, что было вам уготовлено с первых секунд жизни. Вам останется лишь наслаждаться гармонией с тем, что вселенная так старательно для вас создавала и планировала все это время..",1659.0,"КиноКайф - Лучшие фильмы; Я 🩷 КИНО; Киномания ► Новинки мира кино; Я ★ КИНОМАН | Фильмы, сериалы, кино 2025; Фильмы 2025 Новинки кино онлайн Игра в кальмара; Телеканал ТНТ; Интересные факты; Музыка; 5 умных мыслей; Лучшие Комедии 2025; Психология человека; Ужасы и Триллеры 2025 | Лучшие фильмы ужасов; Фильмы; Золотые руки | Строительство и ремонт; Comedy Club; 0% жирности; Лайфхак; Science|Наука; Лепрозорий; Омар Хайям и другие великие философы"
singerbar.moscow,63761503,Olesya,Pukhovaya,Женский,,Toretsk / Dzerzhinsk,,,,ХНУИ им. Котляревского,,,,,,,,,,,,,,
singerbar.moscow,64088706,Alexander,Gavrilyuk,Мужской,,,,,,,,,,,,,,,,,,,373.0,
singerbar.moscow,64109339,Maryana,Bogomolova,Женский,,Moscow,,,4.0,,,,,кинолог,"кинология, танцы, языки, чтение, музыка, спорт, караоке, жонглирование и т.д","Мадонна, Pussycat Dolls, Prodigy, Bad Boys Blue и современнная зарубежная музыка","""Ирония судьбы"", ""Американская дочка"", ""Двое.Я и моя тень"", ""Глория""","""Запредельные истории:правда или вымысел""","""Королек-птичка певчая"", ""Поющие в терновнике"", ""Морской волк"", ""Женщина в белом""и т.д",,Железный одуванчик),"Умный человек отличается от мудрого тем,что умный найдет выход из любой ситуации,а мудрый не попадет в эту ситуацию

Мудрой женщине не страшны соперницы
   
Это невозможно,-сказала Причина
Это бессмысленно,-подметил Опыт
Это бесполезно,-отрицала Гордость
Попробуй!-сказала мечта
",379.0,"Музыка; Открытки Поздравления Пожелания С Днём Рождения; Ужасы и Триллеры 2025 | Лучшие фильмы ужасов; Begin English. Английский язык для всех; Фильмы, основанные на реальных событиях; ЗВЁЗДНЫЕ ТАНЦЫ; Голос; Голос. Дети; Киноклуб • Новые фильмы 2024; Сам себе сушист; ЛУЧШАЯ МУЗЫКА; Книга животных; Телеканал ТВ-3; Москва Live; Телеканал Ю; Лучше всех!; События Москвы; Красная книга; Москва: афиша бесплатных событий; Ищу модель Москва"
singerbar.moscow,64141204,Grigory,Motorkov,Мужской,45.0,Lobnya,,,,МАИ,,,,,,,,,,,,,421.0,"КиноКайф - Лучшие фильмы; Я 🩷 КИНО; Киномания ► Новинки мира кино; Интересные факты; Убойные приколы; НЕНОРМАЛЬНО; Золотые руки | Строительство и ремонт; AliExpress; Здоровое тело. Мы за здоровый образ жизни; Зацени, что я нашел!; Вкусно — и точка; Интересные факты; Прораб | Строительство и ремонт; SUNLIGHT / Санлайт; Капелька женского юмора; Мемуары ценителей научных мемов; Дети, родители и педагоги; HistoryPorn; Красное и Белое; Xiaomi.Russia"
singerbar.moscow,64256394,Pavel,Begunov,Мужской,,Moscow,,,,"Смотри, что я нашел на WILDBERRIES | OZON",,,,,,,,,,,,,712.0,
singerbar.moscow,64275271,Zhanna,Mikhaylova,Женский,,Ufa,,,,,,,,,,,,,,,,,771.0,ВКонтакте; НОВАЯ МУЗЫКА — Популярные Песни; Киномания ► Новинки мира кино; Comedy Club; Сбер; AliExpress; НОВОСТИ СВЕРХДЕРЖАВЫ!; Безопасность; Лайфхакерша; Магнит; ВКонтакте с авторами; ДЕТСКИЕ ПОДЕЛКИ; Детский мир; Голос; Нескучные рецепты; Шкатулка идей (Подарки Поделки Своими руками); ДЕТСКИЕ ПОДЕЛКИ; Клуб рукоделия; Отдых / Жильё в Крыму/Краснодарском крае/Абхазии; Уютно дома
singerbar.moscow,64449041,Albina,Zaikina,Женский,30.0,Kursk,,,,КГУ,,,,,,,,,,,,,,
singerbar.moscow,64543271,Marina,Berezova,Женский,,Moscow,,,,МАДИ,,,,,,,,,,,,,,
singerbar.moscow,64634422,Natalya,Belova,Женский,,Moscow,,,,БФ РАНХиГС (бывш. БФ ПАГС им. Столыпина),,,,,,,,,,,,,,
singerbar.moscow,64642341,Elena,Leontyeva,Женский,,Moscow,,,,,,,,,,,,,,,,,,
singerbar.moscow,64940464,Galina,Turova,Женский,,,,,,УрГИ,,,,,,,,,,,,,355.0,
singerbar.moscow,64955326,Elena,Rubtsova,Женский,,Moscow,,,,RUBCOVA,,,,,,,,,,,,,109.0,VK Музыка; Comedy Club; Best Video; Музыка; Пикабу; Mash | Мэш; ВКонтакте с авторами; Музыка 2025; Русская Музыка; Ольга Бузова; KUDAGO: Москва; UMUSIC; Super.ru; Нулевые | 2000е и 90е; Эстетика; Худеем вместе; Злой Енот; STYLE GUIDE; T R U E N E S S | Кино; Правильная Музыка
singerbar.moscow,65092256,Katerina,Medvedeva,Женский,34.0,Moscow,,,,"Аптеки ""СТОЛИЧКИ""",,,,,,,,,,,,,,
singerbar.moscow,65113688,Andrey,Kozorez,Мужской,30.0,Moscow,,,,,,,,,,,,,,,,,467.0,
singerbar.moscow,65275817,Sergey,Ryabov,Мужской,,Schelkovo,,,,Москва и ее пределы.,,,,,,,,,,,,,5330.0,"ВКонтакте; ПРИКОЛЫ | Смеяка; Я ★ КИНОМАН | Фильмы, сериалы, кино 2025; Корпорация зла; КЕКС; Телеканал ТНТ; MOTOR | Автомобили и ДТП; Смейся до слёз :D; Идеи дизайна интерьера; ИМПЕРИЯ КИНО | НОВИНКИ 2025; Интересные факты; МХК; Музыка; Бумажный кораблик; Открытки Поздравления Пожелания С Днём Рождения; Достойные фильмы; Популярная музыка; Лучшие Комедии 2025; Психология человека; Ужасы и Триллеры 2025 | Лучшие фильмы ужасов"
singerbar.moscow,65705296,Olga,Ryabukhina,Женский,,Podolsk,,,,МОГИ,,,,,,,,,,,,,,
singerbar.moscow,65792252,Nikita,Kulikov,Мужской,,,,,,,,,,,,,,,,,,,,
singerbar.moscow,65845204,Anna,Samarina,Женский,,Moscow,,Moscow,0.0,"ООО""Studio-A.S.""","ООО""Studio-A.S.""",ИСИ,Школа № 1113,,,,,,,,,,731.0,"Литература | Великие поэты; Макс Корж; Артемий Лебедев; Хиты 2025 | Лучшая Музыка; Гимнастика для лица | Анастасия Бурдюг; Джум; KUDAGO: Москва; Идеи для дома | 33 кв. метра; Лучшие фотографы и модели; Мозговой Штурм; Рецепты на каждый день: вкусно, быстро и легко; Traveler's blog; JONY; • Дейл Карнеги | Философия Жизни •; Территория уюта; Черниговская Татьяна Владимировна .. Фан-Клуб; Моя Москва; Старое доброе советское кино; Интересная Москва | События, Места, Афиша; Российское общество «Знание»"
singerbar.moscow,66009341,Irina,Tsepeleva,Женский,,Moscow,,,,,,,,,,,,,,,,,,
singerbar.moscow,66075728,Arina,Dubrovina,Женский,46.0,Moscow,,,,РГУП (бывш. РАП),,,,,,,,,,,,,660.0,
singerbar.moscow,66149566,Alexey,Vlasov,Мужской,39.0,Moscow,,,,,,,,,,,,,,,,,394.0,
singerbar.moscow,66524306,Roman,Yuryevich,Мужской,36.0,Moscow,,,,ПГТА,,,,,,,,,,,,,840.0,
singerbar.moscow,66664876,Svetlana,Naberezhneva,Женский,,Moscow,,,,,,,,,,,,,,,,,,
singerbar.moscow,66920716,Natali,Turbina,Женский,,Moscow,,,,,,,,,,,,,,,,,,
singerbar.moscow,67364857,Evgeny,Isupov,Мужской,37.0,Barnaul,,,,ВЕДУЩИЙ на СВАДЬБУ в Барнауле. Anti тамада!!!,,,,,,,,,,,,,6119.0,"КиноКайф - Лучшие фильмы; Я 🩷 КИНО; MDK; Киномания ► Новинки мира кино; Я ★ КИНОМАН | Фильмы, сериалы, кино 2025; Фильмы 2025 Новинки кино онлайн Игра в кальмара; ИМПЕРИЯ КИНО | НОВИНКИ 2025; Лучшие Комедии 2025; История|History; BURGER KING® Russia; Фильмы HD l Веном: Последний танец; HistoryPorn; МУЛЬТФИЛЬМЫ; Зайка Развивайка; Новости Первого канала; Детские песни игры стихи сказки книги для детей; Вселенная Кино; Киномания 4К; КИНОФАН; Игра Престолов | Дом Дракона | Одни из нас"
singerbar.moscow,67385721,Vladimir,Polyansky,Мужской,60.0,Moscow,,Красногорск,4.0,Левостороннее движение  |  ЛСД,,ВГИК,Церковно-приходская школа «Косинская»,культура    http://xn--80aeafihs7aqfneip9p.xn--p1ai/,культура     http://xn--80aeafihs7aqfneip9p.xn--p1ai/,хорошая живая,не все,что где и когда,мастер и маргарита,интелектуальные,пусть говорят вокруг если знают что такое (до-ре ми -до-ре-до),"кто не работает тот ест,
Я буду делать сегодня то, что большинство не будет делать, поэтому завтра я буду иметь то, что
большинство не будет иметь.""
'Кто хочет – ищет способ, кто не хочет – ищет причину.""
'Успех внутри каждого из нас – при условии, что мы верим в себя.'",6903.0,"ВКонтакте; Я 🩷 КИНО; VK Музыка; Телеканал ТНТ; Я тебя хочу; Достойные фильмы; С нами стыдно, зато весело!; Игра ""Сокровища Пиратов"" - официальная группа; Ларису Ивановну Хачу!; Интересная планета - путешествия, туризм; Павел Воля; Первый канал; Делать нечего в селе, мы сидим навеселе; МУЗ-ТВ; Упоротый юмор; МУЗЫКА 2025; ВКонтакте для бизнеса; РЫНОК САДОВОД ПОСТАВЩИКИ; Весельчак!; ВКонтакте с авторами"
singerbar.moscow,67811737,Ekaterina,Bespalova,Женский,,Tromsø,,,,СПбГАТИ,,,,,,,,,,,,,,
singerbar.moscow,67898439,Ekaterina,Ladik,Женский,43.0,Moscow,,москва,1.0,,,,№ 1,,,,,,,,,,176.0,
singerbar.moscow,67948505,Anton,Pavlov,Мужской,32.0,Omsk,,,,ОмГТУ,,,,,,,,,,,,,341.0,
singerbar.moscow,68141119,Chistaya,Voda,Женский,,Moscow,,Москва,0.0,МГУ,,МГУ,Школа № 478,,,,,,,,,,269.0,
singerbar.moscow,68636399,Katerina,Ulyanova,Женский,,Moscow,,,,ИМПЭ им. А. С. Грибоедова (УФ),,,,,,,,,,,,,,
singerbar.moscow,68701073,Tsyren,Chimitov,Мужской,,Ulan-Ude,,,,ВСГУТУ (бывш. ВСГТУ),,,,,,,,,,,,,4391.0,
singerbar.moscow,69101787,Darya,Yudintseva,Женский,,Moscow,,,,РНИМУ (бывш. РГМУ) им. Н. И. Пирогова,,,,,,,,,,,,,,
singerbar.moscow,69195946,Danya,Ryzhov,Мужской,,Moscow,,,,HEAVY RAIN | LINKIN PARK TRIBUTE,,,,,,,,,,,,,1501.0,Леонардо Дайвинчик; Я 🩷 КИНО; MDK; Корпорация зла; Литература | Великие поэты; MOTOR | Автомобили и ДТП; МХК; Наша правда!; Палата №6; НЕ ПОВЕРИШЬ!; Лепра; LIVE; Убойный юмор; Comedy Club; Food.ru — Любимая кухня страны; iFeed; Science|Наука; IGM; • iFace; Лепрозорий
singerbar.moscow,69360797,Mr,Rodrigez,Мужской,,Moscow,,,,МГУПИ,,,,,,,,,,,,,2027.0,
singerbar.moscow,69718598,Olga,Likhacheva,Женский,,,,,,ВГТА (бывш. ВТИ),,,,,,,,,,,,,,
singerbar.moscow,69960164,Valentina,Yakimova,Женский,,,,,,❤️❤️❤️,,,,,,,,,,,,,,
singerbar.moscow,69992058,Olya,Ryzhenkova,Женский,,,,,,Первый МГМУ им. И. М. Сеченова (бывш. ММА им. Сеченова),,,,,,,,,,,,,533.0,НОВАЯ МУЗЫКА — Популярные Песни; Корпорация зла; Литература | Великие поэты; Cook Good - лучшие рецепты; Палата №6; Фильмы; Лепра; Шедевры кулинарии| Вкусные рецепты; Food.ru — Любимая кухня страны; Science|Наука; IGM; Темная сторона; Интеллектуальный юмор; Музыка; Пикабу; История|History; Подслушано – Здесь говорят о тебе; Traveler - Путешествия и туризм; Читающие; Словарный запас (EN)
singerbar.moscow,70207248,Andrey,Kostin,Мужской,,Moscow,,,,,,,,,,,,,,,,,1827.0,
singerbar.moscow,70385237,Scarlett,Alpin,Женский,37.0,,,Глиняный Ручей,0.0,,,,,"Основы классического танца, английский, винтажный стиль, писательство",Элегантность,Волнующая. Пленяющая. Покоряющая,В которых хочется остаться,,,,"Мне интересен этот мир исключительно со стороны чувственной.
""...Чего мне хочется? Отчего у меня так тяжело на сердце, так томно? Отчего я с завистью гляжу на пролетающих птиц? Кажется, полетела бы с ними, полетела — куда, не знаю, только далеко, далеко отсюда. И не грешно ли это желание? У меня здесь мать, отец, семья. Разве я не люблю их? Нет, я не люблю их так, как бы хотелось любить. Мне страшно вымолвить это, но это правда. Может быть, я большая грешница; может быть, оттого мне так грустно, оттого мне нет покоя. Какая-то рука лежит на мне и давит меня. Точно я в тюрьме, и вот-вот сейчас на меня повалятся стены. Отчего же другие этого не чувствуют? Кого же я буду любить, если я к своим холодна? Видно, папенька прав: он упрекает меня, что я люблю одних собак да кошек. Надо об этом подумать. Я мало молюсь; надо молиться... А кажется, я бы умела любить!""  (И. С. Тургенев. ""Накануне"")","""Лучшая месть-это забвение,оно похоронит врага в прахе его ничтожества."" Бальтасар Грасиан-и-Моралес

""Суть испытаний в том, что они настолько велики, насколько мы себе это представляем, и насколько сложны, насколько наша слабость может это позволить. ""

""Хотите стать гением ? Потеряйте личность .""",1077.0,Литература | Великие поэты; 5 интересных фактов; Золотые руки | Строительство и ремонт; LIVE; Begin English. Английский язык для всех; ♔ Счастье ♔; Салон красоты; Дзен; Прически | Стрижки 💇 Окрашивания; Юмор Шрёдингера; Практическая психология; Правильные Мысли; Моя квартира; Макияж | Косметика  Идеи и уроки; + 1 умная мысль; ОБО ВСЁМ НА СВЕТЕ | Наука - Факты; Школа кулинарии | Вкусные рецепты; Психология Тишины; Психология личности; Любимые рецепты
singerbar.moscow,70642608,Igor,Sultanov,Мужской,,,,,,,,,,,,,,,,,,,,
singerbar.moscow,70888993,Karina,Filippovich,Женский,38.0,Malakhovka,,Малаховка,1.0,МИТРО,,МИТРО; Филиал МПСУ (бывш. МПСИ); Школа-студия МХАТ,Школа № 47,"РЕЖИССЕР театра и кино, поэтесса, актриса и ведущая
автор сценарист

орг. мероприятий","Кино, музыка, поэзия, фотография, великие романы и стихи","УмаТурман, Жанна Агузарова, Леонид Агутин, Ольга Арефьева, Полина Гагарина, Тамара Гварцетели, Сергей Лазарев, Наталья Орейро (ностальгия моя), Александр Рыбак, Влад Топалов, Кристина Орбакайте, Евгения Отрадная","""Всё будет хорошо"" драма.Дмитрий Астрахан, ""Вечное сияние чистого разума"", ""Утомлённые солнцем"", ""Голодные Игры"" (1 часть), ""Обыкновенное Чудо"", ""Тот самый Мюнхгаузен"", ""Служебный Роман"", ""Девчата"", ""Унесенные ветром"", ""Поющие в терновнике"", ""Ирония Судьбы"", ""Любовь Морковь""... ""Призраки бывших подружек"", ""Эффект бабочки"" все части, Аватар","Я БЫ НЕ РИСКНУЛ
Орёл или решка
Ургант
Шац
Импровизация с Павлом Волей
""ИГРА В БИСЕР"" С ИГОРЕМ ВОЛГИНЫМ
Белая Студия (Культура)
Вокруг Света, Что Где Когда","После наших добрых старых классиков - все романы Сесилии Ахерн... они проникновенны. ""Работа актера над собой"" Константин Станиславский и Михаил Чехов ""О технике Актера"" (книга от союза театральных деятелей, пособие для всех актреров!)",,"РЕЖИССЕР, АРТИСТКА, человек-феникс, всегда верьте в себя в друзей в счастье, все происходит к лучшему и мир обязательно дарит каждому ВОЗМОЖНОСТЬ дойти до СЧАСТЬЯ!","Любовь есть жизнь, а жизнь - любовь... (с)

""- Умоляю тебя стань таким как все!!! - таким как все?!"" (с)",5272.0,"ВКонтакте; Литература | Великие поэты; Достойные фильмы; LIFE.ru; Кинопоиск; Читающие; Новая Музыка 2025; VK Fest; ВКонтакте для бизнеса; Книги; ВКонтакте с авторами; E.squire; Читающие; НОВОСТИ КИНО | ЗА КАДРОМ; Команда Поддержки ВКонтакте; СУР; IQ - интеллектуальный журнал; Сальвадор в Дали; Литературный оргазм; я живу в россии, и мне не страшно"
singerbar.moscow,71596400,Sergey,Sosnyagov,Мужской,,,,,0.0,ВКА им. Можайского,,ВКА им. Можайского,Школа № 5,,,,,,,,,,496.0,"Литература | Великие поэты; Психология отношений; Улетные приколы; Золотые руки | Строительство и ремонт; Школа ремонта; Полный Бак; Музыка; ОСТРОУМНЫЕ; Лентач; Смешные анекдоты; НОЧЬ; Бизнес Инфо; КХЛ; Хитрости жизни; Раневская.LIVE; Записки успешного человека; • Анекдоты; Весельчак!; Фото года. Стопкадр. Путешествия, туризм.; E.squire"
singerbar.moscow,71616777,Anya,Shmunk,Женский,,Moscow,,,,СФ СГА,,,,,,,,,,,,,414.0,
singerbar.moscow,71679512,Eduardo,Kushneros,Мужской,,Moscow,,Москва,1.0,Eduardo Kushneros,,МГУ,,,,,документальные про жизнь,,,,Автор и исполнитель авторских песен. Сотрудничество-89037477907,русские медленно запригают но быстро едут..,4867.0,
singerbar.moscow,72242247,Zabar,Surashev,Мужской,,Sterlitamak,,"Стерлитамак, Москва",1.0,"АН""КРЕПОСТЬ""","Dogmalab; АН""КРЕПОСТЬ""",МГГУ им. Шолохова (бывш. МГОПУ),Школа № 14,$ творю СЧАСТЬЕ $,,$ в моих аудиозаписях $,$ в моих видеозаписях $,$ у меня дома $,$ мой ежедневник $,,"жив,здоров,молод,горяч,холод,пью и не пью,любим и нелюбим,люблю и нелюблю,кого хочу незнаю,кого знаю не хочу,ленюсь,стремлюсь,стараюсь,спатыкаюсь-но не падая разгоняюсь  и что надо добиваюсь !)           
","всё что не делается то делается к .......
   Если тебе когда-нибудь захочется найти человека, который сможет преодолеть любую, самую невероятную беду и сделать тебя счастливым, когда этого не может больше никто - просто посмотри в зеркало и скажи: ""Привет!""
  Тот, кто ответил себе на вопрос «Зачем жить?», сможет вытерпеть почти любой ответ на вопрос «Как жить?».
   Люди работают большую часть времени, чтобы жить, а незначительное свободное время, остающееся у них, настолько беспокоит их, что они всеми способами стараются от него избавиться.",1772.0,
singerbar.moscow,72426897,Darya,Bogomolova,Женский,,,,,,СТС,,,,,,,,,,,,,,
singerbar.moscow,72636337,Artem,Osin,Мужской,,Moscow,,,,,,,,,,,,,,,,,376.0,
singerbar.moscow,72752931,Viktoria,Loseva,Женский,39.0,Moscow,,,,Дом мужской моды HENDERSON,,,,,,,,,,,,,396.0,КИНОМАНИЯ | Фильмы и сериалы; Красиво сказано . . .; Ужасы и Триллеры 2025 | Лучшие фильмы ужасов; Игры ВКонтакте; Новинки кино; Интеллектуальный юмор; РИА Новости; SOKOLOV; Кулинарное искусство; Макияж | Косметика  Идеи и уроки; Женские шту́чки; Мир Дизайна; Women's Secrets; Крутой Юмор; ТАСС; Физрук; Рак; KUDAGO: Санкт-Петербург; Золотое Яблоко; SFAP | Спортивные девушки
singerbar.moscow,73196611,Sergey,Akulov,Мужской,,Moscow,,Москва,0.0,,,,,"Вокалист, исполнитель русских хитов.","вокал, танцы, мода, стиль, дизайн, фотографии, кулинария","русская музыка, поп-музыка, музыка 80-х, и 90-х",,,,,"Сотрудничество, заказ концертов, реклама: skap020491@mail.ru",,1645.0,Ужасы и Триллеры 2025 | Лучшие фильмы ужасов; LIFE.ru; Mash | Мэш; Ужасы | Фильмы ужасов | Страшные истории; ТРЕВОЖНЫЕ НОВОСТИ; Русская Музыка; KUDAGO: Москва; Русское Радио; Лента.ру; Интересная Москва; Вкратце | Москва!; Москва 24; ФИЛЬМЫ УЖАСОВ; ЖЕСТЬ - Новости; Моя Москва; Алексей Жидковский; Андрей Малахов. Прямой эфир; Москва: афиша бесплатных событий; Опасный Мир; Москва Бесплатная
singerbar.moscow,73359033,Darya,Goncharova,Женский,,Moscow,,,,Альфа-Банк,,,,,,,,,,,,,,
singerbar.moscow,73781322,Oleg,Selivanov,Мужской,,Moscow,,,,"БУПК
",,,,,,,,,,,,,1072.0,"КиноКайф - Лучшие фильмы; Я 🩷 КИНО; MDK; Киномания ► Новинки мира кино; ПРИКОЛЫ | Смеяка; ЁП; Я ★ КИНОМАН | Фильмы, сериалы, кино 2025; NETFLIX VK | Новинки кинo, сериалы, фильмы 2025; Корпорация зла; КЕКС; MOTOR | Автомобили и ДТП; Смейся до слёз :D; Идеи дизайна интерьера; HD Кино - Фильмы онлайн 2025; Интересные факты; МХК; Бумажный кораблик; Овсянка, сэр!; Я тебя хочу; В приколе (18+)"
singerbar.moscow,74148598,Danya,Poluektov,Мужской,28.0,Saint Petersburg,,Санкт-Петербург,6.0,,,,Гимназия №278 им. Б. Б. Голицына,,"люблю кино, поесть и красивых девушек",,"форсаж, американский пирог, третий лишний, папа-досвидос, гарри поттер, чарли чаплин, третий лишний и много много других))","наша раша, галилео и ещё очень много:)",,,даже незнаю чё и сказать,"Не вытащишь без труда, если сунул не туда...",520.0,Леонардо Дайвинчик; КиноКайф - Лучшие фильмы; Киномания ► Новинки мира кино; ЁП; Четкие Приколы; Наука и Техника; HD Кино - Фильмы онлайн 2025; Музыка; В приколе (18+); Рифмы и Панчи; NR; НЕ ПОВЕРИШЬ!; Чёткие приколы; Анонимный Чат - Бот Знакомства; НЕНОРМАЛЬНО; Я хочу...; Улетные приколы; Академия Порядочных Парней; Убойный юмор; МЕМЫ
singerbar.moscow,74164169,Anastasia,Ladeyschikova,Женский,31.0,Moscow,,,,"РАНХиГС при Президенте РФ (АНХ при Правительстве РФ, РАГС при Президенте РФ)",,,,,,,,,,,,,482.0,
singerbar.moscow,74209721,Ekaterina,Tafintseva,Женский,,Moscow,,,,Ростелеком,,,,,,,,,,,,,370.0,
singerbar.moscow,74263390,Alexey,Pervushin,Мужской,60.0,,,,0.0,Swiss Partnership,Swiss Partnership,МАИ,Школа № 886; Школа № 1; Музыкальная школа № 1; Музыкальная школа № 5 им. К. Н. Игумнова,"организация концертов в Швейцарии и России: Лепс, Арбенина, Жванецкий, классический балет - Gala d'été и Русские сезоны 21 века, Харатьян, Малежик, Любовь по понедельникам, Bosson и др.",,,,,,,"Друзья, я чаще бываю на фб https://www.facebook.com/alexey.pervushin",,681.0,VK Музыка; Новая Музыка 2025; МУЗ-ТВ; Mash | Мэш; DFM; Русская Музыка; Голос; Аудиозаписи; Rock | Рок; RU.TV; Голос. Дети; Иви; Русское Радио; [BadComedian] ушёл в Telegram; RADIO TAPOK; RUTUBE; Эрудиция: учим языки и расширяем кругозор; М.Видео | Эльдорадо; Super.ru; Москва 24
singerbar.moscow,75267552,Anastasia,Khokhryakova,Женский,,,,,,,,,,,,,,,,,,,,
singerbar.moscow,75312586,Karina,Deenkova,Женский,29.0,Moscow,,,,МГИК (бывш. МГУКИ),,,,,,,,,,,,,,
singerbar.moscow,75378647,Tatyana,Kamneva,Женский,,Moscow,,,,,,,,,,,,,,,,,366.0,"Корпорация зла; Литература | Великие поэты; КЕКС; MOTOR | Автомобили и ДТП; Наша правда!; Психология человека; О блин! - Где блин? - Вон блин!; анекдотов.net; Игра ""Сокровища Пиратов"" - официальная группа; Полный Бак; Смешно До Боли ツ; Интеллектуальный юмор; ПОЗИТИВ; Откровенно женский; Академия Порядочных Девиц; Клуб Молодых Мам (КММ); Статусы цитаты; Интересная планета - путешествия, туризм; Тысяча чертей, какая татуировка!; По Фрейду"
singerbar.moscow,75695544,Regisha,Ganyushkina,Женский,33.0,Moscow,,,,Большой Московский Цирк,,,,,,,,,,,,,1630.0,
singerbar.moscow,76314174,Maxim,Gurin,Мужской,,Moscow,,,,Частный массажист Москва,,,,,,,,,,,,,,
singerbar.moscow,76991404,Tatyana,Fomenko,Женский,,Lesnoy Gorodok,,,,,,,,,,,,,,,,,,
singerbar.moscow,77350842,Irina,Gneusheva,Женский,28.0,Stary Oskol,,Москва,4.0,,,,,,,,,,,,,,848.0,НОВАЯ МУЗЫКА — Популярные Песни; КИНОМАНИЯ | Фильмы и сериалы; Литература | Великие поэты; Телеканал ТНТ; Cook Good - лучшие рецепты; Психология отношений; Популярная музыка; Лепра; RECORD; Comedy Club; Правда жизни; 90-60-90 | Спортивные девушки; 40 КГ; Подслушано – Здесь говорят о тебе; Wildberries №1 | Находки с WB; Книги; Шальная; WILDBERRIES; Новости Первого канала; Авторадио
singerbar.moscow,78137325,Anastasia,Chernoded,Женский,33.0,Moscow,,,,РГТЭУ,,,,,,,,,,,,,445.0,"KUDAGO: Москва; Лабиринт; Странная Планета / Strange Planet; Mary Gu; Random Art; Теории и практики; Booking Machine Agency; Тонкости туризма™; Большой Город; ТАту™. Клуб Татуированных Людей; Самые интересные места и события Москвы; Осознанный выбор; Art Addiction; BLOODYMILK; E:\music\experimental; E:\music\screamo; Народная Самооборона; ЗИГЗАГ рок галерея; SHUSHAS: ресто-бар, караоке и ночной клуб; Иван Ожогин | Официальное сообщество"
singerbar.moscow,78261467,Alena,Leonidovna,Женский,32.0,Vladimir,,,,DEEP HOUSE SOUL,,,,,,,,,,,,,,
singerbar.moscow,78481403,Viktoria,Chenusha,Женский,,Balashikha,,,4.0,ИГУПИТ,,ИГУПИТ,,,,,,,,,"Умею закатывать всё...глаза, банки, истерику...Умею из ничего делать...обед, прическу, скандал...могу выносить мусор, мозг...! Я вообще, очень способная девушка...

Я девушка творческая хочу творю....хочу вытворяю...:)))
Люблю хорошую компанию,свою работу и своих друзей...:)))","Мы скучаем совсем не по людям… А по чувствам, которые они в нас пробуждали)))

Женская логика...это пипец.....мужской психике....

По сути все мы Ангелы....но когда ломаются крылья приходиться летать на метле.....",288.0,"НОВАЯ МУЗЫКА — Популярные Песни; NETFLIX VK | Новинки кинo, сериалы, фильмы 2025; VK Музыка; КЕКС; Идеи дизайна интерьера; Музыка; Бумажный кораблик; Рецепты l В домашних условиях l На зиму; Наша правда!; Популярная музыка; Психология человека; С нами стыдно, зато весело!; Чёткие приколы; ЧЕШУЯ; Шедевры кулинарии| Вкусные рецепты; Шпильки | Женский Журнал; 0% жирности; Простые рецепты; 90-60-90 | Спортивные девушки; Вокруг света"
singerbar.moscow,78511999,Nina,Belova-Moroz,Женский,,Moscow,,,,Культура,,,,,,,,,,,,,897.0,"НОВАЯ МУЗЫКА — Популярные Песни; КиноКайф - Лучшие фильмы; Я 🩷 КИНО; ПРИКОЛЫ | Смеяка; NETFLIX VK | Новинки кинo, сериалы, фильмы 2025; MOTOR | Автомобили и ДТП; Четкие Приколы; Музыка; Палата №6; Леонардо - Бот Знакомства; Убойные приколы; Анонимный Чат - Бот Знакомства; анекдотов.net; Улетные приколы; Леонардо - Чат Знакомства; ЯЖЕВОДИТЕЛЬ; СТС; Новинки кино; Наука, Техника и Нейросети; Новинки музыки 2024"
singerbar.moscow,78789429,Lenochka,Pripevochka,Женский,,Moscow,,,,СГА,,,,,,,,,,,,,,
singerbar.moscow,78799940,Viktoria,Miroshnichenko,Женский,,Moscow,,,,НИУ ВШЭ (ГУ-ВШЭ),,,,,,,,,,,,,,
singerbar.moscow,78899740,Zhenya,Gasparov,Мужской,,Moscow,,,,С МЕСТА СОБЫТИЯ,,,,,,,,,,,,,668.0,
singerbar.moscow,80068535,Nadezhda,Podolskaya,Женский,39.0,Ramenskoe,,,,,,,,,,,,,,,,,495.0,
singerbar.moscow,80120263,Andrey,Dolgikh,Мужской,,Yekaterinburg,,,,Зимний дворец,,,,,,,,,,,,,,
singerbar.moscow,80206763,Igor,Khaletsky,Мужской,,Moscow,,Москва,1.0,"ПАО""РосДорМаш""","ОАО""РосДорМаш""; ОАО""Северодвинский завод дорожных машин""; ; ПАО""РосДорМаш""",МАДИ; МГАВТ – филиал ГУМРФ им. адмирала С. О. Макарова,Центр образования № 1461 (шк. 610),"Машиностроитель, ресторатор, управленец, фронт-мэн в своей джаз-банде","Горные лыжи, дайвинг, вокал, караоке, автомобили","NeoSwing, Gangstar- Jazz, Электросвинг, Шансон","Все фильмы-породии братьев Цукеров, почти все фильмы Тарантино",Малахов+ (Фантомас вернулся),Много!!!,,Бос,"Ничто так не укрепляет веру в человека, 
как предоплата.",598.0,"Я 🩷 КИНО; Фильмы 2025 Новинки кино онлайн Игра в кальмара; HD Кино - Фильмы онлайн 2025; Ужасы и Триллеры 2025 | Лучшие фильмы ужасов; НОВИНКИ КИНО 2025 НОВЫЕ ФИЛЬМЫ; ВКонтакте для бизнеса; ВКонтакте с авторами; КИНО | ФИЛЬМЫ ОНЛАЙН; КИНОБРО; Новые фильмы; НОВИНКИ КИНО 2025; КИНО В ХОРОШЕМ КАЧЕСТВЕ; Киноиндустрия; ЛУЧШАЯ МУЗЫКА; КИНО НОВИНКИ 2025; Nature Science; AliExpress для мужиков; Интересная Москва | События, Места, Афиша; Кино 2025; Онлайн фильм 2025"
singerbar.moscow,80679660,Nadezhda,Makarova,Женский,42.0,Moscow,,Пенза-Москва,1.0,,,,,,,,,,,"Домино, нарды, шашки, мафия, карты, шахматы.",,,311.0,"КиноКайф - Лучшие фильмы; Я ★ КИНОМАН | Фильмы, сериалы, кино 2025; Телеканал ТНТ; Шедевры кулинарии| Вкусные рецепты; СберКот; Игры ВКонтакте; Европа Плюс; Словарный запас; Музыка; Откровенно женский; Своими руками. Новинки; Прически | Стрижки 💇 Окрашивания; Современная Девушка; Кинопоиск; Тысяча чертей, какая татуировка!; Павел Воля; Читающие; Уроки красоты | 2025 Video; VK Fest; Идеи татуировок"
singerbar.moscow,80837829,Vitaly,Veltischev,Мужской,,Moscow,,,,НИТУ МИСиС,,,,,,,,,,,,,,
singerbar.moscow,80852006,Natalya,Kashina,Женский,45.0,Moscow,,,,"Лаборатория ""Гемотест""",,,,,,,,,,,,,204.0,"КиноКайф - Лучшие фильмы; Я 🩷 КИНО; КИНОМАНИЯ | Фильмы и сериалы; ИМПЕРИЯ КИНО | НОВИНКИ 2025; Открытки Поздравления Пожелания С Днём Рождения; Достойные фильмы; БОРЩ; Игра ""Сокровища Пиратов"" - официальная группа; Характер; Begin English. Английский язык для всех; КТО сверху; Здоровое тело. Мы за здоровый образ жизни; Школа кулинарии | Вкусные рецепты; Русские сериалы, фильмы, мелодрамы; Необычный гороскоп; Женская Философия; Умные подарки; NESCAFÉ®; ОБРАЗ ЖИЗНИ|психология,отношения,общество|цитаты; Just Music | Новинки Музыки | Знаменитости"
singerbar.moscow,80952439,Gleb,Rysukhin,Мужской,27.0,Moscow,,,6.0,Глеб Рысухин,,РГГУ; РГГУ,,,,"Поп, Классика, Народные песни",Титаник,,Классика,"Футбол, Монополия, Мафия",,,1097.0,Леонардо Дайвинчик; КиноКайф - Лучшие фильмы; MDK; Литература | Великие поэты; Смейся до слёз :D; МХК; Бумажный кораблик; Я тебя хочу; В приколе (18+); Достойные фильмы; Психология человека; Я тебя люблю; Видео Долбоёба; Я хочу...; Леонардо - Чат Знакомства; Целуй и Знакомься; Я в шоке!; MDK; IGM; FUN
singerbar.moscow,81046355,Evgeny,Lebedev,Мужской,,,,,0.0,,,,Школа-интернат № 1 СЖД,Творю Добро🤗❤️,,,,,,,,,2735.0,"Я 🩷 КИНО; Телеканал ТНТ; Лучшие Комедии 2025; Ужасы и Триллеры 2025 | Лучшие фильмы ужасов; ПОЗИТИВ; Интересная планета - путешествия, туризм; Здоровое тело. Мы за здоровый образ жизни; Практическая психология; Лучшие мысли | Саморазвитие | Психология; Виктория Складчикова; veydi_rush; Лихие 90-е; Ужасы | Фильмы ужасов | Страшные истории; Что такое я купил? нашел? сломал!; Фильмы / Кино / Киномания онлайн; E.squire; Натальная карта; КИНО | ФИЛЬМЫ ОНЛАЙН; Телеканал РОССИЯ 1; Клава Кока"
singerbar.moscow,81326128,Alexey,Ogienko,Мужской,38.0,Moscow,,,,DEUS,,,,,,,,,,,,,,
singerbar.moscow,82117633,Marina,Alexandrovna,Женский,,Balashikha,,,,,,,,,,,,,,,,,,
singerbar.moscow,82220962,Irina,Eremina,Женский,,Moscow,,,,МГОУ (открытый),,,,,,,,,,,,,240.0,
singerbar.moscow,82504080,Inna,Sturova,Женский,,Moscow,,,,ОГПУ (бывш. ОГПИ им. Чкалова),,,,,,,,,,,,,670.0,
singerbar.moscow,82592295,Anna,Annushka,Женский,,,,,,,,,,,,,,,,,,,,
singerbar.moscow,82846652,Alya,Smirnova,Женский,,Moscow,,,,My Own Rocket,,,,,,,,,,,,,1903.0,"VK Музыка; VK Фитнес; GAZ; kari; Необычный гороскоп; VK Чекбэк; контур гуся; ЗВЁЗДНЫЕ ТАНЦЫ; Чижик; Магнит Косметик; ТОП; VK NFT HUB; Печенька с предсказанием; НАШЕ; DRIVE2.RU; Рыбы; Баста; SIDELNIKOVVV; 2RBINA 2RISTA; Аренда в Москве сдам,сниму квартиру,комнату Мск"
singerbar.moscow,83038419,Marat,Tagaev,Мужской,,Vladikavkaz,,Владикавказ,1.0,РЭУ им. Г. В. Плеханова,,СКГМИ (ГТУ); РЭУ им. Г. В. Плеханова,Школа № 44,,,,,,,,,,378.0,
singerbar.moscow,83272891,Lana,Koroleva,Мужской,,Moscow,,,,"БелГУ
",,,,,,,,,,,,,,
singerbar.moscow,83500051,Anastasia,Kapilina,Женский,,,,,,Кондитерский Дом Александра Селезнёва Северо-Запад,,,,,,,,,,,,,,
singerbar.moscow,83750971,Margarita,Kondrina,Женский,25.0,,,,,РЭУ им. Г. В. Плеханова,,,,,,,,,,,,,331.0,
singerbar.moscow,83792975,Geor,Geor,Мужской,,Moscow,,,,Первый МГМУ им. И.М. Сеченова (бывш. ММА им. Сеченова),,,,,,,,,,,,,253.0,
singerbar.moscow,83822779,Andrey,Tarasov,Мужской,26.0,Moscow,,,,ММУ (МУМ),,,,,,,,,,,,,308.0,
singerbar.moscow,83862102,Natalia,Natalia,Женский,41.0,Moscow,,,,,,,,,,,,,,,,,,
singerbar.moscow,84031091,Viktor,Afanasyev,Мужской,,Kazan,,,,,,,,,,,,,,,,,,
singerbar.moscow,84901058,Alexandrovna,Ya,Женский,,,,,,,,,,,,,,,,,,,,
singerbar.moscow,85228199,Svetlana,Netrebo,Женский,43.0,Podolsk,,,,Велесстрой,,,,,,,,,,,,,279.0,Я 🩷 КИНО; Наука и Техника; Comedy Club; Ларису Ивановну Хачу!; Юмор Шрёдингера; Центр событий; Виктория Складчикова; VK Квиз; Женские хитрости; ЖЕНСКИЙ ЮМОР ЛЖЮ; Знакомства и общение 18+ | Kiss Me | Бутылочка; На островке позитива; Не трепите бабе нервы; Яжепошутила!; Сергей Есенин; НАШЕ; Котька; Психолог Панда; ГРУППА ДЛЯ ВСЕЙ СЕМЬИ №1.Фильмы.Сериалы.ТВ-шоу.; Ольга Малащенко
singerbar.moscow,85262691,Alexandra,Velikaya,Женский,41.0,Moscow,,,,МИП,,,,,,,,,,,,,567.0,
singerbar.moscow,86713658,Sergey,Goodman,Мужской,,Moscow,,,,xxxx,,,,,,,,,,,,,614.0,
singerbar.moscow,86996998,Vitaly,Timoschuk,Мужской,36.0,Moscow,,,,,,,,,,,,,,,,,,
singerbar.moscow,86999887,Alyona,Bryukhanova,Женский,,Bratsk,,,,ИГУ (БФ),,,,,,,,,,,,,,
singerbar.moscow,87033136,Ekaterina,Zabegaeva-Koptelova,Женский,43.0,Yaroslavl,,Ярославль,7.0,МПСИ (ЯФ),,МПСИ (ЯФ),,,,,,,,,,,2239.0,"ИМПЕРИЯ КИНО | НОВИНКИ 2025; С нами стыдно, зато весело!; Готовим дома: вкусно и просто; Шедевры Кино | Фильмы 2025 |  | Новые Фильмы; Интересная планета - путешествия, туризм; Мое здоровье; Быстрые рецепты; Словарный запас (EN); UFC & MMA; BURGER KING® Russia; Школа кулинарии | Вкусные рецепты; МТС; Хохотушка; Фитнес Кухня; ДЕТСКИЕ ПОДЕЛКИ; Правильное Питание|Шедевры Кулинарии; Дети, родители и педагоги; КУЛИНАРНЫЙ БЛОГ; Кулинарочка | Малышка с характером; Vandrouki | Путешествия почти бесплатно (RU)"
singerbar.moscow,87087242,Marina,Prokhorova,Женский,,Volgograd,,,,ВолгГТУ,,,,,,,,,,,,,,
singerbar.moscow,87244468,Volodya,Prokopyev,Мужской,27.0,Irkutsk,,,,студент,,,,,,,,,,,,,1578.0,ВКонтакте; Леонардо Дайвинчик; КиноКайф - Лучшие фильмы; MDK; Киномания ► Новинки мира кино; КИНОМАНИЯ | Фильмы и сериалы; Фильмы 2025 Новинки кино онлайн Игра в кальмара; Корпорация зла; Литература | Великие поэты; Kate Mobile; VK Музыка; КЕКС; Телеканал ТНТ; Наука и Техника; Vine Video; Палата №6; Видео Долбоёба; БОРЩ; ТОПОР; О блин! - Где блин? - Вон блин!
singerbar.moscow,87431327,Alexey,Vlasov,Мужской,,Moscow,,,,,,,,,,,,,,,,,662.0,"Леонардо Дайвинчик; НОВАЯ МУЗЫКА — Популярные Песни; КиноКайф - Лучшие фильмы; Я 🩷 КИНО; MDK; Киномания ► Новинки мира кино; Я ★ КИНОМАН | Фильмы, сериалы, кино 2025; NETFLIX VK | Новинки кинo, сериалы, фильмы 2025; VK Музыка; Интересные факты; В приколе (18+); NR; Наша правда!; Vine Video; Популярная музыка; Леонардо - Бот Знакомства; Сарказм; RECORD; 5 интересных фактов; Золотые руки | Строительство и ремонт"
singerbar.moscow,87596508,Galina,Cheglakova,Женский,45.0,Zelenograd,,Зеленоград,4.0,,,,Школа № 617,,,,,,,,,,1020.0,"КиноКайф - Лучшие фильмы; ПРИКОЛЫ | Смеяка; КИНОМАНИЯ | Фильмы и сериалы; Я ★ КИНОМАН | Фильмы, сериалы, кино 2025; NETFLIX VK | Новинки кинo, сериалы, фильмы 2025; Фильмы 2025 Новинки кино онлайн Игра в кальмара; КЕКС; MOTOR | Автомобили и ДТП; Смейся до слёз :D; Четкие Приколы; ИМПЕРИЯ КИНО | НОВИНКИ 2025; HD Кино - Фильмы онлайн 2025; Красиво сказано . . .; Интересные факты; Музыка; Бумажный кораблик; Достойные фильмы; Наша правда!; Vine Video; Психология отношений"
singerbar.moscow,88137814,Alesha,Shtrbag,Мужской,,,,,,Московский театр Новая Опера им. Е.В. Колобова,,,,,,,,,,,,,,
singerbar.moscow,88214473,German,Kasymov,Мужской,,Mytischi,,МЫТИЩИ,1.0,"Night Clubs, Events, Weddings","Night Clubs, Events, Weddings",МГУЛ,Гимназия № 17; Школа № 3; Детская школа искусств № 4,Dj,Музыка и все что с ней связано,"Beyonce, Elvis, Michael Jackson, Carl Cox, Русский Рок, House...etc.","AVATAR, CALIFORNICATION, Любовь по-взрослому, Советские комедии, Счастливы вместе (Голливуд), Ромовый дневник, Кандагар, Голливудские Мелодрамматические",Comedy production,"Сидни Шелдон, Классическая Русская литература",Футбольчик,"Dj c 2000г. 
Играю стили:  Deep/NuDisco/Future/Soul/Commercial/Retro/Tech/Progressive House, Rock/Retro/R'N'B/Mush'Up","Век живи - век учись
Не суди - да не судимым будешь
Жизнь хороша - когда живешь не спеша",2053.0,ВКонтакте; Леонардо Дайвинчик; НОВАЯ МУЗЫКА — Популярные Песни; ПРИКОЛЫ | Смеяка; Наука и Техника; Интересные факты; Музыка; 5 интересных фактов; Академия Порядочных Парней; Золотые руки | Строительство и ремонт; Анекдоты; Клубная музыка; ЯЖЕВОДИТЕЛЬ; 4ch; Убейся Позитивом; AliExpress; Ларису Ивановну Хачу!; Музыка 2024; Топ Новинки Музыки 2025 !; История|History
singerbar.moscow,88470611,Sergo,Mirzoyan,Мужской,,,,,,,,,,,,,,,,,,,,
singerbar.moscow,89311694,Lada,Zlobina,Женский,33.0,,,,,,,,,,,,,,,,,,,
singerbar.moscow,89629312,Mikhail,Gusev,Мужской,39.0,Novokuznetsk,,,,КузГТУ (НФ),,,,,,,,,,,,,224.0,"НОВАЯ МУЗЫКА — Популярные Песни; Я 🩷 КИНО; Киномания ► Новинки мира кино; ЁП; КЕКС; Телеканал ТНТ; MOTOR | Автомобили и ДТП; Смейся до слёз :D; Четкие Приколы; Интересные факты; Лучшие Комедии 2025; С нами стыдно, зато весело!; БОРЩ; НЕ ПОВЕРИШЬ!; Чёткие приколы; Сарказм; О блин! - Где блин? - Вон блин!; анекдотов.net; Академия Порядочных Парней; Золотые руки | Строительство и ремонт"
singerbar.moscow,89803983,Alexey,Koval,Мужской,34.0,Podolsk,,,,АФСБ РФ,,,,,,,,,,,,,,
singerbar.moscow,90699360,Pavel,Chernikov,Мужской,47.0,Moscow,,,,,,,,,,,,,,,,,91.0,
singerbar.moscow,90800323,Anna,Gulieva,Женский,,Moscow,,,0.0,МИП (психоанализа),,ИДНК; МИП (психоанализа),Лицей № 5; Ставропольский краевой колледж искусств (СККИ),,,,,,,,,,748.0,
singerbar.moscow,90866842,Ekaterina,Potapova,Женский,,Moscow,,,,МЭИ (ТУ),,,,,,,,,,,,,677.0,"Я 🩷 КИНО; Литература | Великие поэты; Популярная музыка; 0% жирности; Фабрика идей; Европа Плюс; НОВИНКИ КИНО 2025; Интеллектуальный юмор; РИА Новости; Записки шеф-повара; Наука, Техника и Нейросети; Smart - умный журнал!; Психология Тишины; Философия | Психология | Саморазвитие; Искусство реальности; Лучшие фильмы; ЭТИ ДЕТИ; Азамат Мусагалиев; Территория новостей; Дом рукоделия. Handmade, дизайн и декор"
singerbar.moscow,91076817,Elena,Shinkevich,Женский,,New York City,,,,"РАНХиГС при Президенте РФ (АНХ при Правительстве РФ, РАГС при Президенте РФ)",,,,,,,,,,,,,,
singerbar.moscow,91304789,Nadezhda,Ostapenko,Женский,,Moscow,,,,ВГУЭС (бывш. ДВТИ),,,,,,,,,,,,,,
singerbar.moscow,91496134,Anton,Samolyuk,Мужской,,Moscow,,,,Samolyuk,,,,,,,,,,,,,1778.0,
singerbar.moscow,91822880,Elena,Gerasimova,Женский,49.0,Moscow,,,,Московская консерватория им. П.И. Чайковского,,,,,,,,,,,,,164.0,
singerbar.moscow,91842129,Sergey,Korneev,Мужской,,Moscow,,Москва,0.0,МИЭМ (ТУ),,МИЭМ (ТУ),Школа № 642,,,,,,,,,,350.0,"ЁП; Литература | Великие поэты; Ужасы и Триллеры 2025 | Лучшие фильмы ужасов; БОРЩ; Фильмы; Лепра; IGM; Школа ремонта; Лепрозорий; НОВИНКИ КИНО 2025; Просто Вкусно; VK Фитнес; Пикабу; Мир Кино; Prank Time; Wildberries №1 | Находки с WB; Заброшенное; Интересная планета - путешествия, туризм; Как я встретил столбняк; Traveler - Путешествия и туризм"
singerbar.moscow,92101212,Anton,Makhnyov,Мужской,30.0,,,Киров,0.0,,,,,,,,,,,,,,662.0,
singerbar.moscow,92312137,Svetlana,Kataeva,Женский,,Perm,,,,#Министерствонетвоихсобачихдел,,,,,,,,,,,,,,
singerbar.moscow,92652145,Roman,Bashkeev,Мужской,29.0,Kursk,,,,"ТЕХНОВЕЛД оборудование для сварки, резки металла",,,,,,,,,,,,,,
singerbar.moscow,93170171,Leonid,Sokolyansky,Мужской,119.0,,,,,ЛЕГО ЗВЁЗДНЫЕ ВОЙНЫ I LEGO STAR WARS,,,,,,,,,,,,,1529.0,
singerbar.moscow,93460268,Diana,Veselova,Женский,,Moscow,,,,,,,,,,,,,,,,,,
singerbar.moscow,93716435,Margarita,Korolyova,Женский,,,,,,,,,,,,,,,,,,,,
singerbar.moscow,94326483,Valentina,Amirova,Женский,,Moscow,,,,,,,,,,,,,,,,,423.0,
singerbar.moscow,94591753,Yulia,Krasikova,Женский,,Sergiev Posad,,,,,,,,,,,,,,,,,852.0,"Телеканал ТНТ; Сарказм; RECORD; Я хочу...; Психология; Comedy Club; Шпильки | Женский Журнал; 0% жирности; Простые рецепты; Европа Плюс; AliExpress; Просто Вкусно; Тряхни Нормальность; YUMMY | ВКУСНЫЕ РЕЦЕПТЫ; Пальчики оближешь!; Наука и факты | Что будет, если...?; Здоровое тело. Мы за здоровый образ жизни; Кинопоиск; Маникюр | Ногти; Быстрые рецепты"
singerbar.moscow,94671282,Maria,Kostereva,Женский,30.0,Moscow,,,,,,,,,,,,,,,,,,
singerbar.moscow,94751550,Irina,Kulikova,Женский,34.0,Moscow,,Москва,1.0,,,,Специализированная детско-юношеская школа олимпийского резерва при ДМ на Ленинских горах,,,,,,"Королева Ирландских пиратов, ей к лицу даже смерть, Лана Капризная ( все книги)",,,,539.0,МХК; Леонардо - Бот Знакомства; ЧЕШУЯ; Шедевры кулинарии| Вкусные рецепты; Лучшие Мультфильмы 2025 | Мультики; Шутник; Словарный запас; Школа ремонта; Темная сторона; Мужской рай; Злой Чаплин; Интерьер и декор; Чисто поржать; Тряхни Нормальность; Откровенно женский; Академия Порядочных Девиц; Школа красоты; Психология Джокера; Ларису Ивановну Хачу!; Они тупые?
singerbar.moscow,94854421,Irina,Smirnova,Женский,,,,,,,,,,,,,,,,,,,234.0,
singerbar.moscow,95064102,Elena,Destini,Женский,,Moscow,,,,,,,,,,,,,,,,,1910.0,
singerbar.moscow,95089963,Tanya,Nalegach,Женский,,Moscow,,,,ГГМУ,,,,,,,,,,,,,611.0,Словарный запас; LIFE.ru; Юмор Шрёдингера; Словарный запас (EN); Эзотерика; Ideas & Decor; Английский язык.; Анатомичка - крупнейший медицинский канал; journal minimalism; ЙОГА; KUDAGO: Москва; Операционная | Медицина; ᴘ н ᴇ ɴ ᴏ ᴍ ᴇ ɴ ᴀ; Интересная Москва; НАШЕ; другое кино; Немецкий язык; Другая Музыка; Биология; как выглядят люди
singerbar.moscow,95170035,Natalya,Leshkevich,Женский,,Moscow,,,,,,,,,,,,,,,,,601.0,"NETFLIX VK | Новинки кинo, сериалы, фильмы 2025; VK Музыка; КЕКС; Красиво сказано . . .; Психология человека; Простые рецепты; Характер; Чёртов стыд; Великие Слова | Цитаты и Афоризмы; Быстрые рецепты; Мультики 2025; Я не стерва, это нервы| Статусы; Злые мысли человечества.; veydi_rush; Шальная Императрица; Статусы со смыслом; Новинки Музыки 2025; SUNLIGHT / Санлайт; ДЕТСКИЕ ПОДЕЛКИ; Читающие"
singerbar.moscow,95230900,Kamilla,Kaiff,Женский,,Moscow,,,,"*ArGanZa* - просто пою, просто творю",,,,,,,,,,,,,676.0,
singerbar.moscow,95503575,Oleg,Kucherov,Мужской,,Moscow,,,,,,,,,,,,,,,,,135.0,"ВКонтакте; Леонардо Дайвинчик; НОВАЯ МУЗЫКА — Популярные Песни; Я 🩷 КИНО; MDK; Киномания ► Новинки мира кино; Я ★ КИНОМАН | Фильмы, сериалы, кино 2025; Фильмы 2025 Новинки кино онлайн Игра в кальмара; Корпорация зла; ИМПЕРИЯ КИНО | НОВИНКИ 2025; Овсянка, сэр!; Достойные фильмы; Лучшие Комедии 2025; Ужасы и Триллеры 2025 | Лучшие фильмы ужасов; Леонардо - Чат Знакомства; Новинки кино; VK Фитнес; Шедевры Кино | Фильмы 2025 |  | Новые Фильмы; Новинки музыки 2024; Мир Кино"
singerbar.moscow,95903323,Alyona,Shpakovskaya,Женский,,,,,,КОРРОЗИЯ МЕТАЛЛА,,,,,,,,,,,,,3323.0,"Я 🩷 КИНО; VK Музыка; МХК; Рифмы и Панчи; Палата №6; Ужасы и Триллеры 2025 | Лучшие фильмы ужасов; НЕ ПОВЕРИШЬ!; Лепра; Знакомства - Анонимный чат; СберКот; Science|Наука; Begin English. Английский язык для всех; СТС; Лепрозорий; Знаете ли Вы?; AliExpress; Наука, Техника и Нейросети; Пикабу; Мир Кино; МАТЧ ТВ"
singerbar.moscow,96039263,Natalia,Fedotova,Женский,,,,,,ОСАО Ресо-Гарантия,,,,,,,,,,,,,297.0,
singerbar.moscow,96226985,Sergey,Salnikov,Мужской,,Moscow,,Пенза,1.0,,,,Школа № 63,.,,,,,.,,,,287.0,
singerbar.moscow,96436856,Anastasia,Lisitsina,Женский,,Moscow,,,,РГГУ,,,,,,,,,,,,,,
singerbar.moscow,96672947,Artem,Filippov,Мужской,36.0,Moscow,,Орехово-зуево,6.0,Neva Towers | Апартаменты в Москва-Сити,; ,МГУПС (МИИТ),Школа № 4,,,,,,,,,,991.0,
singerbar.moscow,97218700,Alexander,Mayorov,Мужской,,Moscow,,,,МГУПИ,,,,,,,,,,,,,,
singerbar.moscow,97445430,Tatyana,Yasyulevichyus,Женский,,Moscow,,,,,,,,,,,,,,,,,490.0,
singerbar.moscow,97494963,Polina,Shamina,Женский,23.0,Moscow,,,,,,,,,,,,,,,,,818.0,
singerbar.moscow,97496746,Nadezhda,Egorova,Женский,,Moscow,,Набережные челны,0.0,,,,Гимназия № 26; Набережночелнинский медицинский колледж,,Люблю читать и мечтать) Стихи пишу) Музыку слушаю),"Канцлер Ги, Крыс и Шмандра, Вельвет, Мельница, Айрэ и Саруман, Кошка Сашка, Ясвена, Septem Voices, рок-опера ""Последнее испытание"", рок-опера ""Икар"", Александр Казьмин, Ярослав Баярунас, рок-опера ""Орфей"" 2020г., Винтаж, Марко Поло, Евгений Егоров, Даниэла Устинова, Нервы","Малефисента, Марвел (практически все), Александр, Бегущий в лабиринте, Обитель зла, Матрица, Пираты Карибского моря, Собачья жизнь.                                             Мультфильмы: Хранители снов, Как приручить дракона, Бэмби; Зверополис, Балто, Город героев, Холодное сердце","Сверхъестественное, Доктор кто, Мерлин, Шерлок, Ганнибал, Менталист, Благие знамения, Ведьмак, Вечность, Неукротимый: Повелитель Чэньцин, Флэш, Блудный сын.  Аниме сериалы: Баскетбол Куроко, Тёмный дворецкий, Хост-клуб Оранской школы, Предательство знает моё имя, Игра на выживание, Вечно ленивый Танака, Мастера меча онлайн, Седьмой дух 07, Лучшая в мире первая любовь, Не сдавайся!, Тетрадь дружбы Нацумэ, Ох, уж этот экстрасенс Сайки Кусуо!, Арифурэта: Сильнейший ремесленник в мире, Твоя апрельская ложь","Вероника Иванова ""Третья сторона зеркала"", Иар Эльтеррус ""Росская империя"", Белецкая и Ченина, Т. Патрикова, С. Жданова, Н. Кузьмина ""Тимиредис"", И. Дравин ""Чужак"", Ю. Фирсанова ""Рыжее братство"", Виктория Иванова, Мосян Тунсю, Д. Остен ""Гордость и предубеждение"", Н. Зимина",,,,573.0,КИНОМАНИЯ | Фильмы и сериалы; Корпорация зла; ИМПЕРИЯ КИНО | НОВИНКИ 2025; Интересные факты; МХК; Бумажный кораблик; Палата №6; Сарказм; Знакомства - Анонимный чат; Сбер; VK Фитнес; Маникюр 2025 | Дизайн ногтей; Академия Порядочных Девиц; Сериалы; Мир Кино; Дзен; Павел Воля; Улётные приколы; Метла; + 1 умная мысль
singerbar.moscow,97880397,Viktor,Sviridov,Мужской,61.0,Moscow,,Москва,4.0,,,,Школа № 199,,,,,,,,,,122.0,"ZAYCEV.NET; VK Play; Юла; ФК «Спартак-Москва»; PlayStation Россия; Москва. Главное!; PREMIER онлайн-кинотеатр; Comedy Radio; Eda.ru; PokerPlanets. Официальное сообщество; Desport | Деспорт; Книги - скачать, советы, литература; ВООБРАЖЕНИЕ; Горный курорт Роза Хутор; Доска объявлений Москва и Россия; Сериалы, дорамы, кино – без границ; Sport5online – Видео и трансляции футбола; DELETED; 1UP Продажа скинов; ВКачалке"
singerbar.moscow,97949722,Lilu,Zaitcidi,Женский,,Moscow,,,,ВГУ (СОФ),,,,,,,,,,,,,,
singerbar.moscow,97972381,Yuliya,Tarchutkina,Женский,,Ust-Abakan,,,,,,,,,,,,,,,,,3868.0,
singerbar.moscow,98044857,Ekaterina,Ershova,Женский,35.0,Moscow,,,,"МФПУ «Синергия» (бывш. МФПА, ММИЭИФП)",,,,,,,,,,,,,,
singerbar.moscow,98479009,Dmitry,Kovalev,Мужской,,Saint Petersburg,,,,,,,,,,,,,,,,,1353.0,"Наука, Техника и Нейросети; Стикеры ВКонтакте; Samchuk_studio; WILDBERRIES; загадочные обстоятельства; Киномания 4К; Другое кино; Fix Price Россия; Лурк; Роскосмос; Книга животных; ЛЭТУАЛЬ; ЭЕ; Nekoshop - магазин готической одежды; DTF; Отдам даром СПб | За вкусняшку Питер; Л       Е       С; Бесплатно СПб | Отдам даром Питер; Bronze; Сатира Без Позитива / Новости с овощебазы"
singerbar.moscow,98666798,Irina,Shelenkova,Женский,,Moscow,,,,,,,,,,,,,,,,,493.0,
singerbar.moscow,98774089,Mikhail,Medvedev,Мужской,36.0,Moscow,,Пенза,0.0,,,,Мокшанский агротехнологический колледж (МАК),,,,,,,,,,497.0,"КиноКайф - Лучшие фильмы; Я 🩷 КИНО; КИНОМАНИЯ | Фильмы и сериалы; Я ★ КИНОМАН | Фильмы, сериалы, кино 2025; NETFLIX VK | Новинки кинo, сериалы, фильмы 2025; Фильмы 2025 Новинки кино онлайн Игра в кальмара; VK Музыка; Телеканал ТНТ; MOTOR | Автомобили и ДТП; Наука и Техника; HD Кино - Фильмы онлайн 2025; Красиво сказано . . .; Бумажный кораблик; Достойные фильмы; Лучшие Комедии 2025; Ужасы и Триллеры 2025 | Лучшие фильмы ужасов; Леонардо - Бот Знакомства; БОРЩ; Убойные приколы; НЕ ПОВЕРИШЬ!"
singerbar.moscow,98784116,Sergey,Ivanov,Мужской,,Moscow,,,,YAMAGUCHI | Красота и здоровье,,,,,,,,,,,,,,
singerbar.moscow,99180741,Murat,Aliev,Мужской,,,,,,ПИМУ (бывш. НижГМА),,,,,,,,,,,,,,
singerbar.moscow,99214611,Yaroslav,Moskalets,Мужской,26.0,Moscow,,,,,,,,,,,,,,,,,,
singerbar.moscow,99236037,Mikhail,Maestro,Мужской,58.0,Moscow,,,,Звуковой Барьер | Виниловые пластинки,,,,,,,,,,,,,224.0,
singerbar.moscow,99253780,Oksana,Lazareva,Женский,,Moscow,,,,"РОАТ МИИТ (бывш. РГОТУПС, ВЗИИТ)",,,,,,,,,,,,,818.0,
singerbar.moscow,99273138,Yulia,Pankratova,Женский,26.0,Moscow,,,4.0,IzidaconART,,НИД,,,,,,,,,,,317.0,"Палата №6; Подслушано – Здесь говорят о тебе; VK Fest; Топовые татуировки; Just Video; Нескучные рецепты; Художник, садись и рисуй!; Noize MC; Котизм; KUDAGO: Москва; Oxxxymiron / Оксимирон; Правильное питание; загадочные обстоятельства; Додо Пицца Россия; Тру Художник; Рынок; Рыцари Клуба Романтики | Прохождения | Гайды; Другая фотография; ТОПЛЕС; Panda Art Café"
singerbar.moscow,99341301,Ekaterina,Fatkulina,Женский,,,,,,"ОГУ
",,,,,,,,,,,,,312.0,
singerbar.moscow,99559753,Mikhail,Kokhanov,Мужской,32.0,Moscow,,Брянск,7.0,I LIKE BAR,,,Школа № 36 им. Юдина Г. Л.; Профессиональное училище № 11,Повар),"Музыка, поэзия","Heavy metal, power metal, melodic death metal, black metal, nu metal, metalcor, панк рок","Ужасы, фантастика, комедии",,,"Wow, Dota 2, Warface, Skyrim, Dragon age, The Witcher, Fable",С музыкой по жизни),"""Я жив покуда,я верю в чудо""
""Кто-то из нас двоих точно сошел с ума. Осталось лишь определить - весь мир или я!""
""Мы движемся по струнам сердец,
Считая ночи днем.
Нас мало, но пока мы в пути,
В нас горит открытым огнем
Rock-n-roll.",529.0,"Киномания ► Новинки мира кино; Корпорация зла; Наука и Техника; МХК; В приколе (18+); Палата №6; Лучшие Комедии 2025; БОРЩ; ТОПОР; 5 интересных фактов; Академия Порядочных Парней; Знакомства - Анонимный чат; Я в шоке!; IGM; FUN; Новинки кино; Знаете ли Вы?; VK Фитнес; Смотри, что я узнал; Тряхни Нормальность"
singerbar.moscow,99731414,Oleg,Kushnaryov,Мужской,,Moscow,,,,МГУ,,,,,,,,,,,,,,
singerbar.moscow,100245237,Svetlana,Kuteynikova,Женский,,Moscow,,москва,0.0,,,,,фотограф,Семейная и детская фотография,Рок,,,,,,"""Храни коней, родимая отчизна
Храни коня, любимый ипподром""",432.0,
singerbar.moscow,100354343,Svetlana,Petrova,Женский,32.0,Izhevsk,,,,,,,,,,,,,,,,,445.0,
singerbar.moscow,100473860,Natalya,Nikitina,Женский,,Moscow,,,,Freedom бьюти-коворкинг,,,,,,,,,,,,,,
singerbar.moscow,100696775,Vitaly,Guliev,Мужской,68.0,Moscow,,,,ГИТР,,,,,,,,,,,,,586.0,"КиноКайф - Лучшие фильмы; Я 🩷 КИНО; Киномания ► Новинки мира кино; КИНОМАНИЯ | Фильмы и сериалы; Я ★ КИНОМАН | Фильмы, сериалы, кино 2025; NETFLIX VK | Новинки кинo, сериалы, фильмы 2025; Фильмы 2025 Новинки кино онлайн Игра в кальмара; Наука и Техника; ИМПЕРИЯ КИНО | НОВИНКИ 2025; HD Кино - Фильмы онлайн 2025; Достойные фильмы; Лучшие Комедии 2025; Анонимный Чат - Бот Знакомства; Фильмы; Золотые руки | Строительство и ремонт; Лайфхак; Хитрости жизни; Идеи вашего дома; Школа ремонта; НОВИНКИ КИНО 2025"
singerbar.moscow,101276716,Elena,Go,Женский,,Moscow,,,,,,,,,,,,,,,,,357.0,"КиноКайф - Лучшие фильмы; ПРИКОЛЫ | Смеяка; Корпорация зла; VK Музыка; КЕКС; Смейся до слёз :D; Идеи дизайна интерьера; Наука и Техника; Красиво сказано . . .; Интересные факты; Открытки Поздравления Пожелания С Днём Рождения; Наша правда!; Лучшие Комедии 2025; С нами стыдно, зато весело!; Ужасы и Триллеры 2025 | Лучшие фильмы ужасов; анекдотов.net; 5 интересных фактов; Игра ""Сокровища Пиратов"" - официальная группа; ЯЖЕВОДИТЕЛЬ; Лепрозорий"
singerbar.moscow,101299942,Snezhana,Smirnova,Женский,,Moscow,,,,,,,,,,,,,,,,,,
singerbar.moscow,101915866,Roman,Mikheev,Мужской,,,,,,ОмА МВД России,,,,,,,,,,,,,,
singerbar.moscow,103494125,Elya,Ananko,Женский,,Moscow,,,,МГИФКСиТ (МГИИТ) им. Ю. А. Сенкевича (бывш. МАТГР),,,,,,,,,,,,,626.0,"Я 🩷 КИНО; КИНОМАНИЯ | Фильмы и сериалы; Я ★ КИНОМАН | Фильмы, сериалы, кино 2025; NETFLIX VK | Новинки кинo, сериалы, фильмы 2025; Фильмы 2025 Новинки кино онлайн Игра в кальмара; Корпорация зла; Литература | Великие поэты; Смейся до слёз :D; Cook Good - лучшие рецепты; Идеи дизайна интерьера; HD Кино - Фильмы онлайн 2025; Красиво сказано . . .; Рецепты l В домашних условиях l На зиму; В приколе (18+); Достойные фильмы; Лучшие рецепты Повара; Психология отношений; Ужасы и Триллеры 2025 | Лучшие фильмы ужасов; БОРЩ; Убойные приколы"
singerbar.moscow,103512061,Alex,Makar,Женский,,Moscow,,,,"Студия вокала ""X-song"" Александры Макаренко",,,,,,,,,,,,,6005.0,НОВАЯ МУЗЫКА — Популярные Песни; Я 🩷 КИНО; MDK; Киномания ► Новинки мира кино; КИНОМАНИЯ | Фильмы и сериалы; Литература | Великие поэты; Телеканал ТНТ; Cook Good - лучшие рецепты; ИМПЕРИЯ КИНО | НОВИНКИ 2025; Красиво сказано . . .; МХК; Музыка; Рифмы и Панчи; Достойные фильмы; Лучшие рецепты Повара; Психология отношений; 5 умных мыслей; Популярная музыка; Лучшие Комедии 2025; Психология человека
singerbar.moscow,103793332,Alyona,Sheremet,Женский,,Moscow,,,,,,,,,,,,,,,,,,
singerbar.moscow,104241619,Alyona,Saminina,Женский,,Lyubertsy,,,,,,,,,,,,,,,,,1541.0,
singerbar.moscow,105541025,Aren,Armenovich,Мужской,,Totskoe,,,,,,,,,,,,,,,,,,
singerbar.moscow,105599407,Oksana,Kortunova,Женский,,Moscow,,,,,,,,,,,,,,,,,,
singerbar.moscow,106095774,Tempo,Tempo,Мужской,,,,,,,,,,,,,,,,,,,,
singerbar.moscow,106312014,Anastasia,Matveeva,Женский,,Moscow,,,,Московский политехнический университет,,,,,,,,,,,,,471.0,
singerbar.moscow,106407036,Kristina,Sergeeva,Женский,,Moscow,,,,МФПА (бывш. ММИЭИФП),,,,,,,,,,,,,,
singerbar.moscow,107495307,Kira,Sergeevna,Женский,,,,Moscow,0.0,ПИМУ (бывш. НижГМА),,ПИМУ (бывш. НижГМА),Школа № 16; Нижегородский медицинский колледж Росздрава (НМК МЗ РФ),,,,,,,,,,2520.0,
singerbar.moscow,107689904,Lekha,Vorobyev,Мужской,,Orekhovo-Zuevo,,,,Москва-Моск.обл.,,,,,,,,,,,,,,
singerbar.moscow,107769216,Andrey,Korotaev,Мужской,,Moscow,,,,"Singer - караоке, бар, ресторан в Москве",,,,,,,,,,,,,,
singerbar.moscow,107933197,Vilena,Valmond,Женский,34.0,Balashikha,,,,Private community,,,,,,,,,,,,,1220.0,
singerbar.moscow,108205574,Vanya,Sibiryakov,Мужской,,Moscow,,,,НИТУ МИСиС,,,,,,,,,,,,,,
singerbar.moscow,109223961,Alexander,Stepanovich,Мужской,,Moscow,,,,,,,,,,,,,,,,,29.0,"Палата №6; Госуслуги; Синьхуа Новости | Xinhua News; Клуб автолюбителей |Главная дорога ツ; РБК; Пантера Луна; Россия-Китай: главное; Правительство России; Москва 24; Объясняем.РФ; Итоги года с Владимиром Путиным; Интересная Москва | События, Места, Афиша; CGTN на русском; Российское общество «Знание»; Коммерсантъ; Жэньминь жибао онлайн | Новости Китая; Наука; Аргументы и Факты / aif.ru; Убойные Истории; Подслушано у ДПС"
singerbar.moscow,109301490,Darya,Trafimova,Женский,,,,,,Танцы на пилоне и растяжка в Туле | EXOROOM,,,,,,,,,,,,,1417.0,
singerbar.moscow,109461366,Elena,Tumanova,Женский,,,,,,,,,,,,,,,,,,,512.0,Женские Хитрости | Лайфхакерша; Музыка 2024; PostNews; Мое здоровье; Практическая психология; Вкусные домашние рецепты; Моя квартира; Школа кулинарии | Вкусные рецепты; Вкусно — и точка; Идеи для дачи; Полезные советы; Модные Прически; Моя дача; Семья . Дети . Отношения  -  Незабываемая; Сама Женственность.Юмор.Вдохновение; Умные подарки; Госуслуги для родителей; Моя Мама Лучшая На Свете!; Идеи на каждый день; ГЛАВНОВОСТИ
singerbar.moscow,110095213,Viktoria,Galeeva,Женский,28.0,Moscow,,,,,,,,,,,,,,,,,201.0,
singerbar.moscow,110726973,Yulka,Petrova,Женский,,,,,,,,,,,,,,,,,,,,
singerbar.moscow,112011906,Roman,Salyaev,Мужской,57.0,Moscow,,,,"ДВГУ
",,,,,,,,,,,,,,
singerbar.moscow,113423436,Elvira,Volkova,Женский,32.0,,,,,,,,,,,,,,,,,,530.0,
singerbar.moscow,113744449,Ilya,Skugarev,Мужской,,Moscow,,,,,,,,,,,,,,,,,298.0,ВКонтакте; Леонардо Дайвинчик; НОВАЯ МУЗЫКА — Популярные Песни; Смейся до слёз :D; Музыка; Я тебя хочу; Рифмы и Панчи; Я тебя люблю; Видео Долбоёба; ТОПОР; Улетные приколы; Леонардо - Чат Знакомства; Знакомства - Анонимный чат; СберКот; ПОЗОР; Лайфхак; Бот Максим; FULL PLEASE; Леонардо - Знакомства; КТО сверху
singerbar.moscow,114137669,Irina,Sineva,Женский,,Severodvinsk,,,4.0,,,,,,,,,,,,,,175.0,Литература | Великие поэты; Красиво сказано . . .; Я хочу...; Шпильки | Женский Журнал; 0% жирности; Женские Хитрости | Лайфхакерша; Лайфхак; Готовим дома: вкусно и просто; Best Video; Смешно До Боли ツ; Успешная девушка; Новинки музыки 2024; Лайфхакерша; Своими руками. Новинки; 40 КГ; LOOKBOOK; Империя Событий; Современная Девушка; GAZ; Вкусные домашние рецепты
singerbar.moscow,114830337,Roman,Asanov,Мужской,,Moscow,,,,МПИ ФСБ РФ (бывш. МВИ ФПС РФ),,,,,,,,,,,,,,
singerbar.moscow,115941418,Margarita,Stepanova,Женский,30.0,Moscow,,,,,,,,,,,,,,,,,,
singerbar.moscow,116061647,Avgusta,Klab,Женский,33.0,,,,0.0,АвгустаКлабукова|Автор-исполнитель|Avgusta Club,,МГИК (бывш. МГУКИ); СПбГИК (бывш. СПбГУКИ),Минский государственный колледж искусств (МГКИ); Школа № 43,"Автор-исполнитель. 

Профессиональная вокалистка, актриса музыкального театра, педагог по вокалу","Музыка, Актерское искусство, спорт, музыкальная психология, фотография",Авторская,"Побег из Шоушенка, 1+1, Предубеждение и гордость",,"Творчество авторов : Достоевский, Чехов, Есенин",,"Автор песен с 12ти лет. 

Участница детского и взрослого национального отбора к Евровидению. 

Базовое и среднее специальное музыкальное образование получено в городе Минске. Закончила школу с музыкально - хоровым уклоном, 9 классов.
Затем Минский государственный колледж искусств. Высшее образование получено в городе Санкт-Петербурге, закончила аспирантуру в Москве. 

Была номинирована на премию президента Республики Беларусь по поддержке талантливой молодёжи.

Педагог по вокалу в Москве.","""Если ты хочешь перемену в будущем - стань этой переменой в настоящем""
      Ганди Махатма

Лучше красиво делать,чем красиво говорить.

Посвятите свою жизнь искусству,и оно вас щедро вознаградит, и, наоборот, начнете эксплоатировать его для своих корыстных целей, и оно жестоко отомстит. К.C.Станиславский
",11484.0,
singerbar.moscow,116639460,Nikolay,Arkhipochkin,Мужской,,Novorossiysk,,,,,,,,,,,,,,,,,375.0,
singerbar.moscow,116772250,Kolya,Fantikov,Мужской,28.0,,,,,,,,,,,,,,,,,,,
singerbar.moscow,117835374,Leonid,Fadeev,Мужской,,Moscow,,,,СамГТУ,,,,,,,,,,,,,,
singerbar.moscow,119904825,Larisa,Verba,Женский,,Moscow,,,0.0,Мастерская стихосложения.Стихи на заказ.,,ЧГПУ,,"Написание музыки, стихов, слоганов, поздравлений в стихотворной форме.",Современная музыка и поэзия,Душевная,"Упасть вверх, Карнавал, Москва слезам не верит, Собачье сердце",,,,"Интересно все,что касается  современного искусства.Творчество,творчество и еще раз творчество!!!Буду рада любым контактам по теме!",,881.0,"Cook Good - лучшие рецепты; Женские Хитрости | Лайфхакерша; Лайфхакнутая; Верую † Православие; Худей вкусно; РЫНОК САДОВОД ПОСТАВЩИКИ; Идеи для дома - Дизайн интерьера; ВКонтакте с авторами; Телеканал РОССИЯ 1; Интересные факты; Самая лучшая невеста, жена и мама; Котизм; Гимнастика для лица | Анастасия Бурдюг; ПРОСТО О ЗДОРОВЬЕ; Ляйсан Утяшева; Ольга Серябкина; МОДА ЗВЁЗДЫ ОДЕЖДА; FITNESS спорт мотивация; Факты; Секреты идеальной фигуры"
singerbar.moscow,120698365,Alexander,Gerasimenko,Мужской,,Moscow,,,0.0,РГАУ-МСХА им. Тимирязева,,РГАУ-МСХА им. Тимирязева,Школа № 56 им. академика В. А. Легасова,,,,,,,,,,531.0,"НОВАЯ МУЗЫКА — Популярные Песни; MDK; ЁП; Я ★ КИНОМАН | Фильмы, сериалы, кино 2025; NETFLIX VK | Новинки кинo, сериалы, фильмы 2025; Фильмы 2025 Новинки кино онлайн Игра в кальмара; Корпорация зла; Литература | Великие поэты; VK Музыка; КЕКС; Смейся до слёз :D; Интересные факты; МХК; Рифмы и Панчи; NR; Vine Video; Палата №6; Чёткие приколы; Анонимный Чат - Бот Знакомства; Шедевры кулинарии| Вкусные рецепты"
singerbar.moscow,120826010,Hat,Ice,Женский,,Yaroslavl,,,,Аптечная сеть «Ригла»,,,,,,,,,,,,,,
singerbar.moscow,121870921,Anastasia,Lomakina,Женский,38.0,,,Дукент,0.0,,,,Школа № 42,работаю там где честно платят,"рисование, музыка, красивые вещи","В.ЦОЙ, БИ-2, СНАЙПЕРЫ, инигма",Ангел на обочине,,МАСТЕР И МАРГАРИТА -Булгаков,,"люблю жить,а хорошо жить еще больше",Свою жизнь делаем мы сами,498.0,"ПРИКОЛЫ | Смеяка; NETFLIX VK | Новинки кинo, сериалы, фильмы 2025; Бумажный кораблик; С нами стыдно, зато весело!; ЧЕШУЯ; Я хочу...; анекдотов.net; Я тебя люблю; Леонардо - Чат Знакомства; Шпильки | Женский Журнал; Простые рецепты; Характер; Правда жизни; Begin English. Английский язык для всех; Черный юмор; Действительно смешно; Best Video; Вслух; Интеллектуальный юмор; Внешность - на время, Душа - навсегда"
singerbar.moscow,121939642,Elena,Zaytseva,Женский,47.0,Moscow,,,,В Православии,,,,,,,,,,,,,413.0,
singerbar.moscow,122799333,Ulyana,Kit,Женский,,Chapaevsk,,,,,,,,,,,,,,,,,1097.0,"ВКонтакте; Леонардо Дайвинчик; НОВАЯ МУЗЫКА — Популярные Песни; MDK; Киномания ► Новинки мира кино; КИНОМАНИЯ | Фильмы и сериалы; ЁП; NETFLIX VK | Новинки кинo, сериалы, фильмы 2025; Фильмы 2025 Новинки кино онлайн Игра в кальмара; Корпорация зла; Телеканал ТНТ; Смейся до слёз :D; МХК; Бумажный кораблик; В приколе (18+); Vine Video; Популярная музыка; Палата №6; Лучшие Комедии 2025; Психология человека"
singerbar.moscow,122816277,Yulia,Notkina,Женский,45.0,Moscow,,,0.0,,,,Школа № 285,,,,,,,,"ПРОЧИТАЙТЕ ОБЯЗАТЕЛЬНО!

В интернете появился бесплатный социальный проект ""Твоя родословная""
Вот тут о самом проекте и обсуждения людей: http://russweb-russweb.blogspot.com/
Мне стало интересно, кто были мои предки - оказалось, что мой дальний родственник - Анна Ахматова!
Я ПРОСТО В ШОКЕ!
Проверьте свою родословную пока этот сaйт бесплатный!",,200.0,"Я 🩷 КИНО; Институт Благородных Девиц; Умный дом. Полезные советы!; Деньги и успех; KUDAGO: Москва; Царство смеха!; Печенька с предсказанием; Интересная Москва; Интересная Москва | События, Места, Афиша; Москва Live; События Москвы; Правильные Мысли...; Монастырь Оптина пустынь; Архимандрит Иоанн (Крестьянкин). Старцы; Семья - малая церковь; Работа в Москве (МСК); Олег Сирота; EMIN; Совет дня!; Мудрое Высказывание"
singerbar.moscow,122834082,Artyom,Nikolaev,Мужской,,Moscow,,,,,,,,,,,,,,,,,13442.0,"ВКонтакте; Видео Долбоёба; Словарный запас; VK Фитнес; PostNews; Это Россия, детка; Стихи давно забытого поэта; Словарный запас (EN); Верую † Православие; ВКонтакте для бизнеса; VK Праздники; Аниме; Клуб Романтики — Мои Истории; Джентльмен Club; Читающие; Телеканал РОССИЯ 1; Mobile Legends: Bang Bang; Бизнес креатив | С успехом по жизни; Телеканал Царьград; РБК"
singerbar.moscow,123114624,Anna,Babich,Женский,36.0,Tomilino,,,0.0,,,,Гимназия № 18,,,,,,,,,"Поклоняйся своей неловкости. Улыбнись над своей неуклюжестью. Подружись со своей некомпетентностью. Смейся, когда споткнулся и упал. Это всё драгоценные волны в необъяснимом просторе тебя.

Совершенство недостижимо во времени, но обнаруживается только в присутствии; наличие несовершенства делает тебя реальным и узнаваемым, и это прекрасно. Ты будешь последовательным, когда умрёшь. До тех пор, празднуй себя, глупого и старого, свою чудесную неспособность соответствовать какому-либо образу вообще.

Не вводи себя в духовную кому. Хотя бы однажды скажи неправильную вещь. Существует такая свобода в позволении сделать что-то не так, быть добрым к своим ошибкам, целовать землю, на которой ты воскрес, а также поклониться своему промаху. Не позволяй твоей духовности заморозить твою человечность, твоё смирение, и, самое главное, твоё чувство юмора.",928.0,
singerbar.moscow,123390362,Kristina,Martens,Женский,,Moscow,,,,🌟Это официально подтвержденная страница вк,,,,,,,,,,,,,1032.0,
singerbar.moscow,124106128,Igor,Samokhin,Мужской,,Moscow,,,,"МФПУ «Синергия» (бывш. МФПА, ММИЭИФП)",,,,,,,,,,,,,279.0,
singerbar.moscow,124487155,Viktoria,Bisenova,Женский,29.0,,,,,"Комиссионный магазин ""Аврора"" Оренбург",,,,,,,,,,,,,,
singerbar.moscow,124745942,Dima,Ignatyev,Мужской,,Moscow,,,,МГУ,,,,,,,,,,,,,427.0,
singerbar.moscow,124831669,Rustam,Bekhoev,Мужской,41.0,Moscow,,,,,,,,,,,,,,,,,1071.0,"ВКонтакте; Я 🩷 КИНО; ПРИКОЛЫ | Смеяка; КИНОМАНИЯ | Фильмы и сериалы; Я ★ КИНОМАН | Фильмы, сериалы, кино 2025; Фильмы 2025 Новинки кино онлайн Игра в кальмара; КЕКС; HD Кино - Фильмы онлайн 2025; МХК; Психология отношений; Убойные приколы; НЕ ПОВЕРИШЬ!; RECORD; Лучшие Мультфильмы 2025 | Мультики; 5 интересных фактов; LIVE; Шутник; Правда жизни; Begin English. Английский язык для всех; Черный юмор"
singerbar.moscow,125209384,Andrey,Ignatyev,Мужской,,Moscow,,,4.0,"МГУТУ им. К. Г. Разумовского (ПКУ) (бывш. МГТА, ВЗИПП)","ООО ""КИРА""; Частный предприниматель; ООО ""Энергосинтез""; Башкирская Химическая Компания; Элемент Холдинг; ООО ""Вариант А""; ООО ""АПРИОРИ""","УГНТУ; МГУТУ им. К. Г. Разумовского (ПКУ) (бывш. МГТА, ВЗИПП)",Школа № 27; Гимназия № 1; Башкирско-турецкий лицей (БТЛИ),,Разносторонние,"Советский рок, авторская песня... Из дошедшего до нас... творчество Трофимова Сергея, например ! ))","Их много ) например, «Последний замок»",,На бумажном носителе,"Увы, но игры кончились довольно давно ) Когда-то были шахматы, теннис и... покер !",Мечтаю действительно быть полезным в чём-то светлом и настоящем ),"Родина — это алтарь, а не пьедестал !",586.0,"ВКонтакте; КиноКайф - Лучшие фильмы; PostNews; Читающие; Строитель; Юла; Главная Дорога; Лапша Медиа; Строим свою дачу. Растим сад и огород.; Aвто.ру; Уфа Новости Башкортостан; это спела алёна швец; Hyundai Russia; Авиасейлс; События Москвы; Елена Темникова; AUTOSALE_RUS | Продажа Авто НИЖЕ РЫНКА; СтройкА - Строительство и ремонт; Яндекс Путешествия; Travelbelka.ru - авиабилеты, туры, отели"
singerbar.moscow,125577682,Ksenia,Kayzer,Женский,25.0,Tambov,,,,,,,,,,,,,,,,,,
singerbar.moscow,126110886,Stanislav,Shesternyov,Мужской,,Moscow,,,,МИПП,,,,,,,,,,,,,912.0,
singerbar.moscow,127539294,Alevtina,Ukraintseva,Женский,,Moscow,,,,Свадебный Фотограф и Видеограф  Москва,,,,,,,,,,,,,4026.0,"ВКонтакте; Леонардо Дайвинчик; НОВАЯ МУЗЫКА — Популярные Песни; MDK; Киномания ► Новинки мира кино; КИНОМАНИЯ | Фильмы и сериалы; Cook Good - лучшие рецепты; Наука и Техника; МХК; Бумажный кораблик; Овсянка, сэр!; Я тебя хочу; NR; Vine Video; 5 умных мыслей; Лучшие Комедии 2025; Ужасы и Триллеры 2025 | Лучшие фильмы ужасов; Я тебя люблю; Леонардо - Бот Знакомства; БОРЩ"
singerbar.moscow,128044474,Anastasia,Sarbaytseva,Женский,,Moscow,,,,КемГМУ (бывш. КемГМА),,,,,,,,,,,,,,
singerbar.moscow,128287636,Dmitry,Polushin,Мужской,,Moscow,,,,москва с 1999,,,,,,,,,,,,,532.0,
singerbar.moscow,128732950,DELETED,,Мужской,,Moscow,,,,,,,,,,,,,,,,,,
singerbar.moscow,129396340,Kirill,Eryomin,Мужской,33.0,Tikhoretsk,,Тихорецк,0.0,КубГАУ,,КубГАУ,№6,,,,,,,,,,294.0,
singerbar.moscow,131061417,Sergey,Surkov,Мужской,,Samara,,,,СамГТУ,,,,,,,,,,,,,,
singerbar.moscow,131318765,Andrey,Khanov,Мужской,,Moscow,,,,Спортивный Клуб КПРФ,,,,,,,,,,,,,,
singerbar.moscow,131515395,Valeria,Savchenko,Женский,,Moscow,,,,Comedy Club Production,,,,,,,,,,,,,,
singerbar.moscow,131637544,Sergey,Volodin,Мужской,28.0,Moscow,,,,Филиал КубГУ (бывш. СГПИ),,,,,,,,,,,,,,
singerbar.moscow,131664993,Anastasia,Markina,Женский,,Moscow,,,0.0,РГАУ — МСХА им. К. А. Тимирязева,,РГАУ — МСХА им. К. А. Тимирязева,Центр образования № 1474,,,,,,,,,,494.0,"Леонардо Дайвинчик; КИНОМАНИЯ | Фильмы и сериалы; Овсянка, сэр!; Палата №6; Женские Хитрости | Лайфхакерша; Мир Кино; Есенин; Грубо? Простите; Я всегда буду твоим поводом напиться; Моя квартира; голубая папка; Книга рекордов; Не кипиши, киса.; FEMALE MEMES; tattoo; ИНДУЛЬГЕНЦИЯ †; Смотри, что я нашел на AliExpress; Находки на Wildberries; че; Хочу! Маникюр!"
singerbar.moscow,131765664,Oleg,Kiselyov,Мужской,35.0,Moscow,,,,,,,,,,,,,,,,,588.0,"ВКонтакте; КиноКайф - Лучшие фильмы; Я 🩷 КИНО; ПРИКОЛЫ | Смеяка; ЁП; NETFLIX VK | Новинки кинo, сериалы, фильмы 2025; HD Кино - Фильмы онлайн 2025; Рецепты l В домашних условиях l На зиму; В приколе (18+); Достойные фильмы; Психология отношений; RECORD; анекдотов.net; Академия Порядочных Парней; Золотые руки | Строительство и ремонт; Comedy Club; Анекдоты; Полный Бак; Мужской рай; НОВИНКИ КИНО 2025"
singerbar.moscow,131857410,Ekaterina,Kukushkina,Женский,,,,,,,,,,,,,,,,,,,,
singerbar.moscow,132230595,Tatyana,Yumina,Женский,44.0,Bronnitsy,,,,,,,,,,,,,,,,,361.0,
singerbar.moscow,132277722,Vladimir,Vladimirovich,Мужской,,Kamensk-Shakhtinsky,,,,,,,,,,,,,,,,,337.0,ВКонтакте; Леонардо Дайвинчик; Я 🩷 КИНО; HD Кино - Фильмы онлайн 2025; Словарный запас; Best Video; Юмор Шрёдингера; Идеи татуировок; ЭТО ФАКТ | Наука и Факты; Сделай сам; Приятного аппетита!; Это интересно!; Типичный выживальщик; Fitness & Bodybuilding; Fairwind; Странный юмор; Рыбак; СПОРТ - ЭТО ЖИЗНЬ; Лайфхаки; Интерьер и Декор
singerbar.moscow,132356772,Yulia,Gorinova,Женский,,Moscow,,,,,,,,,,,,,,,,,,
singerbar.moscow,132653270,Valery,Selyametov,Мужской,,Moscow,,,,БГТУ им. В. Г. Шухова,,,,,,,,,,,,,,
singerbar.moscow,132719393,Gelya,Gelya,Женский,,,,,,"ВятГУ (бывш. ВятГТУ, КирПИ)",,,,,,,,,,,,,,
singerbar.moscow,132742052,Maria,Sitnikova,Женский,,Volgograd,,,,"ВГАФК
",,,,,,,,,,,,,2716.0,"КиноКайф - Лучшие фильмы; Я ★ КИНОМАН | Фильмы, сериалы, кино 2025; Психология отношений; RECORD; Comedy Club; Клубная музыка; iFeed; IGM; Best Video; Знаете ли Вы?; Мир Кино; Новая Музыка 2025; Омар Хайям и другие великие философы; УЛЫБНУЛО; Империя Событий; Современная Девушка; Здоровое тело. Мы за здоровый образ жизни; Павел Воля; Почему я этого не знал?; Первый канал"
singerbar.moscow,132920847,Polina,Bobrysheva,Женский,,,,,,,,,,,,,,,,,,,,
singerbar.moscow,133182378,Viktoria,Torgomyan,Женский,36.0,Kostroma,,,,КГУ им. Некрасова,,,,,,,,,,,,,1936.0,НОВАЯ МУЗЫКА — Популярные Песни; Я 🩷 КИНО; NR; СТС; Лентач; Кулинария: вкусные рецепты; ВКонтакте с авторами; Новинки Музыки 2025 | Новые Песни; Английский каждый день | Endaily; Русская музыка; Лайфхак; Русская Музыка; HYPERPC; Vandrouki | Путешествия почти бесплатно (RU); Голос; i n f a s o t k a .; Визуальный английский | English; Авито; Русская музыка 2024; Нано-ферма
singerbar.moscow,133536370,Yulya,Lazareva,Женский,,Moscow,,,,,,,,,,,,,,,,,1739.0,
singerbar.moscow,133696511,Bogdan,Zolotov,Мужской,,Krasnodar,,,,quaalude777,,,,,,,,,,,,,494.0,
singerbar.moscow,133724917,Danila,Anisimov,Мужской,,,,Егорьевск,0.0,,,,,,,,,,,,,,751.0,"Киномания ► Новинки мира кино; ЁП; NETFLIX VK | Новинки кинo, сериалы, фильмы 2025; VK Музыка; КЕКС; Наука и Техника; ИМПЕРИЯ КИНО | НОВИНКИ 2025; Интересные факты; МХК; В приколе (18+); Популярная музыка; Лучшие Комедии 2025; Леонардо - Бот Знакомства; Видео Долбоёба; Знакомства - Анонимный чат; Клубная музыка; Характер; MDK; Science|Наука; IGM"
singerbar.moscow,134325085,Vasya,Tserkunik,Мужской,,Moscow,,,,МГОУ (областной),,,,,,,,,,,,,,
singerbar.moscow,134436953,Viktoria,Kostryukova,Женский,,,,,,,,,,,,,,,,,,,369.0,
singerbar.moscow,134552659,Tatyana,Dokuchaeva,Женский,50.0,Slobodskoy,,,,,,,,,,,,,,,,,425.0,"НОВАЯ МУЗЫКА — Популярные Песни; КиноКайф - Лучшие фильмы; Я 🩷 КИНО; Я ★ КИНОМАН | Фильмы, сериалы, кино 2025; NETFLIX VK | Новинки кинo, сериалы, фильмы 2025; Литература | Великие поэты; Телеканал ТНТ; Идеи дизайна интерьера; HD Кино - Фильмы онлайн 2025; Красиво сказано . . .; Открытки Поздравления Пожелания С Днём Рождения; Достойные фильмы; Лучшие рецепты Повара; Психология отношений; Популярная музыка; Лучшие Комедии 2025; Психология человека; Ужасы и Триллеры 2025 | Лучшие фильмы ужасов; Я тебя люблю; Фильмы"
singerbar.moscow,134580393,Denis,Prokhozhev,Мужской,,Moscow,,,,Инватриса | Центр для людей с инвалидностью,,,,,,,,,,,,,,
singerbar.moscow,134799736,Lyuba,Khalatova,Женский,,,,Елец,0.0,,,,Колледж МИИТ,,,,,,,,,,310.0,КиноКайф - Лучшие фильмы; Я 🩷 КИНО; КИНОМАНИЯ | Фильмы и сериалы; Литература | Великие поэты; Наука и Техника; МХК; Золотые руки | Строительство и ремонт; Готовим дома: вкусно и просто; Begin English. Английский язык для всех; НОВИНКИ КИНО 2025; VK Фитнес; Заброшенное; Грубо? Простите; Английский язык; Правильные Мысли; А ты знал?; Пятёрочка; Восемнадцать плюс; veydi_rush; KARA KROSS
singerbar.moscow,134882812,Vyacheslav,Zobnin,Мужской,,Kaliningrad,,,,,,,,,,,,,,,,,467.0,НОВАЯ МУЗЫКА — Популярные Песни; Киномания ► Новинки мира кино; ЁП; Фильмы 2025 Новинки кино онлайн Игра в кальмара; Kate Mobile; Лучшие рецепты Повара; RECORD; Целуй и Знакомься; Европа Плюс; Шутник; НОВИНКИ КИНО 2025; AliExpress; • Неприличные Анекдоты; Тряхни Нормальность; Шедевры Кино | Фильмы 2025 |  | Новые Фильмы; Топ Новинки Музыки 2025 !; Я тебя хочу; SOKOLOV; Город Грехов; Безопасность
singerbar.moscow,134903841,Boris,Khramtsov,Мужской,,,,,,,,,,,,,,,,,,,,
singerbar.moscow,134946906,Vadim,Puzankov,Мужской,30.0,Oryol,,,,,,,,,,,,,,,,,,
singerbar.moscow,135110197,Zlata,Kuznetsova,Женский,39.0,Moscow,,,,,,,,,,,,,,,,,,
singerbar.moscow,135932242,Anastasia,Petrova,Женский,,Moscow,,Москва,1.0,Салон красоты Ксения в Митино,,,Школа № 1191,я несу людям СчАсТьЕ :) делая их красивыми,,,,,,,,,397.0,НОВАЯ МУЗЫКА — Популярные Песни; Я 🩷 КИНО; ПРИКОЛЫ | Смеяка; Корпорация зла; Смейся до слёз :D; Идеи дизайна интерьера; Четкие Приколы; Лучшие рецепты Повара; Сарказм; Шпильки | Женский Журнал; Фабрика идей; Женские Хитрости | Лайфхакерша; Интеллектуальный юмор; Сбер; • Неприличные Анекдоты; Книга Рекордов; Кулинарное искусство; Пальчики оближешь!; Тонкий юмор; Империя Событий
singerbar.moscow,136163118,Marine,Marine,Женский,14.0,Moscow,,,,,,,,,,,,,,,,,380.0,
singerbar.moscow,136204777,Evgenia,Dormadykina,Женский,,,,,,Финансовый университет при Правительстве РФ (ТФ) (бывш. ВЗФЭИ),,,,,,,,,,,,,,
singerbar.moscow,136248286,Andrey,Marchenko,Мужской,,Moscow,,,,,,,,,,,,,,,,,567.0,"Киномания ► Новинки мира кино; КИНОМАНИЯ | Фильмы и сериалы; ИМПЕРИЯ КИНО | НОВИНКИ 2025; Лучшие Комедии 2025; НОВИНКИ КИНО 2025; МАТЧ ТВ; Сериалы; Интересная планета - путешествия, туризм; Олимпийские игры; Сделано человеком; МУЗ-ТВ; Больше, чем фото; Лучшие фильмы; Битва Экстрасенсов; Champions Cup | ФУТБОЛ; Телеканал ПЯТНИЦА!; Отборное Кино и Сериалы; Новинки Музыки 2025 | Топовая Музыка; Телеканал РОССИЯ 1; iFood - Кулинарные Рецепты"
singerbar.moscow,136355667,Lyubov,Vinokurova,Женский,,Moscow,,,,,,,,,,,,,,,,,166.0,"КиноКайф - Лучшие фильмы; Смейся до слёз :D; Cook Good - лучшие рецепты; Рифмы и Панчи; Лепра; Европа Плюс; Внешность - на время, Душа - навсегда; Грубо? Простите.; Откровенно женский; Академия Порядочных Девиц; Say 13 - Музыка 2024; Своими руками. Новинки; Chop-Chop; Интересная планета - путешествия, туризм; Современная Девушка; Это Россия, детка; Здоровое тело. Мы за здоровый образ жизни; Капризная Леди; Родители и педагоги! Наши дети; Школа кулинарии | Вкусные рецепты"
singerbar.moscow,136375459,Marina,Ageeva,Женский,30.0,Moscow,,,,,,,,,,,,,,,,,1226.0,"НОВАЯ МУЗЫКА — Популярные Песни; КиноКайф - Лучшие фильмы; Я 🩷 КИНО; Киномания ► Новинки мира кино; КИНОМАНИЯ | Фильмы и сериалы; Я ★ КИНОМАН | Фильмы, сериалы, кино 2025; Фильмы 2025 Новинки кино онлайн Игра в кальмара; Корпорация зла; КЕКС; МХК; Достойные фильмы; Vine Video; Психология отношений; Палата №6; Лучшие Комедии 2025; Убойные приколы; НЕ ПОВЕРИШЬ!; Чёткие приколы; Сарказм; Улетные приколы"
singerbar.moscow,136727768,Anton,Kurgan,Мужской,35.0,Moscow,,,,МУ им. С. Ю. Витте (бывш. МИЭМП),,,,,,,,,,,,,324.0,
singerbar.moscow,136866457,Danya,Rikhter,Женский,,Moscow,,,,,,,,,,,,,,,,,212.0,40 КГ; Идеи для творчества и подарков своими руками; Прически | Стрижки 💇 Окрашивания; Моя квартира; Макияж | Косметика  Идеи и уроки; Прически | Красота; Just Cook; Идеи для дачи; Худей вкусно; Fandom | MARVEL/DC/MOVIES; Идеи для дома - Дизайн интерьера; Анонимный чат бот; Территория новостей; Сделай сам!; Моя квартира. Москва; Vandrouki | Путешествия почти бесплатно (RU); Tasty - Быстрые рецепты; Шкатулка идей (Подарки Поделки Своими руками); Клуб рукоделия; ▲Выжить на сотку▲
singerbar.moscow,137283741,Roman,Mendez,Мужской,,Klin,,,,,,,,,,,,,,,,,,
singerbar.moscow,137963400,Kirill,Uvarov,Мужской,,,,,,S.A.I prod. Биты /Сведение и Мастеринг,,,,,,,,,,,,,113.0,
singerbar.moscow,138287082,Alyonushka,Rolenkova,Женский,27.0,Moscow,,,,,,,,,,,,,,,,,,
singerbar.moscow,138474682,Dmitry,Lazarev,Мужской,35.0,Kemerovo,,,0.0,,,,,,,,,,,,,,134.0,"ДТП и ЧП | Санкт-Петербург | Питер Онлайн | СПб; АСТ-54 Новосибирск; DRIVE2.RU; BlaBlaCar Россия; ЧП Красноярск; Инцидент Кузбасс; Регион-70 | Томск; Инцидент Барнаул; ЧП | ДТП  Нижний Новгород; Дром; Типичный Кемерово; МИРОВАЯ | политика | спецоперация Z | история; ДТП и ЧП | Москва и МО Онлайн | МСК; Deep House; Это Сочи, Детка! [Типичный Сочи]; Инцидент Кемерово | ДТП | ЧП | Происшествия; ЕКАТЕРИНБУРГ - СЕРОВ (Online); Энергия из отходов. Мусоросжигательный завод; Инцидент Россия; WNT"
singerbar.moscow,138493192,Olenka,Mukhina,Женский,31.0,Moscow,,,,,,,,,,,,,,,,,,
singerbar.moscow,138544811,Nikita,Borovin,Мужской,27.0,Moscow,,Москва,1.0,,,,Школа № 1900,,"Я очень разносторонний человек, чтобы не держать сильную интригу, я, например, люблю играть на гитаре, могу иногда что-нибудь нарисовать, поиграть в компутер, однако это лишь малая часть всех моих интересов","разная, слушаю почти все, но нравится лишь немногое","Много. Люблю творчество Нолана. Например, один из любимых «Бэтмен Темный рыцарь»","Галилео (которое уже не идёт), возможно, ещё что-то, но больше ничего не приходит в голову",Художественные книги читаю редко по разным причинам. Из последних понравилась: «Таинственная история Билли Миллигана» Дэниела Киза,"За последние пятнадцать лет, пожалуй, единственное достойное произведение в игроиндустрии - «Ведьмак 3 Дикая охота» со всеми длс. Может ещё «The last of us», но это спорно","Рассказать могу много, но не каждому человеку.","""Если бы от выборов что-то зависело, то нам бы не позволили в них участвовать"" М. Твен

""Искренним быть неопасно, тем более если вы вдобавок глупы"". Б. Шоу.

""Если мой сосед бьет свою жену ежедневно, а я — никогда, то по статистике мы оба бьем свою жену через день"". Б. Шоу.

""Деньги — это не главное в жизни. Но не забудьте ими обзавестись, прежде, чем сказать такую глупость"".  
Б.Шоу.

Ecли вы нayчилиcь нe oбижaтьcя, этo знaчит, чтo вы нayчилиcь cмoтpeть в cepдцe дpyгoгo. 
 © Aмy Moм",318.0,"MDK; ЁП; Литература | Великие поэты; Видео Долбоёба; СберКот; 4ch; IGM; VK Фитнес; На Случай Важных Переговоров; Пикабу; История|History; Дзен; Юмор Шрёдингера; ВПШ; Виктория Складчикова; Теория смеха; Комментатор от Бога; Мемуары ценителей научных мемов; Reddit; Смотри, что я нашел на AliExpress"
singerbar.moscow,138652148,Queen,Happy,Женский,,Moscow,,,,Show Business,,,,,,,,,,,,,2440.0,
singerbar.moscow,138977335,Evgenia,Tarnakina,Женский,,Tomsk,,,,"ТГПУ
",,,,,,,,,,,,,575.0,
singerbar.moscow,139215513,Dilara,Ibragimova,Женский,22.0,Sterlitamak,,,,Фотограф Красногорск Dilara Ibragimova,,,,,,,,,,,,,2733.0,"ВКонтакте; NETFLIX VK | Новинки кинo, сериалы, фильмы 2025; Литература | Великие поэты; VK Музыка; КЕКС; Телеканал ТНТ; Наука и Техника; ИМПЕРИЯ КИНО | НОВИНКИ 2025; Рифмы и Панчи; Палата №6; Сарказм; НЕНОРМАЛЬНО; О блин! - Где блин? - Вон блин!; Леонардо - Чат Знакомства; ПОЗОР; Игры ВКонтакте; Бот Максим; MDK; Идеи вашего дома; • iFace"
singerbar.moscow,139343339,Polina,Badyraa,Женский,,Kyzyl,,,,"КемГУ
",,,,,,,,,,,,,391.0,
singerbar.moscow,139349268,Anna,Kolesnikova,Женский,,Moscow,,,,,,,,,,,,,,,,,,
singerbar.moscow,139380954,Ivan,Bakanov,Мужской,,Moscow,,,,ВГИК,,,,,,,,,,,,,358.0,
singerbar.moscow,139439831,Tor,Gorely,Мужской,25.0,Moscow,,,0.0,МГТУ им. Н. Э. Баумана (бывш. МВТУ),,МГТУ им. Н. Э. Баумана (бывш. МВТУ),,,,,,,,,,,363.0,"Леонардо Дайвинчик; Наука и Техника; Я тебя хочу; Психология человека; Видео Долбоёба; Академия Порядочных Парней; Comedy Club; Клубная музыка; ЯЖЕВОДИТЕЛЬ; FULL PLEASE; Темная сторона; PARTY HARD (gif & video); VK Фитнес; Наука, Техника и Нейросети; МАТЧ ТВ; RAY; Marmok; Правильные Мысли; Секреты Жизни  | Советы; UFC & MMA"
singerbar.moscow,139492292,Alyona,Tretyakova-Kurpyakova,Женский,34.0,Elets,,,,ЕГУ им. Бунина,,,,,,,,,,,,,831.0,Я 🩷 КИНО; ПРИКОЛЫ | Смеяка; КИНОМАНИЯ | Фильмы и сериалы; Литература | Великие поэты; Cook Good - лучшие рецепты; Идеи дизайна интерьера; ИМПЕРИЯ КИНО | НОВИНКИ 2025; Рецепты l В домашних условиях l На зиму; Леонардо - Бот Знакомства; БОРЩ; Убойные приколы; Сарказм; Улетные приколы; Я в шоке!; 0% жирности; Простые рецепты; Begin English. Английский язык для всех; 90-60-90 | Спортивные девушки; Смешно До Боли ツ; Просто Вкусно
singerbar.moscow,139749616,Alina,Altybaevna,Женский,32.0,,,,,ГУЗ,,,,,,,,,,,,,,
singerbar.moscow,139960160,Alyona,Kolesnikova,Женский,,Moscow,,,,МГПУ (бывш. МГПИ),,,,,,,,,,,,,,
singerbar.moscow,139980175,Anna,Goncharova,Женский,,Moscow,,,,НИУ БелГУ,,,,,,,,,,,,,551.0,
singerbar.moscow,140054611,Olga,Chaplanova,Женский,33.0,Moscow,,,,СамГМУ,,,,,,,,,,,,,528.0,
singerbar.moscow,140105428,Tatyana,Pivovarova,Женский,,Moscow,,,,ВолгГАСУ,,,,,,,,,,,,,203.0,
singerbar.moscow,140128654,Aglaya Anna,Ovsyannikova,Женский,,Odintsovo,,,,"клуб ""Империя Х""",,,,,,,,,,,,,3811.0,
singerbar.moscow,140474904,Denn,Orlov,Мужской,26.0,Egoryevsk,,,,,,,,,,,,,,,,,,
singerbar.moscow,140595270,Zoya,Chulkova,Женский,74.0,Kirov,,тамбовская область инжавинский район,4.0,,,,,,"Участница ансамбля песни и танца""Казаки Вятки""и ансамбля ""Россияночка"".","Эстрада, народный фольклор, шансон...",,,,,,,405.0,ЧЕШУЯ; LIFE.ru; Лайфхакнутая; Модные Прически; Моя дача; Клуб кулинаров | Рецепты | Советы; Женские хитрости; Фитнес Кухня; Кончик: капелька смеха!; Современная Хозяйка; Мой дом. Санкт-Петербург; Дачница; След Времени!; Голос; Я - Пенсионер; Ай да хозяюшка | Рецепты | Хитрости | Лайфхаки; Уматная Матильда; Школа цветоводства. Наш дом всегда в цветах.; Дачный вопрос; Шикарные прически. Макияж
singerbar.moscow,141181115,Tolyan,Tsarev,Мужской,,Rostov-on-Don,,,,,,,,,,,,,,,,,,
singerbar.moscow,141277907,Elena,Patlina,Женский,,Moscow,,,,МГУДТ,,,,,,,,,,,,,,
singerbar.moscow,141357345,Alexander,Alexandrov,Мужской,33.0,Moscow,,Этот город самый лучший город на земле,7.0,+18 Запретная история,,АПИ при ИГиП РАН,,,,,,"Остаться в живых 🔥Под куполом, И конечно зависит от компании, границу таёжный роман можно посмотреть было бы с кем 😉",Ремарк,"Футбол, баскетбол, настольный, теннис, волейбол, шахматы, два касания и конечно ролевые 🤙","Никто не остался равнодушным , после знакомства со мной )",Мы рождены чтобы сказку сделать былью,626.0,
singerbar.moscow,141380238,Roman,Kharlanov,Мужской,,Vidnoe,,,,МГУ,,,,,,,,,,,,,3851.0,
singerbar.moscow,141573717,Raksha,Budhan,Мужской,115.0,Sevastopol,,,,РУДН,,,,,,,,,,,,,423.0,
singerbar.moscow,141588172,Svetlana,Ulitina,Женский,,Moscow,,,,,,,,,,,,,,,,,335.0,"Фильмы 2025 Новинки кино онлайн Игра в кальмара; Литература | Великие поэты; Cook Good - лучшие рецепты; AliExpress; Лайфхакерша; Шальная Императрица; Палата 69; Книги; Словарный запас; KUDAGO: Москва; Сферум; Москва. Главное!; КНИГИ; НОВИНКИ МУЗЫКИ 2025; STYLE GUIDE; Антиваниль: любви нет, товарищи. Трахайтесь!; Образование.  ENGLISH версия | Английский язык; СЛУШАТЬ НОВИНКИ МУЗЫКИ 2024; Москва Бесплатная; плёнка"
singerbar.moscow,141785798,Denis,Chigushov,Мужской,33.0,Moscow,,,,,,,,,,,,,,,,,1417.0,ЁП; Корпорация зла; MOTOR | Автомобили и ДТП; Я тебя хочу; Достойные фильмы; Я тебя люблю; Я хочу...; AUTO; • iFace; Лепрозорий; Мужской рай; Best Video; AliExpress; Шедевры Кино | Фильмы 2025 |  | Новые Фильмы; Безопасность; Мультфильмы 2025; Интересные Факты; UFC & MMA; Центр событий; Mash | Мэш
singerbar.moscow,142177688,Konstantin,Aminov,Мужской,,Moscow,,,,,,,,,,,,,,,,,,
singerbar.moscow,142246515,Boris,Ayvazyan,Мужской,28.0,Moscow,,,,,,,,,,,,,,,,,,
singerbar.moscow,142569894,Alexey,Evstratov,Мужской,39.0,Moscow,,,,ВТУ МО РФ,,,,,,,,,,,,,,
singerbar.moscow,142996807,Anastasia,Igorevna,Женский,,Moscow,,,,УВД по ЗАО ГУ МВД России по г. Москве,,,,,,,,,,,,,,
singerbar.moscow,143215080,Marina,Mishina,Женский,33.0,,,,,,,,,,,,,,,,,,,
singerbar.moscow,143265974,Rayde,Jana,Мужской,,Moscow,,,,ВГИК,,,,,,,,,,,,,264.0,
singerbar.moscow,143302236,Lia,Guchepsheva,Женский,28.0,Moscow,,,,,,,,,,,,,,,,,1450.0,
singerbar.moscow,143784720,Vage,Gevorkyan,Мужской,33.0,,,,,,,,,,,,,,,,,,1093.0,
singerbar.moscow,143879655,Pavel,Nikitin,Мужской,28.0,Moscow,,,,РГУ нефти и газа (НИУ) им. И. М. Губкина,,,,,,,,,,,,,,
singerbar.moscow,143947404,Stefan,Scherbakov,Мужской,27.0,Moscow,,,,Щербаков Стефан,,,,,,,,,,,,,477.0,ВКонтакте; Леонардо Дайвинчик; Я 🩷 КИНО; ПРИКОЛЫ | Смеяка; Фильмы 2025 Новинки кино онлайн Игра в кальмара; VK Музыка; Телеканал ТНТ; Красиво сказано . . .; Палата №6; Леонардо - Бот Знакомства; Убойные приколы; Чёткие приколы; Сарказм; Шедевры кулинарии| Вкусные рецепты; RECORD; Улетные приколы; LIVE; Убойный юмор; Comedy Club; МЕМЫ
singerbar.moscow,144004111,Sergey,Rodionov,Мужской,,Moscow,,москва,0.0,,,,Гимназия № 3,,,,,,,,,,221.0,ЁП; Корпорация зла; Сарказм; Лепра; Science|Наука; IGM; СМС приколы :D; Шедевры рекламы; Заброшенное; Дзен; Интересные Факты; • Анекдоты; Что-то пошло не так!; ХОХОТАЛО; journal minimalism; ART BOX; Корпорация Смеха; Красивые девушки; HD Кино Просмотр; Замедленная съемка | Gif
singerbar.moscow,144053668,Nastyonochka,Utkina,Женский,,Moscow,,,,,,,,,,,,,,,,,,
singerbar.moscow,144159581,Mila,Ivannikova,Женский,49.0,Lipetsk,,Грязи,0.0,НЛМК,,,,,,,,,,,,,459.0,"ВКонтакте; Фильмы 2025 Новинки кино онлайн Игра в кальмара; Наука и Техника; Психология отношений; С нами стыдно, зато весело!; Психология; СберКот; Простые рецепты; VK Фитнес; КТО сверху; Ларису Ивановну Хачу!; Статусы цитаты; SOKOLOV; На все руки; Зачеркни прошлое; Фильмы, основанные на реальных событиях; Прически | Стрижки 💇 Окрашивания; Наше [18+]; 585 Золотой; Психология"
singerbar.moscow,144306835,Anna,Kubkova,Женский,29.0,Ryazan,,,,"РИЭ СПбУТУиЭ (бывш. САУ, СПбАУЭ РФ)",,,,,,,,,,,,,517.0,"НОВАЯ МУЗЫКА — Популярные Песни; Я ★ КИНОМАН | Фильмы, сериалы, кино 2025; Литература | Великие поэты; Телеканал ТНТ; Интересные факты; Открытки Поздравления Пожелания С Днём Рождения; Лепра; Лучшие Мультфильмы 2025 | Мультики; Comedy Club; Шпильки | Женский Журнал; Клубная музыка; 0% жирности; Фабрика идей; Европа Плюс; Begin English. Английский язык для всех; Лепрозорий; СМС приколы :D; Леонардо - Знакомства; Маникюр 2025 | Дизайн ногтей; Музыка"
singerbar.moscow,144337845,Alexey,Zinovyev,Мужской,,Lukhovitsy,,,,МГАФК (Мосспортакадемия),,,,,,,,,,,,,,
singerbar.moscow,144457595,Ekaterina,Gerzhavka,Женский,31.0,Orsk,,,,ФГБУ ФКЦ ВМТ  ФМБА РОССИИ,,,,,,,,,,,,,,
singerbar.moscow,144682080,Lexey,Nordov,Мужской,,Moscow,,,,Федеральный центр мозга  и нейротехнологий,,,,,,,,,,,,,5114.0,
singerbar.moscow,144772505,Yura,Chubko,Мужской,33.0,Moscow,,Луцьк,6.0,,,,,,"Формула1, гранпри 24 чеса, рали",,Форсаж,,,,,,320.0,"ВКонтакте; НОВАЯ МУЗЫКА — Популярные Песни; КиноКайф - Лучшие фильмы; Я 🩷 КИНО; MDK; Киномания ► Новинки мира кино; ПРИКОЛЫ | Смеяка; КИНОМАНИЯ | Фильмы и сериалы; ЁП; Я ★ КИНОМАН | Фильмы, сериалы, кино 2025; NETFLIX VK | Новинки кинo, сериалы, фильмы 2025; Фильмы 2025 Новинки кино онлайн Игра в кальмара; Корпорация зла; Литература | Великие поэты; VK Музыка; КЕКС; MOTOR | Автомобили и ДТП; Смейся до слёз :D; Cook Good - лучшие рецепты; Четкие Приколы"
singerbar.moscow,144822866,Maria,Voskresenskaya,Женский,,Moscow,,,,Дворец творчества «Восточный»,,,,,,,,,,,,,334.0,
singerbar.moscow,144909698,Nikolay,Chernenko,Мужской,,Moscow,,Горловка,0.0,,,,Школа № 6,,,,,,,,,,345.0,РИА Новости; Павел Воля; Книги; Вечерний Ургант; Синьхуа Новости | Xinhua News; Новости Первого канала; ВЕСТИ; Галилео | Чудо Инженерии; Москва 24; НТВ; Сводки СВО | Армия | Россия; Сводки от ополчения Новороссии; Бесогон; Кеосаян daily; Бастрыкин Александр Иванович; Город Москва; Москва online; Пранкеры Вован и Лексус; Ростех; ДТП и ЧП | Москва и МО | МСК
singerbar.moscow,144914924,Viktoria,Scherbakova,Женский,,Moscow,,,,,,,,,,,,,,,,,,
singerbar.moscow,144939046,Darya,Frolova,Женский,,,,,,СТД «Петрович»,,,,,,,,,,,,,544.0,
singerbar.moscow,144962980,Alla,Odegova,Женский,,Moscow,,,,МПГУ (бывш. МГПИ им. Ленина) (до 2015),,,,,,,,,,,,,568.0,"ЧБД; Идеи для творчества и подарков своими руками; ИДЕИ для творчества; Музыка 2025; Интересная Москва 𝄞 VPN; KUDAGO: Москва; Поделки идеи своими руками; мам ну не читай; Немецкий язык; ИНТЕРЕСНЫЕ ФАКТЫ; 8 800 100 9876 Горячая линия Микрохирургия глаза; индаха́ус; Оркестр CAGMO Cinema Anime Game Music Orchestra; LOOK CONSTRUCTOR; Стильные Находки Wildberries; Мода Метро Москвы | Подслушано; Кругосветка за 2 зарплаты. Waking Travel; Москва Бесплатная; ЕВРОВИДЕНИЕ • Eurovision Song Contest; Гранты,стипендии,стажировки! Обучение за рубежом"
singerbar.moscow,144997661,Dmitry,Lisitsky,Мужской,33.0,Balashikha,,Железнодорожный,0.0,,,,,,,,,,,,,,1411.0,"ВКонтакте; Леонардо Дайвинчик; НОВАЯ МУЗЫКА — Популярные Песни; КиноКайф - Лучшие фильмы; Я 🩷 КИНО; MDK; Киномания ► Новинки мира кино; ПРИКОЛЫ | Смеяка; КИНОМАНИЯ | Фильмы и сериалы; ЁП; Я ★ КИНОМАН | Фильмы, сериалы, кино 2025; NETFLIX VK | Новинки кинo, сериалы, фильмы 2025; Фильмы 2025 Новинки кино онлайн Игра в кальмара; Корпорация зла; Литература | Великие поэты; VK Музыка; Телеканал ТНТ; MOTOR | Автомобили и ДТП; Cook Good - лучшие рецепты; Четкие Приколы"
singerbar.moscow,145357718,Dima,Yakovlev,Мужской,,Buchenwalde,,,,,,,,,,,,,,,,,,
singerbar.moscow,145429201,Anastasia,Dobraya,Женский,,Moscow,,,,Авто сигнализации/ Автооптика и доп.оборудование,,,,,,,,,,,,,,
singerbar.moscow,145525212,Elena,Eryomenko,Женский,,Moscow,,,,,,,,,,,,,,,,,461.0,"КиноКайф - Лучшие фильмы; Я 🩷 КИНО; MDK; Фильмы 2025 Новинки кино онлайн Игра в кальмара; Литература | Великие поэты; MOTOR | Автомобили и ДТП; Идеи дизайна интерьера; МХК; Овсянка, сэр!; Я тебя хочу; В приколе (18+); Рифмы и Панчи; NR; Лепра; ТОПОР; Я в шоке!; 4ch; Science|Наука; Begin English. Английский язык для всех; Школа ремонта"
singerbar.moscow,145597116,Reshat,Ergashev,Мужской,,Kazan,,,,музыкально-пластический моно спектакль ЦОЙ!,,,,,,,,,,,,,3185.0,Я 🩷 КИНО; Бумажный кораблик; 5 умных мыслей; Палата №6; Лучшие Мультфильмы 2025 | Мультики; анекдотов.net; Знаете ли Вы?; Безопасность; Wildberries №1 | Находки с WB; Улётный Юмор; Мультики 2025; Безумные приколы; Школа кулинарии | Вкусные рецепты; Упоротый юмор; Восемнадцать плюс; В деревню к бабушке!; Дурь в голове; Главная Дорога; Клуб Автомобилистов; Певица Нюша / Nyusha
singerbar.moscow,145721241,Ekaterina,Kravchenko,Женский,,Moscow,,,,Наша Москва,,,,,,,,,,,,,1166.0,ВКонтакте; НОВАЯ МУЗЫКА — Популярные Песни; MDK; ПРИКОЛЫ | Смеяка; КИНОМАНИЯ | Фильмы и сериалы; Телеканал ТНТ; MOTOR | Автомобили и ДТП; Бумажный кораблик; Рецепты l В домашних условиях l На зиму; NR; Леонардо - Бот Знакомства; НЕ ПОВЕРИШЬ!; Фильмы; НЕНОРМАЛЬНО; Я хочу...; анекдотов.net; Анекдоты; Правда жизни; Полный Бак; Темная сторона
singerbar.moscow,145976158,Natalia,Shpak,Женский,32.0,Moscow,,,,,,,,,,,,,,,,,1552.0,
singerbar.moscow,145977851,Yuliya,Bictova,Женский,,Moscow,,,,Москва,,,,,,,,,,,,,,
singerbar.moscow,146404602,Irina,Gusarova,Женский,,,,,,,,,,,,,,,,,,,165.0,
singerbar.moscow,146507349,Irina,Irina,Женский,,Moscow,,,,Сбер,,,,,,,,,,,,,978.0,
singerbar.moscow,146632736,Yunona,Star,Женский,,Moscow,,,,Шоу-бизнес,,,,,,,,,,,,,1894.0,"Я ★ КИНОМАН | Фильмы, сериалы, кино 2025; ИМПЕРИЯ КИНО | НОВИНКИ 2025; Фильмы; Шпильки | Женский Журнал; Begin English. Английский язык для всех; Статусы цитаты; Омар Хайям и другие великие философы; M O D A; Шедевры рекламы; Это Россия, детка; Женские секреты; МУЗ-ТВ; Психология о жизни; Думай и Богатей; Телеканал ПЯТНИЦА!; RELAX ▲; Телеканал РОССИЯ 1; ОБРАЗ ЖИЗНИ|психология,отношения,общество|цитаты; Женские шту́чки; Омар Хайям и другие великие философы"
singerbar.moscow,146654317,Yanka,Prokhorenko,Женский,,Moscow,,,,,,,,,,,,,,,,,,
singerbar.moscow,146744611,Vitaly,Shamanov,Мужской,36.0,Moscow,,усолье сибирское,4.0,SHamanoV band,; ,,Центр образования «Альянс» (бывш. шк. 1),уличный музыкант.. занимаюсь своим делом,"Музыка. Вокал, гитара, баян, клавиши, аранжировки, шоу, бас-гитара. Техника(авто- мото-  спортивные и ретро)Художественная литература разного времени","рок, блюз, джаз, классика, американско-британская попса, зарубежная дискотека 80х. infected mashroom. Качественная попса. Качественная электроника. Маккартни, . Бард-рок, да и вообще все охуенное))","сумерки. амели. куда приводят мечты. заводной апельсин. перекрёсток(о блюзе), и еще много фильмов с Дикаприо и Джиммом Керри",kutstupid,"заводной апельсин. красная комната. Идиот(достоевский), моя жена ведьма(белянин), Камасутра, журнал За Рулем, Братья Карамазовы(Достоевский), Война и мир (Толстой), сказки Дмитрия Гайдука",Жизнь,"я тот, для кого еще не умер рок-н-ролл","острота слова не отображает остроту ума.

Люди настолько глупы, что не в силах понять свои собственные глупости.

люди настолько глупы, что не в силах понять насколько они умны

не бывает несчастных людей ,у каждого человека есть выбор быть ему счастливым или нет

Человек не имеющий музыкального слуха никогда не сможет научиться играть музыку, так как только глухой с рождения может его не иметь, да и то лишь без слухового аппарата",2157.0,"VK Музыка; Наука и Техника; RECORD; Улетные приколы; 5 интересных фактов; Comedy Club; Я в шоке!; Полный Бак; Ларису Ивановну Хачу!; Безопасность; Юмор Шрёдингера; Наука и факты | Что будет, если...?; Как такое возможно?; Павел Воля; послание; Вкусные домашние рецепты; Делать нечего в селе, мы сидим навеселе; Бизнес Инфо; ЗА РУЛЕМ; Мир Discovery"
singerbar.moscow,146892812,Alyona,Babinskaya,Женский,53.0,Grodno,,,,,,,,,,,,,,,,,440.0,"КиноКайф - Лучшие фильмы; Я 🩷 КИНО; КИНОМАНИЯ | Фильмы и сериалы; NETFLIX VK | Новинки кинo, сериалы, фильмы 2025; Смейся до слёз :D; С нами стыдно, зато весело!; Хитрости жизни; Откровенно женский; СМС приколы; На все руки; Я же сама архитектор; Фильмы, основанные на реальных событиях; Делать нечего в селе, мы сидим навеселе; Моя квартира; Уроки красоты | 2025 Video; Пятёрочка; Злой Гений; Раневская.LIVE; Лихие 90-е; Модные Прически"
singerbar.moscow,146961089,DELETED,,Мужской,,Moscow,,,,,,,,,,,,,,,,,,
singerbar.moscow,147007170,Ivan,Tretyakov,Мужской,,,,,1.0,,,,,,Танцы,Industrial metal,"1) Дом, который построил Джек 2) Престиж 3) Бэтмэн: Начало 4) Бёрдмэн","Больница Никербокер, Тьма","Серия книг Эпоха мертвых, манга Берсерк, комикс ходячие мертвецы","Настольные: Нечто, Activity, D&D IRL: Теннис, баскетбол",Очень добрый параноик :D,"""Мы, люди, хрупкие и смертные. Однако, даже когда нас ранят или мучат, в нас всё равно не угасает жажда жизни."" - Berserk, Gatsu

""I don’t want to be a superhero
Never really cared about society
I don’t want to be a superhero
I don’t care so don’t call me"" - The Misfits

""Лечебные чары - побочные эффекты: сухость во рту, тошнота, рвота, зуд, галлюцинации, потеря рассудка, кома и... смерть. Ну что ж... попробуем.""",146.0,
singerbar.moscow,147039288,Denis,Khraban,Мужской,29.0,Balashikha,,,,Студент,,,,,,,,,,,,,189.0,
singerbar.moscow,147235702,Artyom,Nevmerzhitsky,Мужской,,Moscow,,,,УрФУ им. первого Президента России Б. Н. Ельцина,,,,,,,,,,,,,,
singerbar.moscow,147292144,Oleg,Dergachyov,Мужской,,Ryazan,,,1.0,,,,Школа № 34,,,,,,,,,,131.0,"LIFE.ru; KUDAGO: Москва; Forbes; РБК; Apple | iPhone | iPad; Москва 24; ПостНаука; Музторг; ГидОнлайн; Телеканал ""Россия-Культура""; Новости Рязани ВКонтакте; Работа свежие вакансии; Rendez-Vous (Рандеву); CASTLE ROCK; #гитарист; ГЛАВCLUB; Яндекс Браузер; Ваш Досуг | Москва | vashdosug.ru; Концерты TCI; Уроки игры на гитаре || Уроки гитары Первый Лад"
singerbar.moscow,147512507,Masha,Apasova,Женский,,Moscow,,,,МГЮА им. О. Е. Кутафина,,,,,,,,,,,,,,
singerbar.moscow,147850881,Abakar,Bagomedov,Мужской,,Moscow,,,,РХТУ им. Д. И. Менделеева,,,,,,,,,,,,,817.0,
singerbar.moscow,147956578,Vitaly,Alexandrov,Мужской,43.0,Moscow,,,,Шиномонтаж Пит-Стоп24,,,,,,,,,,,,,3684.0,
singerbar.moscow,147960808,Ali,Sharipov,Мужской,,Moscow,,,,ИЭиК,,,,,,,,,,,,,272.0,"КиноКайф - Лучшие фильмы; Я 🩷 КИНО; Киномания ► Новинки мира кино; Я ★ КИНОМАН | Фильмы, сериалы, кино 2025; NETFLIX VK | Новинки кинo, сериалы, фильмы 2025; Фильмы 2025 Новинки кино онлайн Игра в кальмара; HD Кино - Фильмы онлайн 2025; Музыка; Лучшие Комедии 2025; НЕ ПОВЕРИШЬ!; Фильмы; Игры ВКонтакте; ЯЖЕВОДИТЕЛЬ; Science|Наука; Новинки кино; Шедевры Кино | Фильмы 2025 |  | Новые Фильмы; МАТЧ ТВ; Своими руками. Новинки; НОВИНКИ КИНО 2025 НОВЫЕ ФИЛЬМЫ; Это Россия, детка"
singerbar.moscow,148142009,DELETED,,Женский,,Voronezh,,,,РГУП (бывш. РАП ВФ),,,,,,,,,,,,,,
singerbar.moscow,148257220,Irina,Panina,Женский,,Moscow,,,,Факультет среднего профессионального образования (колледж) ККИ РУК,,,,,,,,,,,,,189.0,"Здоровое тело. Мы за здоровый образ жизни; Секреты здоровья. О чем молчат врачи.; Родник Здоровья | Фитнес Стиль; Street Styler | мода; Вокруг света; С Ч А С Т Л И В А Я; Гриль - Мужская Кухня; Михаил Лабковский Психолог; Бизнес Идеи!; Приколы от кота Бориса; Авиасейлс; Фотографы | Фотоидеи; Sony Pictures; Ateo; Модные луки, образы одежды. Стильные сеты. Мода.; Путешествия. Туризм. Отдых.; ASOS; Красота меняет настроение; Travelbelka.ru - авиабилеты, туры, отели; Горящие туры и путешествия | LuckyWings.ru"
singerbar.moscow,150201690,Andrey,Dj.s,Мужской,,Moscow,,,,Там где наши пляски запрещены))),,,,,,,,,,,,,,
singerbar.moscow,150432679,Nikita,Bikeev,Мужской,29.0,Donetsk,,,,,,,,,,,,,,,,,678.0,"Интересные факты; Достойные фильмы; Психология человека; 5 интересных фактов; Знакомства - Анонимный чат; Словарный запас; Begin English. Английский язык для всех; Пикабу; Великие Слова | Цитаты и Афоризмы; LIFE.ru; Интересная планета - путешествия, туризм; Фильмы, основанные на реальных событиях; Здоровое тело. Мы за здоровый образ жизни; Traveler - Путешествия и туризм; Интересные Факты; Павел Воля; Мое здоровье; Английский язык; Почему я этого не знал?; Практическая психология"
singerbar.moscow,150723809,Natalya,Rezvykh,Женский,,Moscow,,,,РГППУ,,,,,,,,,,,,,428.0,"Я 🩷 КИНО; Корпорация зла; Cook Good - лучшие рецепты; 5 умных мыслей; Шедевры кулинарии| Вкусные рецепты; 5 интересных фактов; Игра ""Сокровища Пиратов"" - официальная группа; Шпильки | Женский Журнал; 0% жирности; Простые рецепты; Science|Наука; Идеи вашего дома; Школа ремонта; Записки шеф-повара; Откровенно женский; Маникюр | Ногти | Педикюр | 2025; theend.; Шедевры рекламы; Интересная планета - путешествия, туризм; Прически | Стрижки 💇 Окрашивания"
singerbar.moscow,150743726,Anton,Kultashev,Мужской,,,,,,ИжГСХА,,,,,,,,,,,,,,
singerbar.moscow,150755251,Viktoriya,Delyanova,Женский,33.0,,,,,,,,,,,,,,,,,,,
singerbar.moscow,150788685,Andrey,Kozlov,Мужской,38.0,Vitebsk,,,,БГСХА,,,,,,,,,,,,,648.0,"ВКонтакте; Я 🩷 КИНО; КИНОМАНИЯ | Фильмы и сериалы; NETFLIX VK | Новинки кинo, сериалы, фильмы 2025; Фильмы 2025 Новинки кино онлайн Игра в кальмара; Kate Mobile; MOTOR | Автомобили и ДТП; HD Кино - Фильмы онлайн 2025; Овсянка, сэр!; Достойные фильмы; С нами стыдно, зато весело!; Убойные приколы; Академия Порядочных Парней; Золотые руки | Строительство и ремонт; iFeed; ЯЖЕВОДИТЕЛЬ; Характер; Черный юмор; Лепрозорий; Новинки кино"
singerbar.moscow,150931811,Mikhail,Zakharov,Мужской,,Moscow,,,,,,,,,,,,,,,,,,
singerbar.moscow,151130492,Nina,Ninina,Женский,,Moscow,,,,,,,,,,,,,,,,,,
singerbar.moscow,151215636,Antosha,Khoroshy,Мужской,,,,,,,,,,,,,,,,,,,416.0,
singerbar.moscow,151272653,Lyudmila,Kuchenkova,Женский,,Moscow,,,0.0,,,,Школа № 5,,,,,,,,,,287.0,"Леонардо - Бот Знакомства; Фабрика идей; Лайфхакерша; Виктория Складчикова; ЗШ; Книги; Семья . Дети . Отношения  -  Незабываемая; Дизайн & Декор; E.squire; Дом рукоделия. Handmade, дизайн и декор; Книги; Новости RT на русском; Мир Дизайна; Саша Белькович РЕЦЕПТЫ / ПРОСТО КУХНЯ; Мамы и папы ● Дети ● Доктор педиатр ● мама; Почему? Повышаем IQ; Образовательный журнал со вкусом; Дизайн Интерьера 2025; WILDBERRIES; Дизайн интерьера"
singerbar.moscow,151643931,Katerina,Mayorova,Женский,,Moscow,,,,,,,,,,,,,,,,,,
singerbar.moscow,152005884,Lena,Lankina,Женский,,Moscow,,,,ИРТ (до 2017),,,,,,,,,,,,,2677.0,Киномания ► Новинки мира кино; 0% жирности; Кинопоиск; Слова Великих людей; ZAYCEV.NET; ВКонтакте для бизнеса; Злые мысли человечества.; veydi_rush; Эзотерика; Мир Discovery; ЗВЁЗДНЫЕ ТАНЦЫ; Артемий Лебедев; Голос; Стартапы и бизнес; LOOKBOOK | Street style; Traveler's blog; NЮ | Николаенко Юрий; Мантра; Дачные хитрости; Здоровье и Долголетие
singerbar.moscow,152090591,Anton,Gross,Мужской,,Moscow,,Москва,0.0,ВШДСИ при РАТИ (ГИТИС),,"АГИК (бывш. АлтГАКИ, АГИИК); ВШДСИ при РАТИ (ГИТИС)",,,,,,,,,"Актёр театра и кино, певец, краш Тамары69 и твоей бабушки 🎬🎤🤩",,809.0,"Я 🩷 КИНО; ПРИКОЛЫ | Смеяка; КИНОМАНИЯ | Фильмы и сериалы; NETFLIX VK | Новинки кинo, сериалы, фильмы 2025; Фильмы 2025 Новинки кино онлайн Игра в кальмара; Корпорация зла; VK Музыка; Телеканал ТНТ; Cook Good - лучшие рецепты; Злой Чаплин; Чисто поржать; Грубо? Простите.; Психология Джокера; Улыбнуло; Центр событий; Психология Тишины; Виктория Складчикова; Короче; Книги; ЗА РУЛЕМ"
singerbar.moscow,152178961,Milana,Kabysova,Женский,,Moscow,,,,МИУ (ЯФ),,,,,,,,,,,,,466.0,
singerbar.moscow,152240639,Alexandr,Shklyarov,Мужской,36.0,Moscow,,,,СФГА (НОУ СГИ),,,,,,,,,,,,,,
singerbar.moscow,152306641,Dmitry,Apakidze,Мужской,49.0,Korolyov,,Сухуми,1.0,,,,,,,рок музыка!!,,,,,НОРМАЛЬНЫЙ И АДЕКВАТНЫЙ ЧЕЛ!,,669.0,
singerbar.moscow,152520834,Nikolay,Neizvestny,Мужской,,Moscow,,,,ВКА им. Можайского,,,,,,,,,,,,,,
